game_id,game_num,home_team,away_team,home_win,home_win_prob,away_win_prob,pred_home_win_prob,pre_home_rating,pre_away_rating,post_home_rating,post_away_rating
game_1,1,thailand,pakistan,0,0.5573116337622928,0.44268836623770724,0.5573116337622928,1500.0,1500.0,1497.0163089722819,1502.9836910277181
game_2,2,france,morocco,1,0.5573116337622928,0.44268836623770724,0.5573116337622928,1500.0,1500.0,1501.8097696665964,1498.1902303334036
game_3,3,peru,iceland,1,0.5573116337622928,0.44268836623770724,0.5573116337622928,1500.0,1500.0,1502.4494998315472,1497.5505001684528
game_4,4,mongolia,saudi_arabia,0,0.5573116337622928,0.44268836623770724,0.5573116337622928,1500.0,1500.0,1498.0402670391418,1501.9597329608582
game_5,5,usa,guatemala,1,0.5573116337622928,0.44268836623770724,0.5573116337622928,1500.0,1500.0,1500.5547808308527,1499.4452191691473
game_6,6,indonesia,new_zealand,0,0.5573116337622928,0.44268836623770724,0.5573116337622928,1500.0,1500.0,1497.233121522968,1502.766878477032
game_7,7,germany,rwanda,0,0.5573116337622928,0.44268836623770724,0.5573116337622928,1500.0,1500.0,1498.478882775341,1501.521117224659
game_8,8,china,singapore,0,0.5573116337622928,0.44268836623770724,0.5573116337622928,1500.0,1500.0,1498.569989449397,1501.430010550603
game_9,9,ethiopia,netherlands,1,0.5573116337622928,0.44268836623770724,0.5573116337622928,1500.0,1500.0,1502.6484429316704,1497.3515570683296
game_10,10,switzerland,kazakhstan,1,0.5573116337622928,0.44268836623770724,0.5573116337622928,1500.0,1500.0,1500.302764606508,1499.697235393492
game_11,11,panama,canada,1,0.5573116337622928,0.44268836623770724,0.5573116337622928,1500.0,1500.0,1503.9062890854925,1496.0937109145075
game_12,12,philippines,south_korea,1,0.5573116337622928,0.44268836623770724,0.5573116337622928,1500.0,1500.0,1500.26927521996,1499.73072478004
game_13,13,mexico,brazil,0,0.5573116337622928,0.44268836623770724,0.5573116337622928,1500.0,1500.0,1493.304784547903,1506.695215452097
game_14,14,oman,india,0,0.5573116337622928,0.44268836623770724,0.5573116337622928,1500.0,1500.0,1497.5197286562934,1502.4802713437066
game_15,15,uk,vietnam,0,0.5573116337622928,0.44268836623770724,0.5573116337622928,1500.0,1500.0,1498.9035204425331,1501.0964795574669
game_16,16,thailand,france,1,0.5504935735240726,0.4495064264759274,0.5504935735240726,1497.0163089722819,1501.8097696665964,1497.465174893484,1501.3609037453944
game_17,17,philippines,peru,1,0.554213073538369,0.445786926461631,0.554213073538369,1500.26927521996,1502.4494998315472,1502.4723263216079,1500.2464487298994
game_18,18,india,vietnam,1,0.5592759985707569,0.44072400142924306,0.5592759985707569,1502.4802713437066,1501.0964795574669,1504.8570322053827,1498.7197186957908
game_19,19,saudi_arabia,canada,1,0.5656257244173997,0.43437427558260033,0.5656257244173997,1501.9597329608582,1496.0937109145075,1503.8766549234713,1494.1767889518944
game_20,20,germany,iceland,1,0.5586297232001208,0.44137027679987917,0.5586297232001208,1498.478882775341,1497.5505001684528,1499.572577415097,1496.4568055286968
game_21,21,serbia,pakistan,1,0.5530701013702651,0.44692989862973487,0.5530701013702651,1500.0,1502.9836910277181,1504.0478305739098,1498.9358604538083
game_22,22,ethiopia,mongolia,1,0.5638458842967228,0.4361541157032772,0.5638458842967228,1502.6484429316704,1498.0402670391418,1504.912207294795,1495.7765026760171
game_23,23,uae,usa,1,0.5565235860937462,0.4434764139062538,0.5565235860937462,1500.0,1500.5547808308527,1500.6064511650748,1499.948329665778
game_24,24,oman,new_zealand,1,0.549847236172488,0.450152763827512,0.549847236172488,1497.5197286562934,1502.766878477032,1497.9200133221366,1502.3665938111887
game_25,25,brazil,uk,1,0.5683472424574217,0.43165275754257826,0.5683472424574217,1506.695215452097,1498.9035204425331,1507.0337077426443,1498.5650281519859
game_26,26,guatemala,rwanda,1,0.554361441629825,0.44563855837017496,0.554361441629825,1499.4452191691473,1501.521117224659,1502.7546980891166,1498.2116383046898
game_27,27,kazakhstan,morocco,1,0.5594508172368319,0.4405491827631681,0.5594508172368319,1499.697235393492,1498.1902303334036,1501.0894324716153,1496.7980332552804
game_28,28,switzerland,indonesia,0,0.5616666413421395,0.4383333586578605,0.5616666413421395,1500.302764606508,1497.233121522968,1498.9609762730279,1498.5749098564481
game_29,29,netherlands,singapore,1,0.5515118446204328,0.4484881553795672,0.5515118446204328,1497.3515570683296,1501.430010550603,1501.2380649062331,1497.5435027126994
game_30,30,mexico,south_korea,1,0.5481671192129925,0.45183288078700745,0.5481671192129925,1493.304784547903,1499.73072478004,1495.7869923457547,1497.2485169821882
game_31,31,uk,thailand,1,0.5588730822216983,0.4411269177783017,0.5588730822216983,1498.5650281519859,1497.465174893484,1500.715817549077,1495.3143854963928
game_32,32,pakistan,new_zealand,1,0.5524339169764875,0.44756608302351253,0.5524339169764875,1498.9358604538083,1502.3665938111887,1503.8990956806376,1497.4033585843595
game_33,33,oman,ethiopia,1,0.5473596510593347,0.4526403489406653,0.5473596510593347,1497.9200133221366,1504.912207294795,1499.222229448792,1503.6099911681397
game_34,34,iceland,saudi_arabia,0,0.5467496562456221,0.4532503437543779,0.5467496562456221,1496.4568055286968,1503.8766549234713,1495.4026267176243,1504.9308337345437
game_35,35,france,morocco,0,0.5637817466075865,0.4362182533924135,0.5637817466075865,1501.3609037453944,1496.7980332552804,1498.2460979161633,1499.9128390845115
game_36,36,indonesia,peru,0,0.5549364095792895,0.44506359042071053,0.5549364095792895,1498.5749098564481,1500.2464487298994,1495.8660409948993,1502.9553175914482
game_37,37,south_korea,serbia,1,0.547634723395872,0.45236527660412795,0.547634723395872,1497.2485169821882,1504.0478305739098,1499.490869098719,1501.805478457379
game_38,38,rwanda,panama,0,0.5492095497558032,0.45079045024419684,0.5492095497558032,1498.2116383046898,1503.9062890854925,1495.7742986282215,1506.3436287619609
game_39,39,kazakhstan,usa,1,0.5589316212572792,0.44106837874272076,0.5589316212572792,1501.0894324716153,1499.948329665778,1504.9640977564948,1496.0736643808984
game_40,40,singapore,mexico,0,0.5598047776072331,0.44019522239276687,0.5598047776072331,1497.5435027126994,1495.7869923457547,1494.4788878081586,1498.8516072502955
game_41,41,netherlands,china,1,0.5610974487166512,0.43890255128334876,0.5610974487166512,1501.2380649062331,1498.569989449397,1505.975451312881,1493.8326030427493
game_42,42,vietnam,brazil,0,0.5454738307745185,0.4545261692254815,0.5454738307745185,1498.7197186957908,1507.0337077426443,1490.2333245069565,1515.5201019314786
game_43,43,uae,canada,1,0.5664227238977987,0.4335772761022013,0.5664227238977987,1500.6064511650748,1494.1767889518944,1501.5204122941761,1493.262827822793
game_44,44,philippines,mongolia,1,0.5667989628209177,0.4332010371790823,0.5667989628209177,1502.4723263216079,1495.7765026760171,1504.5643627104027,1493.6844662872222
game_45,45,guatemala,switzerland,1,0.5626925587526398,0.4373074412473602,0.5626925587526398,1502.7546980891166,1498.9609762730279,1504.9658947706387,1496.7497795915058
game_46,46,panama,rwanda,0,0.5722655234468881,0.4277344765531119,0.5722655234468881,1506.3436287619609,1495.7742986282215,1505.129409293605,1496.9885180965773
game_47,47,morocco,ethiopia,1,0.5520546956203124,0.4479453043796876,0.5520546956203124,1499.9128390845115,1503.6099911681397,1502.3816510064473,1501.1411792462038
game_48,48,saudi_arabia,oman,1,0.5654030714562446,0.4345969285437554,0.5654030714562446,1504.9308337345437,1499.222229448792,1510.4749670477877,1493.678096135548
game_49,49,iceland,france,1,0.5532696120253363,0.4467303879746637,0.5532696120253363,1495.4026267176243,1498.2460979161633,1495.9618296678723,1497.6868949659154
game_50,50,china,netherlands,0,0.5400039758110966,0.4599960241889034,0.5400039758110966,1493.8326030427493,1505.975451312881,1490.6741531363764,1509.1339012192539
game_51,51,india,switzerland,1,0.5687928254333797,0.4312071745666203,0.5687928254333797,1504.8570322053827,1496.7497795915058,1505.1900593460323,1496.4167524508562
game_52,52,new_zealand,pakistan,1,0.5480676036919622,0.45193239630803783,0.5480676036919622,1497.4033585843595,1503.8990956806376,1499.5955773275343,1501.7068769374628
game_53,53,south_korea,uk,0,0.5555712562115651,0.4444287437884349,0.5555712562115651,1499.490869098719,1500.715817549077,1497.076153886944,1503.130532760852
game_54,54,germany,philippines,1,0.550211055972435,0.449788944027565,0.550211055972435,1499.572577415097,1504.5643627104027,1504.4526841792451,1499.6842559462546
game_55,55,serbia,peru,0,0.5556780094288595,0.4443219905711405,0.5556780094288595,1501.805478457379,1502.9553175914482,1499.009053088935,1505.7517429598922
game_56,56,brazil,guatemala,1,0.572244214232319,0.42775578576768103,0.572244214232319,1515.5201019314786,1504.9658947706387,1515.9310115743551,1504.5549851277622
game_57,57,vietnam,mongolia,1,0.5524048697066472,0.44759513029335285,0.5524048697066472,1490.2333245069565,1493.6844662872222,1491.4801245769727,1492.437666217206
game_58,58,usa,singapore,1,0.5595753410865598,0.4404246589134402,0.5595753410865598,1496.0736643808984,1494.4788878081586,1501.6781585335673,1488.8743936554897
game_59,59,thailand,kazakhstan,1,0.5435668130879657,0.45643318691203427,0.5435668130879657,1495.3143854963928,1504.9640977564948,1497.3548707970813,1502.9236124558063
game_60,60,canada,mexico,0,0.5493604305325905,0.45063956946740946,0.5493604305325905,1493.262827822793,1498.8516072502955,1491.6689736890087,1500.4454613840799
game_61,61,indonesia,uae,1,0.5492669544488754,0.4507330455511246,0.5492669544488754,1495.8660409948993,1501.5204122941761,1496.1840893614838,1501.2023639275917
game_62,62,guatemala,saudi_arabia,1,0.5488883927810597,0.4511116072189403,0.5488883927810597,1504.5549851277622,1510.4749670477877,1505.203393476282,1509.826558699268
game_63,63,new_zealand,serbia,1,0.5581444581586058,0.4418555418413942,0.5581444581586058,1499.5955773275343,1499.009053088935,1502.1903348248402,1496.414295591629
game_64,64,thailand,ethiopia,0,0.5519277765906598,0.44807222340934016,0.5519277765906598,1497.3548707970813,1501.1411792462038,1495.6487665465947,1502.8472834966904
game_65,65,india,rwanda,1,0.568925944085076,0.431074055914924,0.568925944085076,1505.1900593460323,1496.9885180965773,1505.9710807239958,1496.2074967186138
game_66,66,indonesia,pakistan,0,0.5494544731180179,0.45054552688198213,0.5494544731180179,1496.1840893614838,1501.7068769374628,1493.301299089287,1504.5896672096594
game_67,67,china,brazil,1,0.521204360493806,0.47879563950619397,0.521204360493806,1490.6741531363764,1515.9310115743551,1492.1124721316683,1514.4926925790633
game_68,68,south_korea,morocco,0,0.5497641008306896,0.4502358991693104,0.5497641008306896,1497.076153886944,1502.3816510064473,1496.041816238911,1503.4159886544803
game_69,69,switzerland,uk,1,0.5477566956013237,0.4522433043986763,0.5477566956013237,1496.4167524508562,1503.130532760852,1498.044223255334,1501.5030619563743
game_70,70,mexico,oman,0,0.5669000790686768,0.4330999209313232,0.5669000790686768,1500.4454613840799,1493.678096135548,1496.471279952415,1497.6522775672129
game_71,71,mongolia,usa,0,0.544151196482418,0.45584880351758195,0.544151196482418,1492.437666217206,1501.6781585335673,1488.6935231774505,1505.4223015733228
game_72,72,philippines,germany,1,0.5505292304787494,0.44947076952125065,0.5505292304787494,1499.6842559462546,1504.4526841792451,1501.6089881773014,1502.5279519481983
game_73,73,iceland,panama,0,0.544255306177779,0.45574469382222105,0.544255306177779,1495.9618296678723,1505.129409293605,1492.9598146390192,1508.131424322458
game_74,74,netherlands,france,1,0.5735017622176407,0.4264982377823593,0.5735017622176407,1509.1339012192539,1497.6868949659154,1511.8868204619098,1494.9339757232594
game_75,75,uae,kazakhstan,1,0.5548657341336312,0.44513426586636884,0.5548657341336312,1501.2023639275917,1502.9236124558063,1503.4853395490316,1500.6406368343664
game_76,76,vietnam,singapore,1,0.5610090654584764,0.4389909345415236,0.5610090654584764,1491.4801245769727,1488.8743936554897,1492.5127444454217,1487.8417737870407
game_77,77,peru,canada,1,0.5772087543976163,0.4227912456023837,0.5772087543976163,1505.7517429598922,1491.6689736890087,1507.6920586685283,1489.7286579803726
game_78,78,rwanda,uae,1,0.5469522257930612,0.45304777420693876,0.5469522257930612,1496.2074967186138,1503.4853395490316,1498.2695846647584,1501.423251602887
game_79,79,oman,china,1,0.5651642916672389,0.4348357083327611,0.5651642916672389,1497.6522775672129,1492.1124721316683,1500.017482905569,1489.747266793312
game_80,80,philippines,saudi_arabia,0,0.5456114369804508,0.4543885630195492,0.5456114369804508,1501.6089881773014,1509.826558699268,1500.1376162123938,1511.2979306641755
game_81,81,serbia,ethiopia,1,0.5481570709012454,0.45184292909875456,0.5481570709012454,1496.414295591629,1502.8472834966904,1497.1071514638022,1502.1544276245172
game_82,82,india,panama,1,0.5542413480823037,0.44575865191769626,0.5542413480823037,1505.9710807239958,1508.131424322458,1511.682906625122,1502.4195984213318
game_83,83,pakistan,switzerland,1,0.5665863994114306,0.43341360058856937,0.5665863994114306,1504.5896672096594,1498.044223255334,1506.9485492326176,1495.6853412323758
game_84,84,morocco,kazakhstan,0,0.5612495208854481,0.4387504791145519,0.5612495208854481,1503.4159886544803,1500.6406368343664,1500.3183457326882,1503.7382797561586
game_85,85,usa,uk,1,0.5628703454929227,0.4371296545070773,0.5628703454929227,1505.4223015733228,1501.5030619563743,1507.6970671612337,1499.2282963684634
game_86,86,indonesia,iceland,1,0.5577965578787717,0.4422034421212283,0.5577965578787717,1493.301299089287,1492.9598146390192,1495.453729096205,1490.8073846321013
game_87,87,south_korea,germany,1,0.548081293461094,0.451918706538906,0.548081293461094,1496.041816238911,1502.5279519481983,1497.0296501858675,1501.5401180012418
game_88,88,mexico,mongolia,1,0.5683275584225553,0.43167244157744467,0.5683275584225553,1496.471279952415,1488.6935231774505,1498.8410167675977,1486.3237863622678
game_89,89,guatemala,thailand,0,0.5708351524618531,0.4291648475381469,0.5708351524618531,1505.203393476282,1495.6487665465947,1498.9710596927387,1501.881100330138
game_90,90,canada,vietnam,1,0.5533541019474032,0.4466458980525968,0.5533541019474032,1489.7286579803726,1492.5127444454217,1495.4224142858975,1486.8189881398969
game_91,91,singapore,brazil,0,0.5192014244757062,0.48079857552429384,0.5192014244757062,1487.8417737870407,1514.4926925790633,1482.0920198914062,1520.2424464746978
game_92,92,new_zealand,netherlands,0,0.5435000110574914,0.45649998894250865,0.5435000110574914,1502.1903348248402,1511.8868204619098,1498.839424301939,1515.237730984811
game_93,93,peru,france,1,0.5753467473984893,0.42465325260151066,0.5753467473984893,1507.6920586685283,1494.9339757232594,1513.0062823743704,1489.6197520174173
game_94,94,thailand,india,1,0.5433495857077747,0.4566504142922253,0.5433495857077747,1501.881100330138,1511.682906625122,1502.8533672928374,1510.7106396624226
game_95,95,oman,singapore,0,0.5825975485818813,0.4174024514181187,0.5825975485818813,1500.017482905569,1482.0920198914062,1497.000444425669,1485.1090583713062
game_96,96,usa,philippines,1,0.568019231606468,0.43198076839353206,0.568019231606468,1507.6970671612337,1500.1376162123938,1509.4254021342297,1498.4092812393978
game_97,97,guatemala,mongolia,1,0.5751908933391499,0.42480910666085014,0.5751908933391499,1498.9710596927387,1486.3237863622678,1504.435509558226,1480.8593364967805
game_98,98,pakistan,germany,1,0.5649784311708173,0.43502156882918275,0.5649784311708173,1506.9485492326176,1501.5401180012418,1508.4917796151842,1499.9968876186751
game_99,99,peru,indonesia,1,0.5820754411064653,0.41792455889353475,0.5820754411064653,1513.0062823743704,1495.453729096205,1518.2829652583428,1490.1770462122327
game_100,100,serbia,rwanda,0,0.5556601097819548,0.4443398902180452,0.5556601097819548,1497.1071514638022,1498.2695846647584,1495.8769401981601,1499.4997959304005
game_101,101,canada,panama,0,0.5473525340580321,0.4526474659419679,0.5473525340580321,1495.4224142858975,1502.4195984213318,1493.2644353963092,1504.57757731092
game_102,102,switzerland,ethiopia,1,0.5481056023962552,0.45189439760374484,0.5481056023962552,1495.6853412323758,1502.1544276245172,1498.0052501243688,1499.8345187325242
game_103,103,uae,morocco,0,0.5588802526917928,0.44111974730820724,0.5588802526917928,1501.423251602887,1500.3183457326882,1492.142720012111,1509.598877323464
game_104,104,france,saudi_arabia,1,0.5263428058891415,0.4736571941108585,0.5263428058891415,1489.6197520174173,1511.2979306641755,1490.5999851959941,1510.3176974855987
game_105,105,south_korea,mexico,1,0.5547376017857478,0.4452623982142522,0.5547376017857478,1497.0296501858675,1498.8410167675977,1499.4594558107315,1496.4112111427337
game_106,106,new_zealand,kazakhstan,1,0.5503434405230057,0.44965655947699434,0.5503434405230057,1498.839424301939,1503.7382797561586,1499.4655099355762,1503.1121941225215
game_107,107,iceland,netherlands,1,0.5223915457692988,0.4776084542307012,0.5223915457692988,1490.8073846321013,1515.237730984811,1491.28764304884,1514.7574725680722
game_108,108,uk,brazil,0,0.5272956700998581,0.4727043299001419,0.5272956700998581,1499.2282963684634,1520.2424464746978,1496.8945772598245,1522.5761655833367
game_109,109,south_korea,rwanda,0,0.5572543416445901,0.4427456583554099,0.5572543416445901,1499.4594558107315,1499.4997959304005,1498.5085721808368,1500.4506795602952
game_110,110,switzerland,morocco,0,0.5407892089825439,0.4592107910174561,0.5407892089825439,1498.0052501243688,1509.598877323464,1496.6326942228086,1510.9714332250242
game_111,111,oman,china,0,0.5675865740600011,0.4324134259399989,0.5675865740600011,1497.000444425669,1489.747266793312,1490.2790941962269,1496.4686170227542
game_112,112,ethiopia,serbia,0,0.5629246465336754,0.43707535346632465,0.5629246465336754,1499.8345187325242,1495.8769401981601,1493.8822451775252,1501.8292137531591
game_113,113,saudi_arabia,iceland,0,0.5841429863380814,0.41585701366191863,0.5841429863380814,1510.3176974855987,1491.28764304884,1508.9619391488816,1492.6434013855571
game_114,114,india,peru,1,0.5465321347331035,0.45346786526689653,0.5465321347331035,1510.7106396624226,1518.2829652583428,1514.3028262908965,1514.6907786298689
game_115,115,pakistan,mexico,1,0.5743935881179936,0.42560641188200643,0.5743935881179936,1508.4917796151842,1496.4112111427337,1509.843864221066,1495.0591265368519
game_116,116,guatemala,philippines,1,0.5658522942842703,0.4341477057157297,0.5658522942842703,1504.435509558226,1498.4092812393978,1508.080079479783,1494.7647113178407
game_117,117,panama,mongolia,1,0.5906835079976799,0.4093164920023201,0.5906835079976799,1504.57757731092,1480.8593364967805,1507.624599414079,1477.8123143936216
game_118,118,uk,canada,0,0.5624608356038026,0.43753916439619744,0.5624608356038026,1496.8945772598245,1493.2644353963092,1493.8920272102769,1496.2669854458568
game_119,119,kazakhstan,new_zealand,0,0.5624842702738119,0.43751572972618813,0.5624842702738119,1503.1121941225215,1499.4655099355762,1498.492184733069,1504.0855193250286
game_120,120,indonesia,netherlands,1,0.5221759922849931,0.4778240077150069,0.5221759922849931,1490.1770462122327,1514.7574725680722,1491.6972533994701,1513.2372653808347
game_121,121,vietnam,germany,0,0.5385236039814096,0.46147639601859036,0.5385236039814096,1486.8189881398969,1499.9968876186751,1479.2009945065633,1507.6148812520087
game_122,122,thailand,usa,1,0.5479588148964712,0.45204118510352875,0.5479588148964712,1502.8533672928374,1509.4254021342297,1505.3592472909002,1506.919522136167
game_123,123,uae,brazil,1,0.5137639002617602,0.4862360997382398,0.5137639002617602,1492.142720012111,1522.5761655833367,1494.7069872355867,1520.011898359861
game_124,124,singapore,france,1,0.5494998754505394,0.45050012454946065,0.5494998754505394,1485.1090583713062,1490.5999851959941,1485.4159723282469,1490.2930712390535
game_125,125,usa,thailand,0,0.5595263934338762,0.4404736065661238,0.5595263934338762,1506.919522136167,1505.3592472909002,1502.8491081469804,1509.4296612800867
game_126,126,germany,south_korea,0,0.5702028050492319,0.42979719495076807,0.5702028050492319,1507.6148812520087,1498.5085721808368,1500.2766292669253,1505.8468241659202
game_127,127,morocco,indonesia,0,0.5844843210220515,0.4155156789779485,0.5844843210220515,1510.9714332250242,1491.6972533994701,1508.4353981575775,1494.2332884669167
game_128,128,peru,serbia,0,0.5754922815222964,0.42450771847770363,0.5754922815222964,1514.6907786298689,1501.8292137531591,1512.2133528581976,1504.3066395248304
game_129,129,mexico,pakistan,0,0.536224102119288,0.46377589788071205,0.536224102119288,1495.0591265368519,1509.843864221066,1492.8635278995473,1512.0394628583706
game_130,130,brazil,new_zealand,1,0.5797965132816333,0.4202034867183667,0.5797965132816333,1520.011898359861,1504.0855193250286,1520.898887782105,1503.1985299027847
game_131,131,philippines,rwanda,1,0.5492219238701992,0.4507780761298008,0.5492219238701992,1494.7647113178407,1500.4506795602952,1496.7927487894422,1498.4226420886937
game_132,132,saudi_arabia,uk,1,0.5785948808463607,0.4214051191536393,0.5785948808463607,1508.9619391488816,1493.8920272102769,1511.2624205017808,1491.5915458573777
game_133,133,vietnam,china,0,0.5326679175728101,0.46733208242718993,0.5326679175728101,1479.2009945065633,1496.4686170227542,1477.8197959734118,1497.8498155559057
game_134,134,france,switzerland,1,0.5482901839692174,0.45170981603078264,0.5482901839692174,1490.2930712390535,1496.6326942228086,1492.6029494771146,1494.3228159847474
game_135,135,kazakhstan,india,0,0.5347551470030348,0.46524485299696516,0.5347551470030348,1498.492184733069,1514.3028262908965,1497.7013228588594,1515.0936881651062
game_136,136,mongolia,ethiopia,0,0.5343837835439227,0.4656162164560773,0.5343837835439227,1477.8123143936216,1493.8822451775252,1471.3121966631904,1500.3823629079563
game_137,137,oman,netherlands,0,0.5245055133820883,0.4754944866179117,0.5245055133820883,1490.2790941962269,1513.2372653808347,1485.906788338346,1517.6095712387157
game_138,138,panama,canada,0,0.5733758916614298,0.42662410833857023,0.5733758916614298,1507.624599414079,1496.2669854458568,1504.7462437498336,1499.1453411101022
game_139,139,guatemala,singapore,0,0.5892155853119336,0.41078441468806637,0.5892155853119336,1508.080079479783,1485.4159723282469,1507.0154980262794,1486.4805537817506
game_140,140,iceland,uae,0,0.5543789508036794,0.4456210491963206,0.5543789508036794,1492.6434013855571,1494.7069872355867,1491.0351662611974,1496.3152223599463
game_141,141,new_zealand,thailand,0,0.5484448549091371,0.4515551450908629,0.5484448549091371,1503.1985299027847,1509.4296612800867,1500.2515352239266,1512.3766559589449
game_142,142,philippines,rwanda,1,0.5549956180872649,0.44500438191273506,0.5549956180872649,1496.7927487894422,1498.4226420886937,1500.8682774306333,1494.3471134475026
game_143,143,china,mexico,0,0.5643810838681602,0.4356189161318398,0.5643810838681602,1497.8498155559057,1492.8635278995473,1495.7807684190866,1494.9325750363664
game_144,144,indonesia,saudi_arabia,0,0.5330096524767477,0.4669903475232523,0.5330096524767477,1494.2332884669167,1511.2624205017808,1491.8969110239468,1513.5987979447507
game_145,145,ethiopia,brazil,0,0.5280096198120741,0.47199038018792594,0.5280096198120741,1500.3823629079563,1520.898887782105,1496.7433473650146,1524.5379033250467
game_146,146,kazakhstan,singapore,0,0.5731831861264298,0.4268168138735702,0.5731831861264298,1497.7013228588594,1486.4805537817506,1493.7016581376445,1490.4802185029655
game_147,147,india,south_korea,0,0.5704010809854831,0.42959891901451686,0.5704010809854831,1515.0936881651062,1505.8468241659202,1509.075160120819,1511.8653522102074
game_148,148,morocco,vietnam,1,0.6002474082782058,0.3997525917217942,0.6002474082782058,1508.4353981575775,1477.8197959734118,1511.9314517743517,1474.3237423566377
game_149,149,guatemala,usa,1,0.5632203684213576,0.4367796315786424,0.5632203684213576,1507.0154980262794,1502.8491081469804,1512.5366977895346,1497.3279083837251
game_150,150,peru,pakistan,0,0.5575585795212441,0.4424414204787559,0.5575585795212441,1512.2133528581976,1512.0394628583706,1509.3439932078982,1514.90882250867
game_151,151,panama,france,1,0.5744818570725799,0.4255181429274201,0.5744818570725799,1504.7462437498336,1492.6029494771146,1509.2362322420424,1488.1129609849058
game_152,152,oman,canada,0,0.5384368338700565,0.4615631661299435,0.5384368338700565,1485.906788338346,1499.1453411101022,1484.7917826229834,1500.2603468254647
game_153,153,uk,iceland,1,0.5581016627538692,0.4418983372461308,0.5581016627538692,1491.5915458573777,1491.0351662611974,1492.784231209542,1489.8424809090332
game_154,154,germany,uae,0,0.5629300687379785,0.43706993126202154,0.5629300687379785,1500.2766292669253,1496.3152223599463,1493.072764250674,1503.5190873761976
game_155,155,mongolia,serbia,0,0.5100804410443646,0.48991955895563544,0.5100804410443646,1471.3121966631904,1504.3066395248304,1468.9173990075444,1506.7014371804764
game_156,156,switzerland,netherlands,0,0.5240337570416653,0.4759662429583347,0.5240337570416653,1494.3228159847474,1517.6095712387157,1489.9937200045783,1521.9386672188848
game_157,157,china,india,1,0.5383569490884196,0.4616430509115804,0.5383569490884196,1495.7807684190866,1509.075160120819,1500.7325181391182,1504.1234104007874
game_158,158,saudi_arabia,morocco,1,0.5596782919024658,0.44032170809753424,0.5596782919024658,1513.5987979447507,1511.9314517743517,1515.581094929391,1509.9491547897114
game_159,159,mexico,rwanda,1,0.5581429495627385,0.44185705043726153,0.5581429495627385,1494.9325750363664,1494.3471134475026,1497.0070452802408,1492.2726432036281
game_160,160,uae,serbia,1,0.55278741208039,0.44721258791961005,0.55278741208039,1503.5190873761976,1506.7014371804764,1505.4182121334986,1504.8023124231754
game_161,161,panama,pakistan,0,0.5492409896735204,0.4507590103264796,0.5492409896735204,1509.2362322420424,1514.90882250867,1508.1234468160271,1516.0216079346853
game_162,162,canada,ethiopia,0,0.5623005450353087,0.4376994549646913,0.5623005450353087,1500.2603468254647,1496.7433473650146,1495.4821202313751,1501.5215739591042
game_163,163,guatemala,philippines,1,0.5738134876509916,0.4261865123490084,0.5738134876509916,1512.5366977895346,1500.8682774306333,1514.6660644870142,1498.7389107331537
game_164,164,germany,usa,0,0.5512602520531028,0.4487397479468972,0.5512602520531028,1493.072764250674,1497.3279083837251,1488.3173800038799,1502.0832926305193
game_165,165,brazil,oman,1,0.6127901076393356,0.3872098923606644,0.6127901076393356,1524.5379033250467,1484.7917826229834,1526.6436500319069,1482.6860359161233
game_166,166,south_korea,indonesia,0,0.5854545891944548,0.4145454108055452,0.5854545891944548,1511.8653522102074,1491.8969110239468,1504.5758048324888,1499.1864584016655
game_167,167,france,uk,1,0.5506676202058414,0.44933237979415863,0.5506676202058414,1488.1129609849058,1492.784231209542,1490.8083265907887,1490.088865603659
game_168,168,thailand,iceland,1,0.5890345391573233,0.4109654608426767,0.5890345391573233,1512.3766559589449,1489.8424809090332,1517.0056439291207,1485.2134929388574
game_169,169,new_zealand,switzerland,1,0.571826525440921,0.42817347455907895,0.571826525440921,1500.2515352239266,1489.9937200045783,1500.4182911562816,1489.8269640722233
game_170,170,kazakhstan,vietnam,1,0.5846293395083897,0.4153706604916103,0.5846293395083897,1493.7016581376445,1474.3237423566377,1496.002590535055,1472.022809959227
game_171,171,singapore,mongolia,0,0.5876803007008993,0.41231969929910073,0.5876803007008993,1490.4802185029655,1468.9173990075444,1488.6947599493612,1470.7028575611487
game_172,172,peru,netherlands,0,0.5393578417334515,0.46064215826654853,0.5393578417334515,1509.3439932078982,1521.9386672188848,1508.1656030893043,1523.1170573374786
game_173,173,serbia,south_korea,1,0.5576332975427113,0.4423667024572887,0.5576332975427113,1504.8023124231754,1504.5758048324888,1507.695383348953,1501.682733906711
game_174,174,kazakhstan,saudi_arabia,1,0.5293550967741668,0.4706449032258332,0.5293550967741668,1496.002590535055,1515.581094929391,1496.6663327984515,1514.9173526659945
game_175,175,thailand,morocco,1,0.5673086672926541,0.43269133270734594,0.5673086672926541,1517.0056439291207,1509.9491547897114,1522.725830240842,1504.22896847799
game_176,176,rwanda,peru,0,0.5346372518549609,0.4653627481450391,0.5346372518549609,1492.2726432036281,1508.1656030893043,1487.6873348574104,1512.750911435522
game_177,177,pakistan,iceland,0,0.6005132900884224,0.39948670991157764,0.6005132900884224,1516.0216079346853,1485.2134929388574,1512.0308681958984,1489.2042326776443
game_178,178,panama,uk,0,0.5827502890037749,0.4172497109962251,0.5827502890037749,1508.1234468160271,1490.088865603659,1506.2440598941694,1491.9682525255168
game_179,179,new_zealand,switzerland,1,0.5722965180468903,0.4277034819531097,0.5722965180468903,1500.4182911562816,1489.8269640722233,1501.1682391560444,1489.0770160724605
game_180,180,canada,china,0,0.5498426082537623,0.4501573917462377,0.5498426082537623,1495.4821202313751,1500.7325181391182,1493.3117768263257,1502.9028615441675
game_181,181,vietnam,indonesia,0,0.5184645941767546,0.4815354058232454,0.5184645941767546,1472.022809959227,1499.1864584016655,1469.3558808417558,1501.8533875191367
game_182,182,philippines,germany,0,0.5720572533603794,0.4279427466396206,0.5720572533603794,1498.7389107331537,1488.3173800038799,1495.8910258208418,1491.1652649161917
game_183,183,brazil,ethiopia,1,0.5926358928307847,0.40736410716921534,0.5926358928307847,1526.6436500319069,1501.5215739591042,1530.6624163777929,1497.5028076132182
game_184,184,usa,india,1,0.5544123243602255,0.4455876756397745,0.5544123243602255,1502.0832926305193,1504.1234104007874,1502.9134097722952,1503.2932932590115
game_185,185,oman,mongolia,0,0.5742565294728293,0.42574347052717065,0.5742565294728293,1482.6860359161233,1470.7028575611487,1481.690387183464,1471.698506293808
game_186,186,uae,guatemala,1,0.5441406871065694,0.4558593128934306,0.5441406871065694,1505.4182121334986,1514.6660644870142,1505.983527097149,1514.100749523364
game_187,187,netherlands,mexico,1,0.5940081177693629,0.4059918822306371,0.5940081177693629,1523.1170573374786,1497.0070452802408,1523.5422543730053,1496.5818482447141
game_188,188,singapore,france,1,0.5543078723376278,0.4456921276623722,0.5543078723376278,1488.6947599493612,1490.8083265907887,1490.7697739895746,1488.7333125505754
game_189,189,germany,thailand,0,0.5121429346378894,0.4878570653621106,0.5121429346378894,1491.1652649161917,1522.725830240842,1489.8446740441955,1524.0464211128383
game_190,190,canada,oman,0,0.5737472787440523,0.4262527212559477,0.5737472787440523,1493.3117768263257,1481.690387183464,1490.9460097917556,1484.0561542180342
game_191,191,saudi_arabia,pakistan,0,0.5614070474940477,0.4385929525059523,0.5614070474940477,1514.9173526659945,1512.0308681958984,1510.0288003784817,1516.9194204834112
game_192,192,kazakhstan,serbia,1,0.541596185246554,0.45840381475344605,0.541596185246554,1496.6663327984515,1507.695383348953,1497.9645331394472,1506.3971830079574
game_193,193,rwanda,ethiopia,0,0.5433300658596074,0.4566699341403926,0.5433300658596074,1487.6873348574104,1497.5028076132182,1486.2882406134759,1498.9019018571528
game_194,194,mongolia,singapore,1,0.5300824900659529,0.46991750993404713,0.5300824900659529,1471.698506293808,1490.7697739895746,1477.6441123946054,1484.824167888777
game_195,195,peru,indonesia,0,0.5727279028374906,0.42727209716250936,0.5727279028374906,1512.750911435522,1501.8533875191367,1510.6147063822202,1503.9895925724386
game_196,196,morocco,china,1,0.5591941485277432,0.4408058514722568,0.5591941485277432,1504.22896847799,1502.9028615441675,1505.1343917006961,1501.9974383214615
game_197,197,panama,guatemala,0,0.546126415527786,0.45387358447221404,0.546126415527786,1506.2440598941694,1514.100749523364,1504.9280861734846,1515.4167232440486
game_198,198,india,usa,1,0.557851079457497,0.442148920542503,0.557851079457497,1503.2932932590115,1502.9134097722952,1507.1313067454817,1499.075396285825
game_199,199,south_korea,philippines,1,0.5655206174415299,0.4344793825584701,0.5655206174415299,1501.682733906711,1495.8910258208418,1504.0861575712613,1493.4876021562916
game_200,200,mexico,iceland,1,0.5677623740037483,0.4322376259962517,0.5677623740037483,1496.5818482447141,1489.2042326776443,1500.3730711433248,1485.4130097790337
game_201,201,switzerland,new_zealand,1,0.540077793968518,0.45992220603148204,0.540077793968518,1489.0770160724605,1501.1682391560444,1489.5125524468226,1500.7327027816823
game_202,202,netherlands,vietnam,0,0.6323194765876152,0.3676805234123848,0.6323194765876152,1523.5422543730053,1469.3558808417558,1522.2245855434041,1470.673549671357
game_203,203,switzerland,iceland,0,0.5631257032374309,0.43687429676256906,0.5631257032374309,1489.5125524468226,1485.4130097790337,1487.3491863414315,1487.5763758844248
game_204,204,philippines,netherlands,1,0.516203108302687,0.483796891697313,0.516203108302687,1493.4876021562916,1522.2245855434041,1495.6668088957483,1520.0453788039474
game_205,205,china,uae,1,0.551643353679181,0.44835664632081895,0.551643353679181,1501.9974383214615,1505.983527097149,1504.1279411078278,1503.8530243107825
game_206,206,thailand,brazil,0,0.5478961320432532,0.45210386795674684,0.5478961320432532,1524.0464211128383,1530.6624163777929,1521.9376413820648,1532.7711961085663
game_207,207,usa,india,1,0.5458421386998878,0.45415786130011215,0.5458421386998878,1499.075396285825,1507.1313067454817,1501.0487286352247,1505.157974396082
game_208,208,serbia,guatemala,0,0.5444666749726245,0.45553332502737554,0.5444666749726245,1506.3971830079574,1515.4167232440486,1503.4506168537825,1518.3632893982235
game_209,209,india,usa,1,0.5631394444863761,0.4368605555136239,0.5631394444863761,1505.157974396082,1501.0487286352247,1505.9434426927296,1500.263260338577
game_210,210,germany,china,0,0.5369419129134079,0.46305808708659213,0.5369419129134079,1489.8446740441955,1504.1279411078278,1486.9141475331703,1507.058467618853
game_211,211,peru,mexico,0,0.5718037209358359,0.42819627906416413,0.5718037209358359,1510.6147063822202,1500.3730711433248,1508.8289082520917,1502.1588692734533
game_212,212,pakistan,uae,1,0.5757803119689321,0.4242196880310679,0.5757803119689321,1516.9194204834112,1503.8530243107825,1521.9843205285206,1498.788124265673
game_213,213,guatemala,netherlands,1,0.5549214093877847,0.44507859061221533,0.5549214093877847,1518.3632893982235,1520.0453788039474,1520.9169368934279,1517.491731308743
game_214,214,france,thailand,1,0.5097785099846109,0.49022149001538906,0.5097785099846109,1488.7333125505754,1521.9376413820648,1491.0512457954226,1519.6197081372177
game_215,215,saudi_arabia,rwanda,1,0.5907145706475794,0.4092854293524206,0.5907145706475794,1510.0288003784817,1486.2882406134759,1513.429649335324,1482.8873916566336
game_216,216,ethiopia,uk,0,0.5671350819332394,0.43286491806676064,0.5671350819332394,1498.9019018571528,1491.9682525255168,1493.6637271227728,1497.2064272598968
game_217,217,kazakhstan,south_korea,1,0.5486009638752513,0.45139903612474874,0.5486009638752513,1497.9645331394472,1504.0861575712613,1504.4294408838798,1497.6212498268287
game_218,218,oman,morocco,1,0.5272037148890599,0.4727962851109401,0.5272037148890599,1484.0561542180342,1505.1343917006961,1485.6836465266804,1503.50689939205
game_219,219,philippines,indonesia,1,0.5454612789437651,0.45453872105623494,0.5454612789437651,1495.6668088957483,1503.9895925724386,1497.9486968800757,1501.7077045881113
game_220,220,singapore,new_zealand,1,0.5346149451134923,0.4653850548865077,0.5346149451134923,1484.824167888777,1500.7327027816823,1491.4161273479294,1494.14074332253
game_221,221,serbia,panama,0,0.5552123095749575,0.4447876904250425,0.5552123095749575,1503.4506168537825,1504.9280861734846,1500.6752658177054,1507.7034372095618
game_222,222,canada,iceland,0,0.5620917505070934,0.43790824949290663,0.5620917505070934,1490.9460097917556,1487.5763758844248,1487.5650508030951,1490.9573348730853
game_223,223,switzerland,vietnam,1,0.5808469551126151,0.4191530448873849,0.5808469551126151,1487.3491863414315,1470.673549671357,1489.5721343137457,1468.4506016990429
game_224,224,mongolia,brazil,0,0.4782441221430657,0.5217558778569342,0.4782441221430657,1477.6441123946054,1532.7711961085663,1476.9450765038607,1533.470231999311
game_225,225,rwanda,saudi_arabia,1,0.513607424370651,0.486392575629349,0.513607424370651,1482.8873916566336,1513.429649335324,1489.976589472124,1506.3404515198336
game_226,226,germany,thailand,0,0.5104959999898646,0.4895040000101354,0.5104959999898646,1486.9141475331703,1519.6197081372177,1484.4332765937008,1522.1005790766872
game_227,227,france,china,0,0.5344736011078621,0.46552639889213787,0.5344736011078621,1491.0512457954226,1507.058467618853,1490.0596734056503,1508.0500400086253
game_228,228,ethiopia,pakistan,0,0.5168016888284249,0.4831983111715751,0.5168016888284249,1493.6637271227728,1521.9843205285206,1492.1752381879433,1523.4728094633501
game_229,229,indonesia,brazil,0,0.5118524551881836,0.48814754481181644,0.5118524551881836,1501.7077045881113,1533.470231999311,1499.591792482084,1535.5861441053382
game_230,230,peru,uae,0,0.5715206103453294,0.4284793896546706,0.5715206103453294,1508.8289082520917,1498.788124265673,1507.8345161510672,1499.7825163666976
game_231,231,mexico,serbia,1,0.5594176154757812,0.44058238452421883,0.5594176154757812,1502.1588692734533,1500.6752658177054,1504.2907679045331,1498.5433671866256
game_232,232,new_zealand,india,0,0.5404903176670952,0.4595096823329048,0.5404903176670952,1494.14074332253,1505.9434426927296,1492.8993947576448,1507.1847912576147
game_233,233,canada,mongolia,1,0.5723368822904739,0.42766311770952614,0.5723368822904739,1487.5650508030951,1476.9450765038607,1488.6585708134196,1475.8515564935362
game_234,234,netherlands,usa,1,0.5816215469764658,0.41837845302353416,0.5816215469764658,1517.491731308743,1500.263260338577,1522.878538240583,1494.876453406737
game_235,235,singapore,kazakhstan,1,0.5387590475271705,0.4612409524728295,0.5387590475271705,1491.4161273479294,1504.4294408838798,1493.8487458433679,1501.9968223884414
game_236,236,guatemala,vietnam,0,0.6300144984250585,0.3699855015749415,0.6300144984250585,1520.9169368934279,1468.4506016990429,1518.4539586561684,1470.9135799363023
game_237,237,iceland,south_korea,1,0.547827801971215,0.45217219802878506,0.547827801971215,1490.9573348730853,1497.6212498268287,1497.9959598667328,1490.5826248331812
game_238,238,philippines,panama,0,0.5434168091523702,0.45658319084762977,0.5434168091523702,1497.9486968800757,1507.7034372095618,1494.9439756574832,1510.7081584321543
game_239,239,morocco,oman,1,0.5824544634658902,0.41754553653410975,0.5824544634658902,1503.50689939205,1485.6836465266804,1508.8110405288512,1480.3795053898791
game_240,240,switzerland,uk,1,0.5464437274495864,0.45355627255041364,0.5464437274495864,1489.5721343137457,1497.2064272598968,1491.129930015515,1495.6486315581276
game_241,241,india,france,1,0.5814767664486351,0.4185232335513649,0.5814767664486351,1507.1847912576147,1490.0596734056503,1509.6839434173846,1487.5605212458804
game_242,242,china,philippines,1,0.575836086775178,0.42416391322482205,0.575836086775178,1508.0500400086253,1494.9439756574832,1513.485308625819,1489.5087070402894
game_243,243,new_zealand,peru,0,0.5360088117576297,0.4639911882423703,0.5360088117576297,1492.8993947576448,1507.8345161510672,1486.6581053222728,1514.0758055864392
game_244,244,saudi_arabia,vietnam,0,0.6068742278924372,0.39312577210756283,0.6068742278924372,1506.3404515198336,1470.9135799363023,1503.456259524179,1473.797771931957
game_245,245,morocco,netherlands,1,0.5372507207058703,0.4627492792941297,0.5372507207058703,1508.8110405288512,1522.878538240583,1510.8164503978946,1520.8731283715397
game_246,246,rwanda,south_korea,0,0.556450766324878,0.443549233675122,0.556450766324878,1489.976589472124,1490.5826248331812,1487.0278308097884,1493.5313834955168
game_247,247,iceland,ethiopia,0,0.5655616539188452,0.43443834608115484,0.5655616539188452,1497.9959598667328,1492.1752381879433,1495.7958155018257,1494.3753825528504
game_248,248,uk,switzerland,1,0.5637192157141506,0.4362807842858494,0.5637192157141506,1495.6486315581276,1491.129930015515,1501.2403224960249,1485.5382390776176
game_249,249,pakistan,mongolia,1,0.6234900840658073,0.3765099159341927,0.6234900840658073,1523.4728094633501,1475.8515564935362,1528.8051592852482,1470.5192066716381
game_250,250,thailand,serbia,1,0.5904593727525231,0.40954062724747686,0.5904593727525231,1522.1005790766872,1498.5433671866256,1525.5793821096606,1495.064564153652
game_251,251,panama,usa,1,0.5796637308570703,0.42033626914292965,0.5796637308570703,1510.7081584321543,1494.876453406737,1516.309959709261,1489.2746521296303
game_252,252,brazil,guatemala,1,0.5814866674241567,0.41851333257584333,0.5814866674241567,1535.5861441053382,1518.4539586561684,1537.82422047966,1516.2158822818467
game_253,253,mexico,indonesia,0,0.5639744204162773,0.4360255795837227,0.5639744204162773,1504.2907679045331,1499.591792482084,1502.103926066511,1501.7786343201062
game_254,254,uae,singapore,0,0.5657215402689773,0.43427845973102275,0.5657215402689773,1499.7825163666976,1493.8487458433679,1497.5123486376917,1496.1189135723737
game_255,255,oman,kazakhstan,1,0.526430148913008,0.473569851086992,0.526430148913008,1480.3795053898791,1501.9968223884414,1482.759805763458,1499.6165220148625
game_256,256,canada,germany,0,0.5633037815499654,0.4366962184500346,0.5633037815499654,1488.6585708134196,1484.4332765937008,1487.3805821999078,1485.7112652072126
game_257,257,rwanda,morocco,1,0.5233131354014127,0.47668686459858733,0.5233131354014127,1487.0278308097884,1510.8164503978946,1488.707913702884,1509.136367504799
game_258,258,peru,vietnam,1,0.6135163877539169,0.3864836122460831,0.6135163877539169,1514.0758055864392,1473.797771931957,1518.794236741274,1469.079340777122
game_259,259,thailand,mongolia,0,0.6334881307179812,0.36651186928201884,0.6334881307179812,1525.5793821096606,1470.5192066716381,1524.0757259451063,1472.0228628361924
game_260,260,iceland,usa,0,0.5665520762317289,0.4334479237682711,0.5665520762317289,1495.7958155018257,1489.2746521296303,1492.897410601895,1492.173057029561
game_261,261,saudi_arabia,ethiopia,1,0.5701669264642751,0.42983307353572486,0.5701669264642751,1503.456259524179,1494.3753825528504,1505.0482097670272,1492.7834323100021
game_262,262,indonesia,china,0,0.5406275995284421,0.4593724004715579,0.5406275995284421,1501.7786343201062,1513.485308625819,1500.065875797303,1515.1980671486222
game_263,263,uk,mexico,1,0.5560847901564014,0.44391520984359856,0.5560847901564014,1501.2403224960249,1502.103926066511,1501.897548605453,1501.4466999570827
game_264,264,kazakhstan,india,0,0.5429701830501167,0.4570298169498833,0.5429701830501167,1499.6165220148625,1509.6839434173846,1497.4308542235417,1511.8696112087055
game_265,265,france,south_korea,1,0.5488158690935847,0.4511841309064153,0.5488158690935847,1487.5605212458804,1493.5313834955168,1489.5177747438777,1491.5741299975195
game_266,266,guatemala,oman,1,0.6041643507741777,0.39583564922582226,0.6041643507741777,1516.2158822818467,1482.759805763458,1516.9313573844468,1482.044330660858
game_267,267,pakistan,germany,1,0.6173527198893974,0.38264728011060256,0.6173527198893974,1528.8051592852482,1485.7112652072126,1531.677069357842,1482.839355134619
game_268,268,panama,new_zealand,1,0.5989154790075009,0.40108452099249914,0.5989154790075009,1516.309959709261,1486.6581053222728,1516.9417222386733,1486.0263427928605
game_269,269,canada,philippines,0,0.5542871684770907,0.4457128315229093,0.5542871684770907,1487.3805821999078,1489.5087070402894,1485.0056998957887,1491.8835893444086
game_270,270,brazil,serbia,1,0.6168981076415778,0.3831018923584222,0.6168981076415778,1537.82422047966,1495.064564153652,1538.1764267708597,1494.7123578624523
game_271,271,singapore,switzerland,1,0.5722815081850167,0.42771849181498334,0.5722815081850167,1496.1189135723737,1485.5382390776176,1502.6047612789837,1479.0523913710076
game_272,272,uae,netherlands,1,0.5239274723004345,0.47607252769956554,0.5239274723004345,1497.5123486376917,1520.8731283715397,1499.5823719873777,1518.8031050218538
game_273,273,thailand,new_zealand,1,0.6104700231334906,0.38952997686650936,0.6104700231334906,1524.0757259451063,1486.0263427928605,1526.0719260358007,1484.0301427021661
game_274,274,morocco,kazakhstan,1,0.5738657044631924,0.4261342955368076,0.5738657044631924,1509.136367504799,1497.4308542235417,1511.3495693555112,1495.2176523728294
game_275,275,rwanda,ethiopia,0,0.5515160234126102,0.4484839765873898,0.5515160234126102,1488.707913702884,1492.7834323100021,1486.1186208886706,1495.3727251242155
game_276,276,uae,saudi_arabia,0,0.5495356273595774,0.4504643726404226,0.5495356273595774,1499.5823719873777,1505.0482097670272,1497.7998885060863,1506.8306932483185
game_277,277,pakistan,france,0,0.6160810146679525,0.3839189853320475,0.6160810146679525,1531.677069357842,1489.5177747438777,1530.252324346344,1490.9425197553755
game_278,278,switzerland,singapore,1,0.523652376070602,0.476347623929398,0.523652376070602,1479.0523913710076,1502.6047612789837,1480.8924465971265,1500.7647060528648
game_279,279,peru,iceland,1,0.5937121298454227,0.40628787015457735,0.5937121298454227,1518.794236741274,1492.897410601895,1521.2665467757506,1490.4251005674184
game_280,280,oman,south_korea,1,0.5437380663128288,0.45626193368717116,0.5437380663128288,1482.044330660858,1491.5741299975195,1483.9413098359425,1489.677150822435
game_281,281,china,mongolia,0,0.6174632826934825,0.3825367173065175,0.6174632826934825,1515.1980671486222,1472.0228628361924,1513.5536884036474,1473.6672415811672
game_282,282,guatemala,brazil,1,0.526964328952317,0.47303567104768296,0.526964328952317,1516.9313573844468,1538.1764267708597,1517.4429335180773,1537.6648506372292
game_283,283,philippines,vietnam,0,0.5894108299438998,0.4105891700561002,0.5894108299438998,1491.8835893444086,1469.079340777122,1484.600686565255,1476.3622435562756
game_284,284,mexico,serbia,0,0.5668534051366095,0.43314659486339047,0.5668534051366095,1501.4466999570827,1494.7123578624523,1495.4714050974044,1500.6876527221307
game_285,285,canada,usa,1,0.5471098206961647,0.45289017930383535,0.5471098206961647,1485.0056998957887,1492.173057029561,1487.4166649332526,1489.762091992097
game_286,286,netherlands,indonesia,1,0.5837334533778108,0.4162665466221892,0.5837334533778108,1518.8031050218538,1500.065875797303,1519.8883758262957,1498.9806049928611
game_287,287,panama,india,1,0.5645025420111355,0.4354974579888645,0.5645025420111355,1516.9417222386733,1511.8696112087055,1517.5093007543107,1511.302032693068
game_288,288,uk,germany,1,0.5841823342925061,0.4158176657074939,0.5841823342925061,1501.897548605453,1482.839355134619,1507.8396331983517,1476.8972705417202
game_289,289,rwanda,brazil,0,0.48338975409890866,0.5166102459010913,0.48338975409890866,1486.1186208886706,1537.6648506372292,1485.5281287031917,1538.2553428227081
game_290,290,saudi_arabia,mexico,0,0.5733782491145224,0.4266217508854776,0.5733782491145224,1506.8306932483185,1495.4714050974044,1503.7463448762373,1498.5557534694856
game_291,291,philippines,guatemala,1,0.5102993775899112,0.4897006224100888,0.5102993775899112,1484.600686565255,1517.4429335180773,1485.130701246816,1516.9129188365164
game_292,292,china,indonesia,0,0.577897397324784,0.42210260267521604,0.577897397324784,1513.5536884036474,1498.9806049928611,1511.7544121681958,1500.7798812283127
game_293,293,france,india,0,0.528234863342318,0.47176513665768205,0.528234863342318,1490.9425197553755,1511.302032693068,1485.4518226867606,1516.792729761683
game_294,294,south_korea,serbia,0,0.5416226940370735,0.4583773059629265,0.5416226940370735,1489.677150822435,1500.6876527221307,1483.6970653144267,1506.6677382301389
game_295,295,ethiopia,mongolia,1,0.5878792828702205,0.4121207171297795,0.5878792828702205,1495.3727251242155,1473.6672415811672,1500.510878973028,1468.5290877323548
game_296,296,panama,oman,1,0.6043184081551682,0.39568159184483176,0.6043184081551682,1517.5093007543107,1483.9413098359425,1519.3338430296894,1482.1167675605639
game_297,297,singapore,morocco,1,0.5422309300850872,0.45776906991491284,0.5422309300850872,1500.7647060528648,1511.3495693555112,1501.1208078977584,1510.9934675106176
game_298,298,peru,uk,1,0.576287140568646,0.42371285943135395,0.576287140568646,1521.2665467757506,1507.8396331983517,1522.6459414658511,1506.4602385082512
game_299,299,canada,netherlands,0,0.5108323836731803,0.4891676163268197,0.5108323836731803,1487.4166649332526,1519.8883758262957,1481.5975394365194,1525.707501323029
game_300,300,new_zealand,usa,1,0.5491563922562083,0.45084360774379173,0.5491563922562083,1484.0301427021661,1489.762091992097,1490.0160154467999,1483.7762192474634
game_301,301,iceland,switzerland,1,0.5708041652149412,0.42919583478505885,0.5708041652149412,1490.4251005674184,1480.8924465971265,1492.4128545584479,1478.9046926060971
game_302,302,thailand,germany,0,0.6255869152780501,0.3744130847219499,0.6255869152780501,1526.0719260358007,1476.8972705417202,1522.7327532682564,1480.2364433092646
game_303,303,vietnam,pakistan,1,0.48002120985950686,0.5199787901404931,0.48002120985950686,1476.3622435562756,1530.252324346344,1478.61885831498,1527.9957095876398
game_304,304,uae,kazakhstan,0,0.5609757568686868,0.43902424313131316,0.5609757568686868,1497.7998885060863,1495.2176523728294,1496.502533899106,1496.5150069798096
game_305,305,kazakhstan,uae,0,0.5573293480567829,0.4426706519432171,0.5573293480567829,1496.5150069798096,1496.502533899106,1491.1381771845813,1501.8793636943344
game_306,306,vietnam,oman,1,0.5523383043127804,0.4476616956872196,0.5523383043127804,1478.61885831498,1482.1167675605639,1479.0938786884778,1481.641747187066
game_307,307,panama,singapore,1,0.5830000492859206,0.41699995071407936,0.5830000492859206,1519.3338430296894,1501.1208078977584,1525.3092223996666,1495.1454285277812
game_308,308,canada,indonesia,0,0.5299232171577287,0.4700767828422713,0.5299232171577287,1481.5975394365194,1500.7798812283127,1479.001491265604,1503.375929399228
game_309,309,saudi_arabia,new_zealand,1,0.5767135694041382,0.4232864305958618,0.5767135694041382,1503.7463448762373,1490.0160154467999,1508.2604856717917,1485.5018746512455
game_310,310,switzerland,south_korea,0,0.550495123293251,0.449504876706749,0.550495123293251,1478.9046926060971,1483.6970653144267,1476.0975549491375,1486.5042029713863
game_311,311,netherlands,france,0,0.613485874092681,0.38651412590731904,0.613485874092681,1525.707501323029,1485.4518226867606,1521.2564575596882,1489.9028664501013
game_312,312,ethiopia,guatemala,1,0.5339080692171538,0.46609193078284616,0.5339080692171538,1500.510878973028,1516.9129188365164,1501.4321428839903,1515.991654925554
game_313,313,germany,brazil,0,0.47409194347194444,0.5259080565280556,0.47409194347194444,1480.2364433092646,1538.2553428227081,1474.1558932897813,1544.3358928421915
game_314,314,uk,peru,0,0.5342179580923374,0.4657820419076626,0.5342179580923374,1506.4602385082512,1522.6459414658511,1504.0855387207573,1525.020641253345
game_315,315,india,mexico,1,0.5830335535835457,0.4169664464164543,0.5830335535835457,1516.792729761683,1498.5557534694856,1517.3769474948476,1497.971535736321
game_316,316,thailand,serbia,1,0.5799909325476618,0.42000906745233824,0.5799909325476618,1522.7327532682564,1506.6677382301389,1523.0696858006645,1506.3308056977307
game_317,317,saudi_arabia,indonesia,1,0.564237102534971,0.43576289746502905,0.564237102534971,1508.2604856717917,1503.375929399228,1508.9972998012229,1502.6391152697968
game_318,318,india,uk,1,0.5760966617087518,0.42390333829124816,0.5760966617087518,1517.3769474948476,1504.0855387207573,1521.9392221045234,1499.5232641110815
game_319,319,rwanda,france,1,0.5510899459486845,0.44891005405131545,0.5510899459486845,1485.5281287031917,1489.9028664501013,1486.3702052707843,1489.0607898825087
game_320,320,germany,south_korea,1,0.5397101719505364,0.4602898280494636,0.5397101719505364,1474.1558932897813,1486.5042029713863,1476.3996061891642,1484.2604900720034
game_321,321,kazakhstan,china,0,0.5278665734416053,0.47213342655839474,0.5278665734416053,1491.1381771845813,1511.7544121681958,1489.819982361521,1513.0726069912562
game_322,322,ethiopia,iceland,1,0.5700800366232707,0.42991996337672933,0.5700800366232707,1501.4321428839903,1492.4128545584479,1503.373470600787,1490.4715268416512
game_323,323,oman,pakistan,0,0.4908569323585615,0.5091430676414386,0.4908569323585615,1481.641747187066,1527.9957095876398,1477.3311422446916,1532.306314530014
game_324,324,netherlands,new_zealand,0,0.6073242042314336,0.39267579576856637,0.6073242042314336,1521.2564575596882,1485.5018746512455,1519.4623638385995,1487.2959683723343
game_325,325,philippines,panama,0,0.4997430874317735,0.5002569125682266,0.4997430874317735,1485.130701246816,1525.3092223996666,1484.2953597070473,1526.1445639394353
game_326,326,usa,vietnam,0,0.5639508726903282,0.4360491273096718,0.5639508726903282,1483.7762192474634,1479.0938786884778,1482.5578083392809,1480.3122895966603
game_327,327,brazil,mexico,0,0.621790090504685,0.37820990949531497,0.621790090504685,1544.3358928421915,1497.971535736321,1541.0411114879605,1501.2663170905519
game_328,328,morocco,guatemala,0,0.5502019354781591,0.4497980645218409,0.5502019354781591,1510.9934675106176,1515.991654925554,1508.0122686917173,1518.9728537444544
game_329,329,canada,mongolia,1,0.5721289431608719,0.42787105683912807,0.5721289431608719,1479.001491265604,1468.5290877323548,1484.496178557372,1463.0344004405868
game_330,330,uae,singapore,0,0.5668528299893086,0.43314717001069136,0.5668528299893086,1501.8793636943344,1495.1454285277812,1497.0573634895597,1499.9674287325558
game_331,331,saudi_arabia,france,1,0.5854099779844526,0.4145900220155474,0.5854099779844526,1508.9972998012229,1489.0607898825087,1511.2741486799391,1486.7839410037925
game_332,332,usa,serbia,1,0.523335568673571,0.476664431326429,0.523335568673571,1482.5578083392809,1506.3308056977307,1484.3339642688964,1504.5546497681153
game_333,333,mongolia,vietnam,0,0.5326532057325375,0.4673467942674625,0.5326532057325375,1463.0344004405868,1480.3122895966603,1460.7701830214128,1482.5765070158343
game_334,334,india,peru,0,0.5529310395877883,0.44706896041221167,0.5529310395877883,1521.9392221045234,1525.020641253345,1519.9683190695723,1526.9915442882962
game_335,335,south_korea,rwanda,1,0.5543133496135461,0.44568665038645394,0.5543133496135461,1484.2604900720034,1486.3702052707843,1490.6006141737403,1480.0300811690474
game_336,336,ethiopia,mexico,1,0.5603021141876074,0.43969788581239255,0.5603021141876074,1503.373470600787,1501.2663170905519,1505.0423784927184,1499.5974091986204
game_337,337,uae,panama,0,0.5156996184439715,0.4843003815560285,0.5156996184439715,1497.0573634895597,1526.1445639394353,1494.2097064040395,1528.9922210249556
game_338,338,indonesia,philippines,0,0.5831829757833525,0.41681702421664746,0.5831829757833525,1502.6391152697968,1484.2953597070473,1495.649198397497,1491.285276579347
game_339,339,brazil,switzerland,1,0.646594599601211,0.353405400398789,0.646594599601211,1541.0411114879605,1476.0975549491375,1542.8711784997126,1474.2674879373853
game_340,340,guatemala,china,1,0.5656741286197968,0.4343258713802032,0.5656741286197968,1518.9728537444544,1513.0726069912562,1525.3032068949017,1506.7422538408089
game_341,341,oman,netherlands,0,0.4969329640484907,0.5030670359515093,0.4969329640484907,1477.3311422446916,1519.4623638385995,1476.2776817397892,1520.515824343502
game_342,342,morocco,iceland,0,0.5820589010228752,0.41794109897712484,0.5820589010228752,1508.0122686917173,1490.4715268416512,1506.9295983624743,1491.5541971708942
game_343,343,pakistan,thailand,1,0.5703866432089654,0.42961335679103463,0.5703866432089654,1532.306314530014,1523.0696858006645,1534.1643374099806,1521.211662920698
game_344,344,new_zealand,singapore,1,0.5392480200883112,0.4607519799116888,0.5392480200883112,1487.2959683723343,1499.9674287325558,1489.4143453688703,1497.8490517360199
game_345,345,germany,uk,1,0.5242679253611757,0.4757320746388243,0.5242679253611757,1476.3996061891642,1499.5232641110815,1480.017986064929,1495.9048842353168
game_346,346,guatemala,saudi_arabia,0,0.5771332992892286,0.42286670071077137,0.5771332992892286,1525.3032068949017,1511.2741486799391,1523.6577747033332,1512.9195808715076
game_347,347,serbia,vietnam,1,0.5882594972019435,0.4117405027980565,0.5882594972019435,1504.5546497681153,1482.5765070158343,1506.7122833044791,1480.4188734794704
game_348,348,thailand,philippines,1,0.5992950404291851,0.40070495957081487,0.5992950404291851,1521.211662920698,1491.285276579347,1526.1837287229255,1486.3132107771196
game_349,349,rwanda,india,0,0.5000888828050409,0.49991111719495906,0.5000888828050409,1480.0300811690474,1519.9683190695723,1479.2804486365178,1520.717951602102
game_350,350,morocco,pakistan,1,0.5183624253250145,0.48163757467498547,0.5183624253250145,1506.9295983624743,1534.1643374099806,1509.2597722048822,1531.8341635675727
game_351,351,south_korea,panama,0,0.5023146472702473,0.4976853527297527,0.5023146472702473,1490.6006141737403,1528.9922210249556,1486.6259054836185,1532.9669297150774
game_352,352,new_zealand,iceland,0,0.5542704909077337,0.4457295090922663,0.5542704909077337,1489.4143453688703,1491.5541971708942,1487.9004589144658,1493.0680836252986
game_353,353,germany,mongolia,1,0.5844474450599637,0.4155525549400363,0.5844474450599637,1480.017986064929,1460.7701830214128,1482.3216790917295,1458.4664899946122
game_354,354,netherlands,ethiopia,1,0.5791611601011271,0.42083883989887294,0.5791611601011271,1520.515824343502,1505.0423784927184,1525.1604824338542,1500.397720402366
game_355,355,singapore,oman,1,0.5876922274090791,0.4123077725909209,0.5876922274090791,1497.8490517360199,1476.2776817397892,1501.4720368055328,1472.6546966702763
game_356,356,uk,china,0,0.5418701145432258,0.45812988545677424,0.5418701145432258,1495.9048842353168,1506.7422538408089,1492.9980234887807,1509.649114587345
game_357,357,canada,switzerland,0,0.5717854762177833,0.4282145237822167,0.5717854762177833,1484.496178557372,1474.2674879373853,1477.152729832141,1481.6109366626165
game_358,358,france,indonesia,1,0.544686941044233,0.455313058955767,0.544686941044233,1486.7839410037925,1495.649198397497,1489.3000790334079,1493.1330603678816
game_359,359,peru,kazakhstan,1,0.609267734950483,0.39073226504951697,0.609267734950483,1526.9915442882962,1489.819982361521,1529.0865730662429,1487.7249535835742
game_360,360,mexico,usa,0,0.5788664916434921,0.42113350835650787,0.5788664916434921,1499.5974091986204,1484.3339642688964,1498.6047276882953,1485.3266457792215
game_361,361,brazil,uae,1,0.6248947213158526,0.37510527868414745,0.6248947213158526,1542.8711784997126,1494.2097064040395,1548.7102909078776,1488.3705939958745
game_362,362,saudi_arabia,guatemala,0,0.5420118357116027,0.4579881642883973,0.5420118357116027,1512.9195808715076,1523.6577747033332,1510.4728675190781,1526.1044880557627
game_363,363,rwanda,thailand,0,0.4900666885076595,0.5099333114923406,0.4900666885076595,1479.2804486365178,1526.1837287229255,1476.6349229347425,1528.8292544247008
game_364,364,new_zealand,morocco,1,0.5268003940114313,0.4731996059885687,0.5268003940114313,1487.9004589144658,1509.2597722048822,1489.9979701834507,1507.1622609358974
game_365,365,serbia,mexico,0,0.5687932532342544,0.43120674676574555,0.5687932532342544,1506.7122833044791,1498.6047276882953,1503.5588953408826,1501.7581156518918
game_366,366,pakistan,indonesia,1,0.6113617699039439,0.38863823009605614,0.6113617699039439,1531.8341635675727,1493.1330603678816,1533.9478001785508,1491.0194237569035
game_367,367,china,vietnam,0,0.5983323354566219,0.4016676645433781,0.5983323354566219,1509.649114587345,1480.4188734794704,1502.2476931391695,1487.8202949276458
game_368,368,switzerland,philippines,1,0.5506234597990703,0.44937654020092965,0.5506234597990703,1481.6109366626165,1486.3132107771196,1483.8492160458322,1484.0749313939039
game_369,369,mongolia,panama,0,0.45051242734768693,0.5494875726523131,0.45051242734768693,1458.4664899946122,1532.9669297150774,1457.88818991571,1533.5452297939796
game_370,370,canada,ethiopia,1,0.5240937220363333,0.4759062779636667,0.5240937220363333,1477.152729832141,1500.397720402366,1481.8822614535184,1495.6681887809887
game_371,371,kazakhstan,uk,1,0.5498103046419328,0.4501896953580672,0.5498103046419328,1487.7249535835742,1492.9980234887807,1488.0213829854006,1492.7015940869544
game_372,372,india,netherlands,0,0.5509934005528927,0.4490065994471073,0.5509934005528927,1520.717951602102,1525.1604824338542,1518.3293206765586,1527.5491133593976
game_373,373,peru,oman,1,0.6353195251419528,0.3646804748580472,0.6353195251419528,1529.0865730662429,1472.6546966702763,1530.7497880673652,1470.991481669154
game_374,374,brazil,france,1,0.6392824607244475,0.3607175392755525,0.6392824607244475,1548.7102909078776,1489.3000790334079,1548.7053938817487,1489.3049760595368
game_375,375,south_korea,uae,1,0.5548324072153789,0.44516759278462115,0.5548324072153789,1486.6259054836185,1488.3705939958745,1488.5819961122932,1486.4145033671998
game_376,376,iceland,singapore,1,0.5453454298564905,0.4546545701435095,0.5453454298564905,1493.0680836252986,1501.4720368055328,1498.101264500654,1496.4388559301774
game_377,377,usa,germany,1,0.5615749782234557,0.4384250217765443,0.5615749782234557,1485.3266457792215,1482.3216790917295,1487.7223086167962,1479.9260162541548
game_378,378,serbia,rwanda,1,0.5951375927820229,0.40486240721797706,0.5951375927820229,1503.5588953408826,1476.6349229347425,1505.648347829841,1474.545470445784
game_379,379,oman,iceland,0,0.5185420068609122,0.48145799313908777,0.5185420068609122,1470.991481669154,1498.101264500654,1466.6784899669626,1502.4142562028453
game_380,380,ethiopia,south_korea,1,0.5673506389739694,0.4326493610260306,0.5673506389739694,1495.6681887809887,1488.5819961122932,1497.6576875803812,1486.5924973129006
game_381,381,panama,morocco,1,0.594386992038777,0.405613007961223,0.594386992038777,1533.5452297939796,1507.1622609358974,1535.2291882467346,1505.4783024831424
game_382,382,singapore,saudi_arabia,1,0.5372986432870039,0.46270135671299606,0.5372986432870039,1496.4388559301774,1510.4728675190781,1498.1425688144923,1508.7691546347633
game_383,383,india,usa,1,0.6002355429737837,0.3997644570262163,0.6002355429737837,1518.3293206765586,1487.7223086167962,1518.3532924712638,1487.698336822091
game_384,384,germany,guatemala,1,0.4911094014934147,0.5088905985065852,0.4911094014934147,1479.9260162541548,1526.1044880557627,1483.9968276182976,1522.0336766916198
game_385,385,mexico,pakistan,1,0.5112380545174889,0.48876194548251106,0.5112380545174889,1501.7581156518918,1533.9478001785508,1504.2322152852687,1531.4737005451739
game_386,386,netherlands,mongolia,1,0.6527748860961518,0.34722511390384825,0.6527748860961518,1527.5491133593976,1457.88818991571,1532.0094687602066,1453.427834514901
game_387,387,thailand,china,0,0.5946625751801679,0.40533742481983215,0.5946625751801679,1528.8292544247008,1502.2476931391695,1523.7659000132242,1507.3110475506462
game_388,388,uk,peru,1,0.5028088451050489,0.49719115489495114,0.5028088451050489,1492.7015940869544,1530.7497880673652,1493.8612436823748,1529.5901384719448
game_389,389,philippines,switzerland,1,0.5576321725618366,0.4423678274381634,0.5576321725618366,1484.0749313939039,1483.8492160458322,1488.853194887924,1479.070952551812
game_390,390,france,new_zealand,1,0.5563272142931985,0.44367278570680146,0.5563272142931985,1489.3049760595368,1489.9979701834507,1493.0349217563596,1486.2680244866278
game_391,391,uae,vietnam,1,0.5553142020387276,0.4446857979612724,0.5553142020387276,1486.4145033671998,1487.8202949276458,1487.15549126932,1487.0793070255256
game_392,392,brazil,kazakhstan,1,0.6409716230839241,0.3590283769160759,0.6409716230839241,1548.7053938817487,1488.0213829854006,1551.7840080763062,1484.942768790843
game_393,393,indonesia,canada,0,0.5702463305599128,0.4297536694400872,0.5702463305599128,1491.0194237569035,1481.8822614535184,1489.062310366879,1483.8393748435428
game_394,394,thailand,oman,1,0.6361933676698099,0.36380663233019006,0.6361933676698099,1523.7659000132242,1466.6784899669626,1526.9633587675105,1463.4810312126763
game_395,395,uae,morocco,1,0.5311555658174574,0.4688444341825426,0.5311555658174574,1487.15549126932,1505.4783024831424,1491.4035819705184,1501.230211781944
game_396,396,china,peru,0,0.5254803463205031,0.4745196536794969,0.5254803463205031,1507.3110475506462,1529.5901384719448,1504.2593739755303,1532.6418120470607
game_397,397,iceland,new_zealand,1,0.5801048170270265,0.41989518297297346,0.5801048170270265,1502.4142562028453,1486.2680244866278,1503.6745191236635,1485.0077615658097
game_398,398,usa,pakistan,0,0.4945670286930755,0.5054329713069245,0.4945670286930755,1487.698336822091,1531.4737005451739,1485.462626089146,1533.709411278119
game_399,399,ethiopia,saudi_arabia,1,0.541478396915743,0.45852160308425705,0.541478396915743,1497.6576875803812,1508.7691546347633,1503.7604541388753,1502.6663880762692
game_400,400,mongolia,south_korea,0,0.509835572034515,0.490164427965485,0.509835572034515,1453.427834514901,1486.5924973129006,1448.754895356512,1491.2654364712896
game_401,401,indonesia,france,1,0.5516625422059727,0.44833745779402734,0.5516625422059727,1489.062310366879,1493.0349217563596,1489.8781835192278,1492.2190486040108
game_402,402,mexico,germany,0,0.5858274855271105,0.4141725144728895,0.5858274855271105,1504.2322152852687,1483.9968276182976,1502.644496642584,1485.5845462609823
game_403,403,canada,guatemala,1,0.5025985851326069,0.4974014148673931,0.5025985851326069,1483.8393748435428,1522.0336766916198,1488.0643285375304,1517.8087229976322
game_404,404,singapore,rwanda,0,0.590514894021521,0.409485105978479,0.590514894021521,1498.1425688144923,1474.545470445784,1496.9041264878547,1475.7839127724217
game_405,405,vietnam,netherlands,0,0.4929054031108328,0.5070945968891671,0.4929054031108328,1487.0793070255256,1532.0094687602066,1481.8876238938337,1537.2011518918985
game_406,406,india,serbia,1,0.5752720100805463,0.4247279899194537,0.5752720100805463,1518.3532924712638,1505.648347829841,1520.6720387715832,1503.3296015295216
game_407,407,uk,philippines,1,0.5644118811919182,0.4355881188080818,0.5644118811919182,1493.8612436823748,1488.853194887924,1495.5720423403577,1487.1423962299411
game_408,408,kazakhstan,switzerland,1,0.5656339192659222,0.4343660807340778,0.5656339192659222,1484.942768790843,1479.070952551812,1487.7778095388446,1476.2359118038105
game_409,409,brazil,panama,1,0.5806776219902706,0.4193223780097294,0.5806776219902706,1551.7840080763062,1535.2291882467346,1553.0461881487242,1533.9670081743166
game_410,410,new_zealand,saudi_arabia,0,0.5321075786654835,0.4678924213345165,0.5321075786654835,1485.0077615658097,1502.6663880762692,1483.8207218695634,1503.8534277725155
game_411,411,singapore,china,0,0.5468418115084013,0.4531581884915987,0.5468418115084013,1496.9041264878547,1504.2593739755303,1494.974034340451,1506.189466122934
game_412,412,brazil,rwanda,1,0.6626253957247233,0.33737460427527666,0.6626253957247233,1553.0461881487242,1475.7839127724217,1556.7401253481432,1472.0899755730027
game_413,413,canada,serbia,1,0.5355361174686746,0.4644638825313254,0.5355361174686746,1488.0643285375304,1503.3296015295216,1489.9225679986173,1501.4713620684347
game_414,414,kazakhstan,panama,0,0.49109396922782783,0.5089060307721722,0.49109396922782783,1487.7778095388446,1533.9670081743166,1486.2596100375563,1535.485207675605
game_415,415,ethiopia,pakistan,0,0.5144605796172043,0.48553942038279574,0.5144605796172043,1503.7604541388753,1533.709411278119,1501.1361047711482,1536.333760645846
game_416,416,thailand,guatemala,0,0.5702709803822158,0.4297290196177842,0.5702709803822158,1526.9633587675105,1517.8087229976322,1525.0184793496828,1519.75360241546
game_417,417,morocco,oman,0,0.6100590076729847,0.3899409923270153,0.6100590076729847,1501.230211781944,1463.4810312126763,1499.7577827813268,1464.9534602132935
game_418,418,india,uae,1,0.5983852040052066,0.40161479599479344,0.5983852040052066,1520.6720387715832,1491.4035819705184,1521.6428456927106,1490.432775049391
game_419,419,peru,switzerland,0,0.6352848798657916,0.36471512013420837,0.6352848798657916,1532.6418120470607,1476.2359118038105,1531.0426387206564,1477.8350851302148
game_420,420,indonesia,iceland,0,0.5376387657270383,0.4623612342729617,0.5376387657270383,1489.8781835192278,1503.6745191236635,1483.4545996712598,1510.0981029716315
game_421,421,usa,mongolia,1,0.6086319217066473,0.39136807829335274,0.6086319217066473,1485.462626089146,1448.754895356512,1487.4850901787906,1446.7324312668673
game_422,422,philippines,uk,1,0.5453087586258237,0.45469124137417627,0.5453087586258237,1487.1423962299411,1495.5720423403577,1487.6681205073166,1495.0463180629822
game_423,423,mexico,vietnam,0,0.5865556615906644,0.4134443384093356,0.5865556615906644,1502.644496642584,1481.8876238938337,1501.5486624488676,1482.9834580875502
game_424,424,south_korea,france,1,0.5559568834916251,0.4440431165083749,0.5559568834916251,1491.2654364712896,1492.2190486040108,1495.7871734656158,1487.6973116096847
game_425,425,germany,netherlands,0,0.4832885875166888,0.5167114124833112,0.4832885875166888,1485.5845462609823,1537.2011518918985,1483.5308367337652,1539.2548614191155
game_426,426,vietnam,thailand,0,0.49707140247707426,0.5029285975229257,0.49707140247707426,1482.9834580875502,1525.0184793496828,1480.2622691486624,1527.7396682885706
game_427,427,serbia,france,0,0.5767750067158844,0.42322499328411556,0.5767750067158844,1501.4713620684347,1487.6973116096847,1498.4752054355058,1490.6934682426136
game_428,428,ethiopia,philippines,1,0.5763448690851831,0.4236551309148169,0.5763448690851831,1501.1361047711482,1487.6681205073166,1502.258644415165,1486.5455808632998
game_429,429,brazil,saudi_arabia,1,0.6305783670985066,0.36942163290149344,0.6305783670985066,1556.7401253481432,1503.8534277725155,1560.7116379266338,1499.881915194025
game_430,430,peru,iceland,1,0.5868176125446547,0.4131823874553453,0.5868176125446547,1531.0426387206564,1510.0981029716315,1532.7729818926077,1508.3677597996802
game_431,431,uae,oman,0,0.5931322589251669,0.40686774107483314,0.5931322589251669,1490.432775049391,1464.9534602132935,1489.1253864095013,1466.2608488531832
game_432,432,pakistan,india,0,0.5780628459128848,0.4219371540871152,0.5780628459128848,1536.333760645846,1521.6428456927106,1533.8710601352386,1524.105546203318
game_433,433,germany,new_zealand,1,0.5568998973291509,0.4431001026708491,0.5568998973291509,1483.5308367337652,1483.8207218695634,1486.8786327712853,1480.4729258320433
game_434,434,rwanda,mexico,1,0.5151655158548424,0.4848344841451576,0.5151655158548424,1472.0899755730027,1501.5486624488676,1472.9092875316521,1500.7293504902182
game_435,435,indonesia,usa,0,0.5515801353025639,0.4484198646974361,0.5515801353025639,1483.4545996712598,1487.4850901787906,1478.6909782544396,1492.2487115956108
game_436,436,morocco,singapore,0,0.5640944176272937,0.43590558237270627,0.5640944176272937,1499.7577827813268,1494.974034340451,1497.4971088443087,1497.234708277469
game_437,437,guatemala,canada,0,0.5991632225799339,0.40083677742006607,0.5991632225799339,1519.75360241546,1489.9225679986173,1516.572957419828,1493.1032129942491
game_438,438,uk,kazakhstan,1,0.5697518712499952,0.43024812875000484,0.5697518712499952,1495.0463180629822,1486.2596100375563,1496.5009230507576,1484.805005049781
game_439,439,switzerland,mongolia,1,0.6009199666647896,0.39908003333521036,0.6009199666647896,1477.8350851302148,1446.7324312668673,1480.6397033527899,1443.9278130442922
game_440,440,netherlands,china,1,0.6036263910009942,0.39637360899900576,0.6036263910009942,1539.2548614191155,1506.189466122934,1540.606531809604,1504.8377957324456
game_441,441,serbia,morocco,0,0.5587002824737528,0.4412997175262472,0.5587002824737528,1498.4752054355058,1497.4971088443087,1495.4577427490983,1500.5145715307162
game_442,442,mongolia,china,0,0.4699443952146161,0.5300556047853839,0.4699443952146161,1443.9278130442922,1504.8377957324456,1441.8935728597817,1506.872035916956
game_443,443,south_korea,iceland,0,0.5393779898462656,0.4606220101537344,0.5393779898462656,1495.7871734656158,1508.3677597996802,1494.8863974859119,1509.2685357793841
game_444,444,indonesia,india,0,0.49220844112334056,0.5077915588766595,0.49220844112334056,1478.6909782544396,1524.105546203318,1475.9471585376357,1526.849365920122
game_445,445,saudi_arabia,uae,1,0.5725292758286963,0.4274707241713037,0.5725292758286963,1499.881915194025,1489.1253864095013,1502.5624885427333,1486.444813060793
game_446,446,france,rwanda,1,0.5823997622560825,0.4176002377439175,0.5823997622560825,1490.6934682426136,1472.9092875316521,1495.3237294478263,1468.2790263264394
game_447,447,philippines,new_zealand,1,0.5659179475864007,0.4340820524135993,0.5659179475864007,1486.5455808632998,1480.4729258320433,1488.7355239929836,1478.2829827023595
game_448,448,pakistan,uk,0,0.6095398257016822,0.3904601742983178,0.6095398257016822,1533.8710601352386,1496.5009230507576,1531.3050159989355,1499.0669671870608
game_449,449,ethiopia,singapore,0,0.5644343653479232,0.43556563465207676,0.5644343653479232,1502.258644415165,1497.234708277469,1499.6310247202891,1499.862327972345
game_450,450,brazil,panama,1,0.5927809075451842,0.4072190924548158,0.5927809075451842,1560.7116379266338,1535.485207675605,1562.6318554405957,1533.564990161643
game_451,451,guatemala,kazakhstan,0,0.6018380466665132,0.3981619533334868,0.6018380466665132,1516.572957419828,1484.805005049781,1511.6148208594527,1489.7631416101563
game_452,452,canada,vietnam,1,0.5754632817184229,0.42453671828157713,0.5754632817184229,1493.1032129942491,1480.2622691486624,1495.9503404647417,1477.41514167817
game_453,453,mexico,thailand,0,0.5186849501766723,0.48131504982332773,0.5186849501766723,1500.7293504902182,1527.7396682885706,1499.3328314043458,1529.136187374443
game_454,454,usa,switzerland,0,0.5737298480155261,0.42627015198447393,0.5737298480155261,1492.2487115956108,1480.6397033527899,1485.439613170519,1487.4488017778817
game_455,455,germany,peru,0,0.4915181634735153,0.5084818365264847,0.4915181634735153,1486.8786327712853,1532.7729818926077,1482.2615561257087,1537.3900585381843
game_456,456,netherlands,oman,1,0.6588619203619613,0.34113807963803866,0.6588619203619613,1540.606531809604,1466.2608488531832,1542.4620606745443,1464.4053199882428
game_457,457,singapore,uae,0,0.5762739296118415,0.42372607038815846,0.5762739296118415,1499.862327972345,1486.444813060793,1498.3648898571787,1487.9422511759592
game_458,458,new_zealand,oman,1,0.5769205944090889,0.42307940559091106,0.5769205944090889,1478.2829827023595,1464.4053199882428,1479.8222740565182,1462.8660286340842
game_459,459,usa,switzerland,0,0.5544563074465835,0.4455436925534165,0.5544563074465835,1485.439613170519,1487.4488017778817,1479.7002884614149,1493.1881264869858
game_460,460,philippines,vietnam,1,0.5733234640984376,0.4266765359015624,0.5733234640984376,1488.7355239929836,1477.41514167817,1490.0637813073847,1476.0868843637688
game_461,461,kazakhstan,china,1,0.5328953639154118,0.4671046360845882,0.5328953639154118,1489.7631416101563,1506.872035916956,1490.159200346459,1506.4759771806532
game_462,462,canada,brazil,1,0.4616775201212051,0.5383224798787949,0.4616775201212051,1495.9503404647417,1562.6318554405957,1497.7574502267585,1560.824745678579
game_463,463,guatemala,peru,0,0.5204596479245022,0.47954035207549783,0.5204596479245022,1511.6148208594527,1537.3900585381843,1506.6952122545674,1542.3096671430696
game_464,464,france,mexico,0,0.5516105881399171,0.44838941186008285,0.5516105881399171,1495.3237294478263,1499.3328314043458,1494.4357182521,1500.220842600072
game_465,465,indonesia,rwanda,1,0.5681727354766127,0.43182726452338727,0.5681727354766127,1475.9471585376357,1468.2790263264394,1479.7351571833701,1464.491027680705
game_466,466,india,morocco,1,0.5943201322243906,0.4056798677756094,0.5943201322243906,1526.849365920122,1500.5145715307162,1530.8994765962345,1496.4644608546037
game_467,467,uk,mongolia,1,0.6363079203426103,0.3636920796573897,0.6363079203426103,1499.0669671870608,1441.8935728597817,1503.0708393283376,1437.8897007185049
game_468,468,kazakhstan,rwanda,0,0.5933945910530414,0.4066054089469586,0.5933945910530414,1490.159200346459,1464.491027680705,1486.8983984774816,1467.7518295496825
game_469,469,thailand,saudi_arabia,1,0.5946516657271332,0.40534833427286676,0.5946516657271332,1529.136187374443,1502.5624885427333,1531.3838092130113,1500.3148667041648
game_470,470,brazil,pakistan,0,0.5987327641648726,0.40126723583512736,0.5987327641648726,1560.824745678579,1531.3050159989355,1558.1805198740176,1533.9492418034968
game_471,471,mexico,china,1,0.5484106355738914,0.45158936442610864,0.5484106355738914,1500.220842600072,1506.4759771806532,1502.68733796764,1504.0094818130854
game_472,472,guatemala,morocco,1,0.5717883807852356,0.42821161921476436,0.5717883807852356,1506.6952122545674,1496.4644608546037,1511.2905272176324,1491.8691458915387
game_473,473,switzerland,serbia,0,0.5540859374475143,0.44591406255248567,0.5540859374475143,1493.1881264869858,1495.4577427490983,1490.4216499003053,1498.2242193357788
game_474,474,usa,oman,0,0.5810692474744539,0.4189307525255461,0.5810692474744539,1479.7002884614149,1462.8660286340842,1471.5677584355387,1470.9985586599603
game_475,475,ethiopia,south_korea,0,0.5640390420283152,0.43596095797168477,0.5640390420283152,1499.6310247202891,1494.8863974859119,1497.3061131271425,1497.2113090790585
game_476,476,canada,panama,0,0.5060331422060986,0.49396685779390137,0.5060331422060986,1497.7574502267585,1533.564990161643,1496.7988974813013,1534.5235429071001
game_477,477,indonesia,uk,1,0.5239635077951261,0.4760364922048739,0.5239635077951261,1479.7351571833701,1503.0708393283376,1480.1662017952985,1502.6397947164091
game_478,478,singapore,iceland,1,0.5417754025848158,0.4582245974151842,0.5417754025848158,1498.3648898571787,1509.2685357793841,1502.3811773298512,1505.2522483067116
game_479,479,germany,india,1,0.4875715938069773,0.5124284061930227,0.4875715938069773,1482.2615561257087,1530.8994765962345,1488.64484202932,1524.5161906926232
game_480,480,france,new_zealand,1,0.5779540703252524,0.42204592967474763,0.5779540703252524,1494.4357182521,1479.8222740565182,1498.0892545557765,1476.1687377528417
game_481,481,peru,philippines,1,0.6297186485510567,0.37028135144894325,0.6297186485510567,1542.3096671430696,1490.0637813073847,1544.0564527332779,1488.3169957171765
game_482,482,uae,netherlands,1,0.4791164708440349,0.520883529155965,0.4791164708440349,1487.9422511759592,1542.4620606745443,1488.698592611209,1541.7057192392945
game_483,483,mongolia,vietnam,0,0.5025944380049201,0.4974055619950799,0.5025944380049201,1437.8897007185049,1476.0868843637688,1432.4340831144175,1481.5425019678562
game_484,484,saudi_arabia,south_korea,0,0.5617147053046878,0.4382852946953122,0.5617147053046878,1500.3148667041648,1497.2113090790585,1495.2033965321455,1502.322779251078
game_485,485,philippines,canada,1,0.5452341732023054,0.4547658267976946,0.5452341732023054,1488.3169957171765,1496.7988974813013,1489.0233537537363,1496.0925394447415
game_486,486,kazakhstan,mexico,1,0.5347862277519592,0.46521377224804084,0.5347862277519592,1486.8983984774816,1502.68733796764,1492.8098694022874,1496.775867042834
game_487,487,vietnam,usa,1,0.5714275125525317,0.42857248744746834,0.5714275125525317,1481.5425019678562,1471.5677584355387,1483.6137089454678,1469.4965514579271
game_488,488,netherlands,serbia,1,0.6178796634574104,0.3821203365425896,0.6178796634574104,1541.7057192392945,1498.2242193357788,1542.685256556685,1497.2446820183882
game_489,489,oman,indonesia,0,0.5442552154961291,0.4557447845038709,0.5442552154961291,1470.9985586599603,1480.1662017952985,1469.1241099909034,1482.0406504643554
game_490,490,uae,india,0,0.5060186694721002,0.49398133052789983,0.5060186694721002,1488.698592611209,1524.5161906926232,1485.927841431165,1527.2869418726673
game_491,491,china,uk,1,0.5592559854782113,0.4407440145217887,0.5592559854782113,1504.0094818130854,1502.6397947164091,1504.7399211993452,1501.9093553301493
game_492,492,singapore,morocco,1,0.5721847845858328,0.4278152154141672,0.5721847845858328,1502.3811773298512,1491.8691458915387,1506.6801956305235,1487.5701275908664
game_493,493,brazil,mongolia,0,0.7219416201996862,0.2780583798003138,0.7219416201996862,1558.1805198740176,1432.4340831144175,1556.271228110562,1434.343374877873
game_494,494,iceland,new_zealand,1,0.5981293234862959,0.4018706765137041,0.5981293234862959,1505.2522483067116,1476.1687377528417,1508.654281367664,1472.7667046918893
game_495,495,thailand,panama,0,0.5528480572258629,0.44715194277413706,0.5528480572258629,1531.3838092130113,1534.5235429071001,1530.4857080633903,1535.421644056721
game_496,496,guatemala,pakistan,1,0.5249354126199702,0.47506458738002977,0.5249354126199702,1511.2905272176324,1533.9492418034968,1512.7293808841418,1532.5103881369873
game_497,497,switzerland,germany,1,0.559833569964593,0.440166430035407,0.559833569964593,1490.4216499003053,1488.64484202932,1490.745396105879,1488.3210958237462
game_498,498,ethiopia,peru,0,0.4902867025919836,0.5097132974080164,0.4902867025919836,1497.3061131271425,1544.0564527332779,1494.5898374640567,1546.7727283963636
game_499,499,thailand,rwanda,0,0.6436825775761374,0.35631742242386255,0.6436825775761374,1530.4857080633903,1467.7518295496825,1529.130691390281,1469.1068462227918
game_500,500,usa,new_zealand,0,0.5526624578626649,0.4473375421373351,0.5526624578626649,1469.4965514579271,1472.7667046918893,1464.8201455471012,1477.4431106027153
game_501,501,china,canada,1,0.5695552557582354,0.4304447442417646,0.5695552557582354,1504.7399211993452,1496.0925394447415,1506.0351054667537,1494.797355177333
game_502,502,peru,ethiopia,1,0.6296340895329855,0.3703659104670145,0.6296340895329855,1546.7727283963636,1494.5898374640567,1548.513184964624,1492.8493808957962
game_503,503,saudi_arabia,kazakhstan,0,0.5607082039830028,0.4392917960169972,0.5607082039830028,1495.2033965321455,1492.8098694022874,1487.9939614541497,1500.0193044802832
game_504,504,indonesia,uk,0,0.5289388839411853,0.47106111605881473,0.5289388839411853,1482.0406504643554,1501.9093553301493,1479.1916689163968,1504.758336878108
game_505,505,mexico,netherlands,0,0.4914965248533116,0.5085034751466884,0.4914965248533116,1496.775867042834,1542.685256556685,1495.9918108582208,1543.4693127412984
game_506,506,france,iceland,1,0.5422592733045369,0.45774072669546306,0.5422592733045369,1498.0892545557765,1508.654281367664,1500.5769271546833,1506.1666087687572
game_507,507,germany,singapore,0,0.5311035447627668,0.4688964552372332,0.5311035447627668,1488.3210958237462,1506.6801956305235,1483.06688466281,1511.9344067914597
game_508,508,south_korea,vietnam,0,0.5836940654020537,0.4163059345979463,0.5836940654020537,1502.322779251078,1483.6137089454678,1500.3651230928172,1485.5713651037286
game_509,509,morocco,india,0,0.5004075369180478,0.49959246308195215,0.5004075369180478,1487.5701275908664,1527.2869418726673,1486.8956800430872,1527.9613894204465
game_510,510,switzerland,panama,1,0.49327074457334946,0.5067292554266505,0.49327074457334946,1490.745396105879,1535.421644056721,1496.6326550096255,1529.5343851529747
game_511,511,uae,pakistan,1,0.49052808710197743,0.5094719128980225,0.49052808710197743,1485.927841431165,1532.5103881369873,1488.3164667558467,1530.1217628123056
game_512,512,serbia,mongolia,1,0.6439035988380493,0.35609640116195074,0.6439035988380493,1497.2446820183882,1434.343374877873,1502.7879049361286,1428.8001519601326
game_513,513,oman,brazil,0,0.4325632751700708,0.5674367248299292,0.4325632751700708,1469.1241099909034,1556.271228110562,1464.995283322756,1560.4000547787095
game_514,514,saudi_arabia,switzerland,0,0.5450103693223428,0.4549896306776572,0.5450103693223428,1487.9939614541497,1496.6326550096255,1484.0805793945715,1500.5460370692037
game_515,515,serbia,thailand,0,0.5196441933863661,0.48035580661363386,0.5196441933863661,1502.7879049361286,1529.130691390281,1502.0238974171357,1529.894698909274
game_516,516,guatemala,germany,1,0.5989301943711538,0.4010698056288462,0.5989301943711538,1512.7293808841418,1483.06688466281,1512.7651236910162,1483.0311418559356
game_517,517,vietnam,morocco,1,0.5554300182817578,0.44456998171824225,0.5554300182817578,1485.5713651037286,1486.8956800430872,1489.4363637803551,1483.0306813664606
game_518,518,new_zealand,france,1,0.5242533403361017,0.4757466596638983,0.5242533403361017,1477.4431106027153,1500.5769271546833,1479.4207632633156,1498.599274494083
game_519,519,rwanda,brazil,1,0.42671480153194113,0.5732851984680589,0.42671480153194113,1469.1068462227918,1560.4000547787095,1471.1631938804824,1558.343707121019
game_520,520,uae,oman,0,0.5901307781764831,0.4098692218235169,0.5901307781764831,1488.3164667558467,1464.995283322756,1485.909431245792,1467.4023188328108
game_521,521,pakistan,philippines,0,0.6146355473438153,0.3853644526561847,0.6146355473438153,1530.1217628123056,1489.0233537537363,1528.7236860910023,1490.4214304750396
game_522,522,usa,indonesia,1,0.5368155928420548,0.4631844071579452,0.5368155928420548,1464.8201455471012,1479.1916689163968,1467.142474796658,1476.86933966684
game_523,523,china,south_korea,1,0.5653484402745514,0.43465155972544856,0.5653484402745514,1506.0351054667537,1500.3651230928172,1510.5125968746763,1495.8876316848946
game_524,524,india,mongolia,0,0.6902047029454565,0.30979529705454345,0.6902047029454565,1527.9613894204465,1428.8001519601326,1521.6353336380723,1435.1262077425067
game_525,525,ethiopia,mexico,1,0.5528442203294461,0.44715577967055387,0.5528442203294461,1492.8493808957962,1495.9918108582208,1495.8180830143745,1493.0231087396426
game_526,526,panama,peru,1,0.5302150782247005,0.4697849217752995,0.5302150782247005,1529.5343851529747,1548.513184964624,1533.199166916022,1544.8484032015767
game_527,527,iceland,canada,0,0.5733922815992407,0.4266077184007593,0.5733922815992407,1506.1666087687572,1494.797355177333,1503.0737732204125,1497.8901907256777
game_528,528,singapore,kazakhstan,1,0.5741607182072639,0.4258392817927361,0.5741607182072639,1511.9344067914597,1500.0193044802832,1518.0105026639155,1493.9432086078273
game_529,529,netherlands,uk,0,0.6113752729292224,0.38862472707077755,0.6113752729292224,1543.4693127412984,1504.758336878108,1536.6637283582404,1511.563921261166
game_530,530,serbia,brazil,0,0.47653116381205846,0.5234688361879416,0.47653116381205846,1502.0238974171357,1558.343707121019,1500.5445057356317,1559.823098802523
game_531,531,rwanda,philippines,0,0.5298143855226762,0.47018561447732377,0.5298143855226762,1471.1631938804824,1490.4214304750396,1467.6691654975864,1493.9154588579356
game_532,532,saudi_arabia,germany,0,0.5588015328475245,0.44119846715247546,0.5588015328475245,1484.0805793945715,1483.0311418559356,1480.4980422716994,1486.6136789788077
game_533,533,china,new_zealand,1,0.6009050293533366,0.39909497064666344,0.6009050293533366,1510.5125968746763,1479.4207632633156,1514.8703772125962,1475.0629829253958
game_534,534,india,ethiopia,1,0.5936016295158658,0.4063983704841342,0.5936016295158658,1521.6353336380723,1495.8180830143745,1523.834553794621,1493.618862857826
game_535,535,pakistan,thailand,1,0.5556479156937545,0.4443520843062455,0.5556479156937545,1528.7236860910023,1529.894698909274,1530.5173524725476,1528.1010325277286
game_536,536,usa,morocco,0,0.5346440595923218,0.46535594040767825,0.5346440595923218,1467.142474796658,1483.0306813664606,1465.7585703575983,1484.4145858055203
game_537,537,panama,netherlands,0,0.5523857693321477,0.44761423066785233,0.5523857693321477,1533.199166916022,1536.6637283582404,1531.4363078079075,1538.426587466355
game_538,538,oman,mexico,0,0.5206815399210122,0.4793184600789878,0.5206815399210122,1467.4023188328108,1493.0231087396426,1466.6478180428624,1493.777609529591
game_539,539,uae,uk,1,0.5206331243482379,0.47936687565176206,0.5206331243482379,1485.909431245792,1511.563921261166,1489.3530792995473,1508.1202732074105
game_540,540,indonesia,south_korea,1,0.5301584515284623,0.4698415484715377,0.5301584515284623,1476.86933966684,1495.8876316848946,1482.22222437995,1490.5347469717847
game_541,541,peru,guatemala,1,0.6022729332953572,0.39772706670464275,0.6022729332953572,1544.8484032015767,1512.7651236910162,1549.520216197729,1508.093310694864
game_542,542,switzerland,iceland,1,0.5537187901912322,0.44628120980876784,0.5537187901912322,1500.5460370692037,1503.0737732204125,1500.9158051381983,1502.704005151418
game_543,543,mongolia,france,0,0.46627084455453605,0.533729155445464,0.46627084455453605,1435.1262077425067,1498.599274494083,1434.5658703794295,1499.1596118571601
game_544,544,canada,singapore,1,0.5285779901415549,0.47142200985844507,0.5285779901415549,1497.8901907256777,1518.0105026639155,1503.7986933996106,1512.1019999899827
game_545,545,vietnam,kazakhstan,1,0.5509018062407964,0.44909819375920357,0.5509018062407964,1489.4363637803551,1493.9432086078273,1490.247634364206,1493.1319380239763
game_546,546,netherlands,thailand,1,0.5719219963322385,0.4280780036677615,0.5719219963322385,1538.426587466355,1528.1010325277286,1541.2917658487993,1525.2358541452843
game_547,547,india,canada,0,0.5855487760431486,0.4144512239568514,0.5855487760431486,1523.834553794621,1503.7986933996106,1521.0170994198938,1506.6161477743376
game_548,548,ethiopia,uae,0,0.5633611155269393,0.43663888447306065,0.5633611155269393,1493.618862857826,1489.3530792995473,1492.6463025896871,1490.325639567686
game_549,549,iceland,oman,1,0.6077381722396236,0.39226182776037644,0.6077381722396236,1502.704005151418,1466.6478180428624,1506.001846541699,1463.3499766525813
game_550,550,serbia,vietnam,1,0.5718815709879412,0.42811842901205877,0.5718815709879412,1500.5445057356317,1490.247634364206,1505.925831647256,1484.8663084525817
game_551,551,saudi_arabia,peru,0,0.4583306079041033,0.5416693920958967,0.4583306079041033,1480.4980422716994,1549.520216197729,1478.3218844579499,1551.6963740114786
game_552,552,germany,mexico,1,0.547114708164561,0.452885291835439,0.547114708164561,1486.6136789788077,1493.777609529591,1488.7278473156966,1491.663441192702
game_553,553,mongolia,philippines,0,0.47218245804419035,0.5278175419558097,0.47218245804419035,1434.5658703794295,1493.9154588579356,1429.4639196587802,1499.0174095785849
game_554,554,switzerland,kazakhstan,0,0.5683361876718697,0.43166381232813034,0.5683361876718697,1500.9158051381983,1493.1319380239763,1498.3349048005825,1495.712838361592
game_555,555,morocco,uk,1,0.5234322236177292,0.47656777638227077,0.5234322236177292,1484.4145858055203,1508.1202732074105,1491.2386902146636,1501.2961687982672
game_556,556,new_zealand,china,1,0.5002771818735542,0.4997228181264458,0.5002771818735542,1475.0629829253958,1514.8703772125962,1476.6554983564224,1513.2778617815695
game_557,557,pakistan,brazil,1,0.5153854095579353,0.4846145904420647,0.5153854095579353,1530.5173524725476,1559.823098802523,1535.8905708477516,1554.449880427319
game_558,558,usa,france,0,0.5094955228719713,0.4905044771280287,0.5094955228719713,1465.7585703575983,1499.1596118571601,1463.9326509972534,1500.985531217505
game_559,559,rwanda,panama,0,0.46584958582327496,0.534150414176725,0.46584958582327496,1467.6691654975864,1531.4363078079075,1466.2308748553603,1532.8745984501336
game_560,560,china,serbia,1,0.5677262295242175,0.4322737704757825,0.5677262295242175,1513.2778617815695,1505.925831647256,1517.0664658588069,1502.1372275700187
game_561,561,rwanda,canada,0,0.4994455479272821,0.5005544520727179,0.4994455479272821,1466.2308748553603,1506.6161477743376,1463.6996513235433,1509.1473713061546
game_562,562,guatemala,pakistan,1,0.5175539368428832,0.4824460631571168,0.5175539368428832,1508.093310694864,1535.8905708477516,1508.6286684657043,1535.3552130769112
game_563,563,philippines,saudi_arabia,1,0.5864700183633521,0.4135299816366479,0.5864700183633521,1499.0174095785849,1478.3218844579499,1503.2096292820434,1474.1296647544914
game_564,564,morocco,usa,0,0.5956674133456776,0.40433258665432237,0.5956674133456776,1491.2386902146636,1463.9326509972534,1490.1351430174436,1465.0361981944734
game_565,565,iceland,india,1,0.5358940894813591,0.4641059105186409,0.5358940894813591,1506.001846541699,1521.0170994198938,1509.2278260253336,1517.7911199362593
game_566,566,oman,singapore,1,0.4874074893845675,0.5125925106154325,0.4874074893845675,1463.3499766525813,1512.1019999899827,1466.1326624568344,1509.3193141857296
game_567,567,france,panama,1,0.5116704505125157,0.4883295494874843,0.5116704505125157,1500.985531217505,1532.8745984501336,1502.0642645961059,1531.7958650715327
game_568,568,ethiopia,vietnam,1,0.5683307181137475,0.43166928188625253,0.5683307181137475,1492.6463025896871,1484.8663084525817,1496.4251157190906,1481.0874953231782
game_569,569,mexico,uk,1,0.5435910702904009,0.4564089297095991,0.5435910702904009,1491.663441192702,1501.2961687982672,1496.0705152697901,1496.8890947211792
game_570,570,netherlands,indonesia,1,0.6388301169115128,0.3611698830884872,0.6388301169115128,1541.2917658487993,1482.22222437995,1542.5787981744775,1480.9351920542717
game_571,571,new_zealand,germany,0,0.5401047813853365,0.45989521861466354,0.5401047813853365,1476.6554983564224,1488.7278473156966,1475.7143322057707,1489.6690134663484
game_572,572,south_korea,thailand,0,0.5076251285610416,0.4923748714389584,0.5076251285610416,1490.5347469717847,1525.2358541452843,1488.5322895637241,1527.2383115533448
game_573,573,uae,peru,0,0.4692837691144344,0.5307162308855655,0.4692837691144344,1490.325639567686,1551.6963740114786,1489.3595206969399,1552.6624928822248
game_574,574,mongolia,switzerland,0,0.4585466827199476,0.5414533172800524,0.4585466827199476,1429.4639196587802,1498.3349048005825,1427.3308156152582,1500.4680088441046
game_575,575,kazakhstan,brazil,0,0.4730613399383309,0.5269386600616691,0.4730613399383309,1495.712838361592,1554.449880427319,1493.0991748895735,1557.0635438993374
game_576,576,india,new_zealand,0,0.6159686713538782,0.3840313286461218,0.6159686713538782,1517.7911199362593,1475.7143322057707,1514.471216638453,1479.034235503577
game_577,577,switzerland,saudi_arabia,0,0.5943250588599167,0.4056749411400833,0.5943250588599167,1500.4680088441046,1474.1296647544914,1495.339263209587,1479.258410389009
game_578,578,usa,peru,0,0.43188635523816565,0.5681136447618343,0.43188635523816565,1465.0361981944734,1552.6624928822248,1462.7671784256088,1554.9315126510894
game_579,579,iceland,serbia,1,0.56735686435632,0.43264313564367995,0.56735686435632,1509.2278260253336,1502.1372275700187,1513.3124880711796,1498.0525655241727
game_580,580,germany,kazakhstan,1,0.552434731004139,0.447565268995861,0.552434731004139,1489.6690134663484,1493.0991748895735,1493.6889353604427,1489.0792529954792
game_581,581,brazil,china,0,0.6131328304047751,0.38686716959522494,0.6131328304047751,1557.0635438993374,1517.0664658588069,1555.7767158144954,1518.3532939436489
game_582,582,rwanda,pakistan,1,0.4545696270372222,0.5454303729627779,0.4545696270372222,1463.6996513235433,1535.3552130769112,1466.1254366408411,1532.9294277596134
game_583,583,uk,morocco,1,0.5668811209111939,0.4331188790888061,0.5668811209111939,1496.8890947211792,1490.1351430174436,1499.0150309243077,1488.0092068143151
game_584,584,guatemala,mexico,0,0.5750655347505123,0.42493446524948775,0.5750655347505123,1508.6286684657043,1496.0705152697901,1505.677852955615,1499.0213307798795
game_585,585,france,oman,0,0.6075671913986231,0.39243280860137686,0.6075671913986231,1502.0642645961059,1466.1326624568344,1500.7460554516747,1467.4508716012656
game_586,586,ethiopia,indonesia,1,0.5791842790070307,0.42081572099296927,0.5791842790070307,1496.4251157190906,1480.9351920542717,1498.6388650889949,1478.7214426843675
game_587,587,netherlands,panama,1,0.5725664747157159,0.42743352528428413,0.5725664747157159,1542.5787981744775,1531.7958650715327,1543.6019462155243,1530.7727170304859
game_588,588,south_korea,canada,1,0.5278682279336038,0.4721317720663962,0.5278682279336038,1488.5322895637241,1509.1473713061546,1490.9871830357285,1506.6924778341502
game_589,589,singapore,vietnam,1,0.5969502859274695,0.40304971407253054,0.5969502859274695,1509.3193141857296,1481.0874953231782,1510.6672196322752,1479.7395898766326
game_590,590,mongolia,thailand,1,0.4146305586953499,0.5853694413046501,0.4146305586953499,1427.3308156152582,1527.2383115533448,1432.1752230940879,1522.3939040745151
game_591,591,uae,philippines,1,0.537561817812502,0.462438182187498,0.537561817812502,1489.3595206969399,1503.2096292820434,1491.193483833436,1501.3756661455473
game_592,592,peru,thailand,0,0.602899241811136,0.39710075818886403,0.602899241811136,1554.9315126510894,1522.3939040745151,1547.7181141329586,1529.607302592646
game_593,593,usa,ethiopia,1,0.5059408408790713,0.4940591591209287,0.5059408408790713,1462.7671784256088,1498.6388650889949,1467.0233646415325,1494.3826788730712
game_594,594,saudi_arabia,netherlands,1,0.4650240527794052,0.5349759472205948,0.4650240527794052,1479.258410389009,1543.6019462155243,1481.0210169056072,1541.839339698926
game_595,595,india,oman,1,0.6226777124781151,0.3773222875218849,0.6226777124781151,1514.471216638453,1467.4508716012656,1519.1331240875754,1462.788964152143
game_596,596,serbia,iceland,1,0.535543778475314,0.464456221524686,0.535543778475314,1498.0525655241727,1513.3124880711796,1503.8048549099422,1507.5601986854101
game_597,597,pakistan,canada,0,0.5941843262379463,0.40581567376205374,0.5941843262379463,1532.9294277596134,1506.6924778341502,1529.6867699995848,1509.9351355941787
game_598,598,uae,china,1,0.5184701104454362,0.4815298895545638,0.5184701104454362,1491.193483833436,1518.3532939436489,1491.652225068318,1517.8945527087667
game_599,599,morocco,mexico,0,0.5416203758722419,0.4583796241277581,0.5416203758722419,1488.0092068143151,1499.0213307798795,1485.9830954108568,1501.0474421833378
game_600,600,mongolia,indonesia,0,0.49058034736574013,0.5094196526342598,0.49058034736574013,1432.1752230940879,1478.7214426843675,1429.7317169577402,1481.1649488207152
game_601,601,germany,rwanda,1,0.596024312531773,0.403975687468227,0.596024312531773,1493.6889353604427,1466.1254366408411,1495.7067287995544,1464.1076432017294
game_602,602,panama,brazil,1,0.5215675890486853,0.4784324109513147,0.5215675890486853,1530.7727170304859,1555.7767158144954,1536.8934104585999,1549.6560223863814
game_603,603,vietnam,south_korea,0,0.5412838375485921,0.4587161624514079,0.5412838375485921,1479.7395898766326,1490.9871830357285,1475.38494961174,1495.3418233006212
game_604,604,philippines,singapore,1,0.5440782855750577,0.45592171442494234,0.5440782855750577,1501.3756661455473,1510.6672196322752,1503.221500659908,1508.8213851179144
game_605,605,guatemala,france,0,0.5643039648189976,0.4356960351810024,0.5643039648189976,1505.677852955615,1500.7460554516747,1502.8375750915652,1503.5863333157245
game_606,606,new_zealand,uk,0,0.528778110035466,0.47122188996453396,0.528778110035466,1479.034235503577,1499.0150309243077,1476.9734880953788,1501.075778332506
game_607,607,thailand,canada,1,0.5850406104584094,0.4149593895415906,0.5850406104584094,1529.607302592646,1509.9351355941787,1536.4925262126883,1503.0499119741364
game_608,608,france,philippines,0,0.5578297094242862,0.4421702905757138,0.5578297094242862,1503.5863333157245,1503.221500659908,1500.557801803511,1506.2500321721216
game_609,609,panama,saudi_arabia,0,0.634573014294547,0.36542698570545296,0.634573014294547,1536.8934104585999,1481.0210169056072,1535.3711587017365,1482.5432686624706
game_610,610,china,india,0,0.5555518933307008,0.44444810666929924,0.5555518933307008,1517.8945527087667,1519.1331240875754,1511.7625291072595,1525.2651476890826
game_611,611,morocco,iceland,0,0.5264878590534159,0.4735121409465841,0.5264878590534159,1485.9830954108568,1507.5601986854101,1484.850619601217,1508.69267449505
game_612,612,serbia,ethiopia,1,0.5706483559018579,0.4293516440981421,0.5706483559018579,1503.8048549099422,1494.3826788730712,1505.4784242727553,1492.709109510258
game_613,613,mexico,uae,1,0.5706103330507919,0.4293896669492081,0.5706103330507919,1501.0474421833378,1491.652225068318,1506.5159922269672,1486.1836750246887
game_614,614,pakistan,netherlands,1,0.5399900750742154,0.46000992492578463,0.5399900750742154,1529.6867699995848,1541.839339698926,1530.1559785028676,1541.3701311956434
game_615,615,rwanda,usa,1,0.5531668134897944,0.44683318651020565,0.5531668134897944,1464.1076432017294,1467.0233646415325,1466.1990569145007,1464.9319509287611
game_616,616,germany,brazil,0,0.47993613242871813,0.5200638675712819,0.47993613242871813,1495.7067287995544,1549.6560223863814,1493.0486821088994,1552.3140690770365
game_617,617,switzerland,oman,0,0.6029167312536101,0.3970832687463899,0.6029167312536101,1495.339263209587,1462.788964152143,1493.934137390477,1464.194089971253
game_618,618,uk,new_zealand,0,0.5912179119576877,0.4087820880423123,0.5912179119576877,1501.075778332506,1476.9734880953788,1497.9541856863307,1480.095080741554
game_619,619,indonesia,vietnam,0,0.5655040562923028,0.4344959437076972,0.5655040562923028,1481.1649488207152,1475.38494961174,1477.9980970771248,1478.5518013553303
game_620,620,singapore,peru,0,0.5015877292405083,0.4984122707594917,0.5015877292405083,1508.8213851179144,1547.7181141329586,1504.7666826138866,1551.7728166369864
game_621,621,mongolia,kazakhstan,1,0.4721854026023786,0.5278145973976214,0.4721854026023786,1429.7317169577402,1489.0792529954792,1435.02210183118,1483.7888681220395
game_622,622,guatemala,south_korea,0,0.5679292554021791,0.4320707445978209,0.5679292554021791,1502.8375750915652,1495.3418233006212,1500.300857957017,1497.8785404351695
game_623,623,usa,saudi_arabia,0,0.5321753801294649,0.46782461987053514,0.5321753801294649,1464.9319509287611,1482.5432686624706,1461.851320218737,1485.6238993724946
game_624,624,uae,thailand,1,0.48516872272938627,0.5148312772706137,0.48516872272938627,1486.1836750246887,1536.4925262126883,1486.829980433393,1535.846220803984
game_625,625,mongolia,panama,0,0.4140137603077969,0.5859862396922031,0.4140137603077969,1435.02210183118,1535.3711587017365,1432.7444496885237,1537.6488108443928
game_626,626,france,new_zealand,1,0.5861449689951402,0.41385503100485976,0.5861449689951402,1500.557801803511,1480.095080741554,1502.5446892127961,1478.108193332269
game_627,627,rwanda,canada,0,0.504531859767028,0.49546814023297203,0.504531859767028,1466.1990569145007,1503.0499119741364,1460.5996748442626,1508.6492940443745
game_628,628,serbia,germany,1,0.5748848916371322,0.4251151083628678,0.5748848916371322,1505.4784242727553,1493.0486821088994,1510.9428039764728,1487.584302405182
game_629,629,singapore,morocco,1,0.5853814108531902,0.4146185891468098,0.5853814108531902,1504.7666826138866,1484.850619601217,1506.287249711134,1483.3300525039695
game_630,630,guatemala,south_korea,1,0.5607490254782136,0.4392509745217864,0.5607490254782136,1500.300857957017,1497.8785404351695,1505.1708562074632,1493.0085421847232
game_631,631,brazil,pakistan,0,0.5885103708743636,0.41148962912563636,0.5885103708743636,1552.3140690770365,1530.1559785028676,1547.5321351126559,1534.9379124672482
game_632,632,india,china,1,0.5763935490916678,0.42360645090833215,0.5763935490916678,1525.2651476890826,1511.7625291072595,1525.6153595747526,1511.4123172215895
game_633,633,uk,ethiopia,0,0.5647473005742804,0.43525269942571965,0.5647473005742804,1497.9541856863307,1492.709109510258,1496.943983113925,1493.7193120826637
game_634,634,kazakhstan,philippines,1,0.5252189955447675,0.4747810044552325,0.5252189955447675,1483.7888681220395,1506.2500321721216,1484.9922947834714,1505.0466055106897
game_635,635,iceland,peru,0,0.4955674352619625,0.5044325647380374,0.4955674352619625,1508.69267449505,1551.7728166369864,1503.590989449943,1556.8745016820933
game_636,636,switzerland,netherlands,0,0.4893003783616747,0.5106996216383253,0.4893003783616747,1493.934137390477,1541.3701311956434,1491.7075879201068,1543.5966806660135
game_637,637,indonesia,oman,0,0.5768171007830644,0.42318289921693564,0.5768171007830644,1477.9980970771248,1464.194089971253,1475.8329736379237,1466.3592134104542
game_638,638,thailand,mongolia,1,0.695033902949277,0.304966097050723,0.695033902949277,1535.846220803984,1432.7444496885237,1539.2249135669056,1429.365756925602
game_639,639,saudi_arabia,south_korea,1,0.5467998791833606,0.4532001208166394,0.5467998791833606,1485.6238993724946,1493.0085421847232,1487.9095711021498,1490.722870455068
game_640,640,canada,rwanda,0,0.6240687720247412,0.3759312279752588,0.6240687720247412,1508.6492940443745,1460.5996748442626,1507.380997564675,1461.8679713239621
game_641,641,switzerland,pakistan,1,0.49535132323467046,0.5046486767653295,0.49535132323467046,1491.7075879201068,1534.9379124672482,1492.5200239116687,1534.1254764756864
game_642,642,panama,serbia,1,0.5948352356922765,0.4051647643077235,0.5948352356922765,1537.6488108443928,1510.9428039764728,1543.9020876032407,1504.6895272176248
game_643,643,iceland,uae,1,0.5809665988564866,0.4190334011435134,0.5809665988564866,1503.590989449943,1486.829980433393,1508.562491275461,1481.858478607875
game_644,644,india,indonesia,0,0.6264059723322719,0.3735940276677281,0.6264059723322719,1525.6153595747526,1475.8329736379237,1517.5639148286243,1483.884418384052
game_645,645,morocco,brazil,0,0.4652266299713346,0.5347733700286654,0.4652266299713346,1483.3300525039695,1547.5321351126559,1482.474970250481,1548.3872173661443
game_646,646,singapore,germany,1,0.5836855005652283,0.4163144994347717,0.5836855005652283,1506.287249711134,1487.584302405182,1506.5064630929332,1487.3650890233828
game_647,647,ethiopia,kazakhstan,1,0.5696676391331235,0.43033236086687654,0.5696676391331235,1493.7193120826637,1484.9922947834714,1497.4024575723336,1481.3091492938015
game_648,648,oman,china,0,0.49272851175749144,0.5072714882425086,0.49272851175749144,1466.3592134104542,1511.4123172215895,1465.3815454928374,1512.3899851392064
game_649,649,new_zealand,vietnam,0,0.556681526281327,0.44331847371867295,0.556681526281327,1478.108193332269,1478.5518013553303,1477.188661796293,1479.4713328913062
game_650,650,guatemala,uk,1,0.5689617064114613,0.43103829358853873,0.5689617064114613,1505.1708562074632,1496.943983113925,1505.3495041847261,1496.765335136662
game_651,651,philippines,france,1,0.5608618831929868,0.4391381168070132,0.5608618831929868,1505.0466055106897,1502.5446892127961,1510.5865949381496,1497.0046997853362
game_652,652,mexico,peru,0,0.4850973219203832,0.5149026780796169,0.4850973219203832,1506.5159922269672,1556.8745016820933,1506.02185764656,1557.3686362625006
game_653,653,rwanda,serbia,0,0.49593954392745454,0.5040604560725455,0.49593954392745454,1461.8679713239621,1504.6895272176248,1459.9502344171465,1506.6072641244405
game_654,654,panama,saudi_arabia,1,0.6347333474965645,0.3652666525034355,0.6347333474965645,1543.9020876032407,1487.9095711021498,1545.863851705298,1485.9478070000926
game_655,655,ethiopia,thailand,0,0.4973772990506855,0.5026227009493145,0.4973772990506855,1497.4024575723336,1539.2249135669056,1496.772921524105,1539.8544496151342
game_656,656,new_zealand,morocco,0,0.549791441842041,0.450208558157959,0.549791441842041,1477.188661796293,1482.474970250481,1474.7454765677123,1484.9181554790616
game_657,657,china,indonesia,0,0.5973293711273859,0.40267062887261407,0.5973293711273859,1512.3899851392064,1483.884418384052,1509.475582886394,1486.7988206368643
game_658,658,germany,pakistan,0,0.49027224804420794,0.5097277519557921,0.49027224804420794,1487.3650890233828,1534.1254764756864,1482.2826372170607,1539.2079282820084
game_659,659,peru,switzerland,1,0.6464696991167267,0.3535303008832733,0.6464696991167267,1557.3686362625006,1492.5200239116687,1557.5581431313324,1492.3305170428368
game_660,660,oman,guatemala,0,0.50004611114888,0.49995388885112,0.50004611114888,1465.3815454928374,1505.3495041847261,1462.9643317913997,1507.7667178861639
game_661,661,mexico,philippines,1,0.550819354353625,0.44918064564637505,0.550819354353625,1506.02185764656,1510.5865949381496,1509.0314211203063,1507.5770314644033
game_662,662,france,usa,0,0.6064985604558101,0.3935014395441899,0.6064985604558101,1497.0046997853362,1461.851320218737,1495.0241704315868,1463.8318495724866
game_663,663,canada,mongolia,0,0.6635936833983684,0.33640631660163156,0.6635936833983684,1507.380997564675,1429.365756925602,1505.909033093266,1430.837721397011
game_664,664,netherlands,india,1,0.5939008767802485,0.4060991232197515,0.5939008767802485,1543.5966806660135,1517.5639148286243,1543.6806149019976,1517.4799805926402
game_665,665,iceland,kazakhstan,1,0.5955943501407256,0.4044056498592744,0.5955943501407256,1508.562491275461,1481.3091492938015,1508.7779779019404,1481.0936626673222
game_666,666,vietnam,brazil,1,0.4584825122076495,0.5415174877923505,0.4584825122076495,1479.4713328913062,1548.3872173661443,1485.2905596090393,1542.5679906484113
game_667,667,uk,uae,1,0.5783660063976667,0.42163399360233333,0.5783660063976667,1496.765335136662,1481.858478607875,1498.9908556307066,1479.6329581138305
game_668,668,south_korea,singapore,1,0.5347938852377006,0.46520611476229945,0.5347938852377006,1490.722870455068,1506.5064630929332,1496.7123225714658,1500.5170109765354
game_669,669,uae,usa,0,0.5796208161348134,0.4203791838651866,0.5796208161348134,1479.6329581138305,1463.8318495724866,1478.6131777489677,1464.8516299373493
game_670,670,thailand,south_korea,0,0.6174183068501155,0.38258169314988455,0.6174183068501155,1539.8544496151342,1496.7123225714658,1538.5701740303184,1497.9965981562816
game_671,671,rwanda,vietnam,0,0.5210844569926861,0.47891554300731387,0.5210844569926861,1459.9502344171465,1485.2905596090393,1459.2771547638515,1485.9636392623343
game_672,672,ethiopia,new_zealand,1,0.5883282362778492,0.41167176372215075,0.5883282362778492,1496.772921524105,1474.7454765677123,1499.8017408102867,1471.7166572815306
game_673,673,kazakhstan,indonesia,1,0.5491945751185509,0.45080542488144915,0.5491945751185509,1481.0936626673222,1486.7988206368643,1483.5056213804023,1484.3868619237842
game_674,674,iceland,mexico,1,0.5569516616738167,0.4430483383261833,0.5569516616738167,1508.7779779019404,1509.0314211203063,1509.7742180969135,1508.0351809253332
game_675,675,china,switzerland,1,0.581504711360802,0.41849528863919805,0.581504711360802,1509.475582886394,1492.3305170428368,1514.1104995246965,1487.6956004045344
game_676,676,pakistan,oman,1,0.6613132363842309,0.3386867636157691,0.6613132363842309,1539.2079282820084,1462.9643317913997,1544.830907887464,1457.341352185944
game_677,677,philippines,canada,1,0.5596792171233888,0.44032078287661125,0.5596792171233888,1507.5770314644033,1505.909033093266,1509.7363167276646,1503.7497478300047
game_678,678,serbia,india,0,0.5418196025982533,0.45818039740174665,0.5418196025982533,1506.6072641244405,1517.4799805926402,1503.8777792201004,1520.2094654969803
game_679,679,germany,saudi_arabia,1,0.5521002225467351,0.4478997774532649,0.5521002225467351,1482.2826372170607,1485.9478070000926,1484.2353261567669,1483.9951180603864
game_680,680,singapore,panama,0,0.492305885054421,0.5076941149455789,0.492305885054421,1500.5170109765354,1545.863851705298,1492.8533112003438,1553.5275514814896
game_681,681,peru,netherlands,0,0.5769204054504317,0.42307959454956834,0.5769204054504317,1557.5581431313324,1543.6806149019976,1556.301122081296,1544.937635952034
game_682,682,france,morocco,1,0.5716125620263255,0.4283874379736745,0.5716125620263255,1495.0241704315868,1484.9181554790616,1497.3861970104776,1482.5561289001707
game_683,683,mongolia,uk,1,0.4595728267144762,0.5404271732855238,0.4595728267144762,1430.837721397011,1498.9908556307066,1433.187180476653,1496.6413965510644
game_684,684,canada,rwanda,1,0.6192257750889697,0.3807742249110303,0.6192257750889697,1503.7497478300047,1459.2771547638515,1504.3090469792626,1458.7178556145936
game_685,685,china,thailand,1,0.5223494236517655,0.4776505763482345,0.5223494236517655,1514.1104995246965,1538.5701740303184,1516.707690963305,1535.97298259171
game_686,686,vietnam,guatemala,0,0.5261635559189163,0.4738364440810837,0.5261635559189163,1485.9636392623343,1507.7667178861639,1478.4225401632461,1515.307816985252
game_687,687,mexico,saudi_arabia,1,0.5911313372994177,0.4088686627005823,0.5911313372994177,1508.0351809253332,1483.9951180603864,1508.5805352306706,1483.449763755049
game_688,688,usa,south_korea,1,0.5098639038131525,0.4901360961868475,0.5098639038131525,1464.8516299373493,1497.9965981562816,1470.3180902405206,1492.5301378531103
game_689,689,singapore,indonesia,0,0.5692998933732665,0.4307001066267335,0.5692998933732665,1492.8533112003438,1484.3868619237842,1490.2077037344093,1487.0324693897187
game_690,690,ethiopia,germany,0,0.5792915937881395,0.42070840621186045,0.5792915937881395,1499.8017408102867,1484.2353261567669,1497.25537561427,1486.7816913527836
game_691,691,peru,panama,0,0.5612469959679334,0.43875300403206663,0.5612469959679334,1556.301122081296,1553.5275514814896,1552.027953538457,1557.8007200243285
game_692,692,new_zealand,france,0,0.5206115029127275,0.4793884970872725,0.5206115029127275,1471.7166572815306,1497.3861970104776,1468.839068814313,1500.2637854776954
game_693,693,uk,pakistan,1,0.48821652804270865,0.5117834719572913,0.48821652804270865,1496.6413965510644,1544.830907887464,1501.4281483583047,1540.0441560802237
game_694,694,uae,kazakhstan,0,0.5503525743152401,0.4496474256847599,0.5503525743152401,1478.6131777489677,1483.5056213804023,1471.5374102859369,1490.5813888434332
game_695,695,netherlands,morocco,0,0.6432172147572411,0.35678278524275886,0.6432172147572411,1544.937635952034,1482.5561289001707,1543.473190771,1484.0205740812048
game_696,696,iceland,india,0,0.5424447008760146,0.4575552991239854,0.5424447008760146,1509.7742180969135,1520.2094654969803,1507.610857207591,1522.372826386303
game_697,697,serbia,mongolia,0,0.6541171446961584,0.34588285530384155,0.6541171446961584,1503.8777792201004,1433.187180476653,1502.4535602974893,1434.6113993992642
game_698,698,switzerland,oman,1,0.5998863545812088,0.40011364541879124,0.5998863545812088,1487.6956004045344,1457.341352185944,1493.3025469147285,1451.73440567575
game_699,699,kazakhstan,usa,0,0.5858664685152805,0.41413353148471954,0.5858664685152805,1490.5813888434332,1470.3180902405206,1488.0767750705443,1472.8227040134095
game_700,700,philippines,thailand,0,0.5197966756224973,0.4802033243775027,0.5197966756224973,1509.7363167276646,1535.97298259171,1507.1103662587739,1538.5989330606008
game_701,701,rwanda,vietnam,0,0.5291741309973043,0.47082586900269574,0.5291741309973043,1458.7178556145936,1478.4225401632461,1456.9150012277835,1480.2253945500563
game_702,702,mongolia,ethiopia,1,0.46745876111109846,0.5325412388889015,0.46745876111109846,1434.6113993992642,1497.25537561427,1439.0317026162925,1492.8350723972417
game_703,703,netherlands,peru,0,0.5451301740095538,0.45486982599044623,0.5451301740095538,1543.473190771,1552.027953538457,1541.2342780350152,1554.2668662744418
game_704,704,indonesia,mexico,0,0.5265295298193202,0.4734704701806798,0.5265295298193202,1487.0324693897187,1508.5805352306706,1484.2482235193422,1511.3647811010471
game_705,705,new_zealand,india,0,0.48053320226744367,0.5194667977325563,0.48053320226744367,1468.839068814313,1522.372826386303,1468.1710449893887,1523.040850211227
game_706,706,pakistan,canada,0,0.6072974700730573,0.39270252992694266,0.6072974700730573,1540.0441560802237,1504.3090469792626,1530.8450777578348,1513.5081253016515
game_707,707,germany,switzerland,1,0.5480317891477438,0.45196821085225625,0.5480317891477438,1486.7816913527836,1493.3025469147285,1492.1242980990057,1487.9599401685064
game_708,708,singapore,china,1,0.5194183084896768,0.48058169151032315,0.5194183084896768,1490.2077037344093,1516.707690963305,1492.6924817695237,1514.2229129281905
game_709,709,oman,france,0,0.48772770108104374,0.5122722989189563,0.48772770108104374,1451.73440567575,1500.2637854776954,1450.8586242243703,1501.139566929075
game_710,710,iceland,uk,0,0.5660735684990884,0.4339264315009116,0.5660735684990884,1507.610857207591,1501.4281483583047,1501.3556014611288,1507.6834041047669
game_711,711,guatemala,serbia,0,0.5754820039169253,0.4245179960830747,0.5754820039169253,1515.307816985252,1502.4535602974893,1513.2931319099316,1504.4682453728096
game_712,712,brazil,saudi_arabia,1,0.6388947767580306,0.36110522324196936,0.6388947767580306,1542.5679906484113,1483.449763755049,1544.4509741092102,1481.56678029425
game_713,713,south_korea,panama,0,0.46369670498451376,0.5363032950154862,0.46369670498451376,1492.5301378531103,1557.8007200243285,1491.5544313203936,1558.7764265570452
game_714,714,rwanda,brazil,0,0.4320139310633609,0.5679860689366392,0.4320139310633609,1456.9150012277835,1544.4509741092102,1452.3604940140847,1549.005481322909
game_715,715,pakistan,serbia,1,0.5943784756172734,0.4056215243827266,0.5943784756172734,1530.8450777578348,1504.4682453728096,1533.5252995921264,1501.788023538518
game_716,716,india,germany,0,0.6006630278563263,0.3993369721436737,0.6006630278563263,1523.040850211227,1492.1242980990057,1520.991398720931,1494.1737495893017
game_717,717,panama,ethiopia,1,0.6479060041862678,0.35209399581373224,0.6479060041862678,1558.7764265570452,1492.8350723972417,1562.6648607622315,1488.9466381920554
game_718,718,morocco,saudi_arabia,1,0.5607936542948625,0.4392063457051375,0.5607936542948625,1484.0205740812048,1481.56678029425,1489.6623008066888,1475.925053568766
game_719,719,indonesia,oman,0,0.6040728308027499,0.39592716919725013,0.6040728308027499,1484.2482235193422,1450.8586242243703,1479.2735381925615,1455.833309551151
game_720,720,peru,china,1,0.6131968337977506,0.3868031662022494,0.6131968337977506,1554.2668662744418,1514.2229129281905,1555.4073533645999,1513.0824258380323
game_721,721,netherlands,kazakhstan,1,0.6309414333727893,0.3690585666272107,0.6309414333727893,1541.2342780350152,1488.0767750705443,1545.9588920489475,1483.352161056612
game_722,722,new_zealand,philippines,0,0.5015264346538253,0.4984735653461747,0.5015264346538253,1468.1710449893887,1507.1103662587739,1467.5383956401013,1507.7430156080613
game_723,723,usa,iceland,0,0.5164964975239045,0.4835035024760955,0.5164964975239045,1472.8227040134095,1501.3556014611288,1470.9339959577717,1503.2443095167666
game_724,724,thailand,uk,0,0.6006616150963058,0.3993383849036942,0.6006616150963058,1538.5989330606008,1507.6834041047669,1536.9024745472955,1509.3798626180721
game_725,725,switzerland,mexico,1,0.5238642079678245,0.4761357920321755,0.5238642079678245,1487.9599401685064,1511.3647811010471,1491.9157007251304,1507.4090205444231
game_726,726,guatemala,mongolia,1,0.6587529012725689,0.3412470987274311,0.6587529012725689,1513.2931319099316,1439.0317026162925,1515.1427073913922,1437.182127134832
game_727,727,france,canada,1,0.5396812154123192,0.46031878458768083,0.5396812154123192,1501.139566929075,1513.5081253016515,1503.6895524806343,1510.9581397500922
game_728,728,vietnam,south_korea,1,0.5411674275673315,0.4588325724326685,0.5411674275673315,1480.2253945500563,1491.5544313203936,1481.4328281596331,1490.3469977108168
game_729,729,singapore,uae,0,0.5871114321099794,0.4128885678900206,0.5871114321099794,1492.6924817695237,1471.5374102859369,1490.2047583686344,1474.0251336868262
game_730,730,pakistan,rwanda,1,0.6676289717433491,0.3323710282566509,0.6676289717433491,1533.5252995921264,1452.3604940140847,1538.8954039238174,1446.9903896823937
game_731,731,morocco,serbia,0,0.5400284635818635,0.4599715364181365,0.5400284635818635,1489.6623008066888,1501.788023538518,1488.8762986306192,1502.5740257145876
game_732,732,saudi_arabia,india,1,0.4927094599767901,0.50729054002321,0.4927094599767901,1475.925053568766,1520.991398720931,1478.6108905698036,1518.3055617198936
game_733,733,panama,switzerland,1,0.6541934102380438,0.3458065897619562,0.6541934102380438,1562.6648607622315,1491.9157007251304,1566.459786237798,1488.1207752495638
game_734,734,usa,oman,0,0.5786380739685226,0.4213619260314774,0.5786380739685226,1470.9339959577717,1455.833309551151,1469.1724873608812,1457.5948181480414
game_735,735,ethiopia,china,1,0.5228145835104281,0.4771854164895719,0.5228145835104281,1488.9466381920554,1513.0824258380323,1490.851436823261,1511.1776272068266
game_736,736,germany,indonesia,0,0.5783566781731201,0.4216433218268799,0.5783566781731201,1494.1737495893017,1479.2735381925615,1489.9430221796692,1483.504265602194
game_737,737,vietnam,philippines,0,0.5196910345389623,0.48030896546103774,0.5196910345389623,1481.4328281596331,1507.7430156080613,1480.7646076105225,1508.411236157172
game_738,738,iceland,mongolia,1,0.6480646578162694,0.35193534218373057,0.6480646578162694,1503.2443095167666,1437.182127134832,1504.2585490853985,1436.1678875662
game_739,739,netherlands,uk,1,0.6084554343097052,0.39154456569029483,0.6084554343097052,1545.9588920489475,1509.3798626180721,1548.0976515592604,1507.2411031077593
game_740,740,new_zealand,uae,1,0.5480804346435157,0.45191956535648425,0.5480804346435157,1467.5383956401013,1474.0251336868262,1475.4765805014117,1466.0869488255157
game_741,741,thailand,guatemala,1,0.5879549879663193,0.4120450120336807,0.5879549879663193,1536.9024745472955,1515.1427073913922,1537.1061900739965,1514.9389918646912
game_742,742,kazakhstan,france,0,0.5282665971276994,0.4717334028723006,0.5282665971276994,1483.352161056612,1503.6895524806343,1480.9201615409145,1506.1215519963318
game_743,743,south_korea,mexico,1,0.532962524824124,0.467037475175876,0.532962524824124,1490.3469977108168,1507.4090205444231,1491.2788259134502,1506.4771923417898
game_744,744,singapore,canada,0,0.5276698126570737,0.4723301873429263,0.5276698126570737,1490.2047583686344,1510.9581397500922,1487.648342113391,1513.5145560053356
game_745,745,peru,brazil,1,0.5663834360065666,0.4336165639934334,0.5663834360065666,1555.4073533645999,1549.005481322909,1562.1503472284894,1542.2624874590194
game_746,746,guatemala,vietnam,0,0.6051527868954643,0.39484721310453574,0.6051527868954643,1514.9389918646912,1480.7646076105225,1513.08935892592,1482.6142405492938
game_747,747,brazil,germany,1,0.6298174052863701,0.3701825947136299,0.6298174052863701,1542.2624874590194,1489.9430221796692,1543.9423103798806,1488.263199258808
game_748,748,south_korea,china,1,0.5288957165728326,0.47110428342716737,0.5288957165728326,1491.2788259134502,1511.1776272068266,1497.7858656829735,1504.6705874373033
game_749,749,usa,indonesia,1,0.5368724800986286,0.46312751990137135,0.5368724800986286,1469.1724873608812,1483.504265602194,1470.450767783245,1482.22598517983
game_750,750,guatemala,germany,0,0.5922245879304834,0.4077754120695166,0.5922245879304834,1513.08935892592,1488.263199258808,1506.4251889402838,1494.9273692444442
game_751,751,ethiopia,thailand,1,0.49099965880240165,0.5090003411975983,0.49099965880240165,1490.851436823261,1537.1061900739965,1491.8004379687438,1536.1571889285137
game_752,752,philippines,india,1,0.5432174375549382,0.45678256244506177,0.5432174375549382,1508.411236157172,1518.3055617198936,1509.1931621763306,1517.523635700735
game_753,753,morocco,rwanda,1,0.6157087188937765,0.38429128110622346,0.6157087188937765,1488.8762986306192,1446.9903896823937,1489.0934429140236,1446.7732453989893
game_754,754,vietnam,pakistan,0,0.4765866581089391,0.5234133418910609,0.4765866581089391,1482.6142405492938,1538.8954039238174,1479.9778874669066,1541.5317570062045
game_755,755,saudi_arabia,singapore,1,0.5444411022813986,0.45555889771860136,0.5444411022813986,1478.6108905698036,1487.648342113391,1480.9041765198492,1485.3550561633454
game_756,756,netherlands,oman,1,0.679447673934026,0.32055232606597395,0.679447673934026,1548.0976515592604,1457.5948181480414,1552.6784749492665,1453.0139947580353
game_757,757,uk,iceland,1,0.5615432127209115,0.43845678727908854,0.5615432127209115,1507.2411031077593,1504.2585490853985,1509.4153283608816,1502.0843238322761
game_758,758,france,china,0,0.5593713071285273,0.44062869287147266,0.5593713071285273,1506.1215519963318,1504.6705874373033,1504.229556386221,1506.5625830474141
game_759,759,serbia,panama,1,0.4656796808022612,0.5343203191977388,0.4656796808022612,1502.5740257145876,1566.459786237798,1504.580925951084,1564.4528860013015
game_760,760,peru,mongolia,1,0.722214277359739,0.277785722640261,0.722214277359739,1562.1503472284894,1436.1678875662,1563.684678277651,1434.6335565170384
game_761,761,brazil,canada,1,0.5999879124066884,0.40001208759331164,0.5999879124066884,1543.9423103798806,1513.5145560053356,1544.411835160047,1513.0450312251692
game_762,762,kazakhstan,new_zealand,1,0.5650281608437883,0.43497183915621174,0.5650281608437883,1480.9201615409145,1475.4765805014117,1485.9363653385647,1470.4603767037615
game_763,763,uae,mexico,1,0.49943839467166806,0.5005616053283319,0.49943839467166806,1466.0869488255157,1506.4771923417898,1468.646657070248,1503.9174840970575
game_764,764,south_korea,switzerland,1,0.5709909246021898,0.4290090753978102,0.5709909246021898,1497.7858656829735,1488.1207752495638,1500.147525318968,1485.7591156135693
game_765,765,peru,usa,1,0.6828620566237058,0.3171379433762942,0.6828620566237058,1563.684678277651,1470.450767783245,1565.3808575685987,1468.7545884922974
game_766,766,china,switzerland,1,0.5866207057452825,0.41337929425471753,0.5866207057452825,1506.5625830474141,1485.7591156135693,1512.3153828041275,1480.006315856856
game_767,767,saudi_arabia,pakistan,0,0.47034935584657783,0.5296506441534221,0.47034935584657783,1480.9041765198492,1541.5317570062045,1474.222929384738,1548.2130041413157
game_768,768,rwanda,mexico,0,0.4753474630957364,0.5246525369042636,0.4753474630957364,1446.7732453989893,1503.9174840970575,1442.94895496361,1507.7417745324367
game_769,769,uk,guatemala,1,0.5615539635732345,0.4384460364267655,0.5615539635732345,1509.4153283608816,1506.4251889402838,1515.052234100101,1500.7882832010644
game_770,770,serbia,thailand,1,0.5121203571989235,0.48787964280107654,0.5121203571989235,1504.580925951084,1536.1571889285137,1506.0599502583525,1534.6781646212453
game_771,771,india,philippines,0,0.5691079572206104,0.43089204277938964,0.5691079572206104,1517.523635700735,1509.1931621763306,1515.8128342481373,1510.9039636289283
game_772,772,kazakhstan,oman,0,0.6034293862179566,0.3965706137820434,0.6034293862179566,1485.9363653385647,1453.0139947580353,1483.8330932352167,1455.1172668613833
game_773,773,morocco,indonesia,0,0.5670415395207667,0.43295846047923325,0.5670415395207667,1489.0934429140236,1482.22598517983,1487.2361057675773,1484.0833223262764
game_774,774,singapore,ethiopia,0,0.5481394000406863,0.4518605999593137,0.5481394000406863,1485.3550561633454,1491.8004379687438,1483.0971734902957,1494.0583206417934
game_775,775,new_zealand,south_korea,1,0.5148370289494192,0.4851629710505808,0.5148370289494192,1470.4603767037615,1500.147525318968,1470.9824774971548,1499.6254245255748
game_776,776,france,vietnam,1,0.59142571393307,0.40857428606693,0.59142571393307,1504.229556386221,1479.9778874669066,1506.494557841112,1477.7128860120156
game_777,777,uae,mongolia,0,0.6049309250290774,0.3950690749709226,0.6049309250290774,1468.646657070248,1434.6335565170384,1467.4406957727344,1435.839517814552
game_778,778,germany,panama,1,0.4576113576801857,0.5423886423198143,0.4576113576801857,1494.9273692444442,1564.4528860013015,1501.3011553201804,1558.0790999255653
game_779,779,netherlands,canada,1,0.6126361926786184,0.38736380732138165,0.6126361926786184,1552.6784749492665,1513.0450312251692,1557.1345191339014,1508.588987040534
game_780,780,brazil,iceland,1,0.6163100241205283,0.38368997587947173,0.6163100241205283,1544.411835160047,1502.0843238322761,1551.1562297476805,1495.3399292446427
game_781,781,thailand,rwanda,1,0.6809832903537701,0.31901670964622986,0.6809832903537701,1534.6781646212453,1442.94895496361,1535.214985849299,1442.4121337355564
game_782,782,oman,usa,1,0.5378663006086791,0.4621336993913209,0.5378663006086791,1455.1172668613833,1468.7545884922974,1458.9391130102745,1464.9327423434063
game_783,783,mongolia,philippines,0,0.44970883833524994,0.5502911616647501,0.44970883833524994,1435.839517814552,1510.9039636289283,1433.3613223841598,1513.3821590593204
game_784,784,pakistan,singapore,1,0.6468211776358941,0.3531788223641059,0.6468211776358941,1548.2130041413157,1483.0971734902957,1551.2040956768556,1480.1060819547558
game_785,785,china,guatemala,1,0.573614531139322,0.42638546886067796,0.573614531139322,1512.3153828041275,1500.7882832010644,1516.902192955014,1496.2014730501778
game_786,786,indonesia,panama,1,0.4512316828478428,0.5487683171521571,0.4512316828478428,1484.0833223262764,1558.0790999255653,1485.7537756971217,1556.40864655472
game_787,787,iceland,peru,1,0.45687504495544357,0.5431249550445565,0.45687504495544357,1495.3399292446427,1565.3808575685987,1498.1744367157607,1562.5463500974806
game_788,788,germany,serbia,0,0.5505429522813831,0.44945704771861694,0.5505429522813831,1501.3011553201804,1506.0599502583525,1499.3819167743177,1507.9791888042153
game_789,789,mexico,switzerland,0,0.5962626327634902,0.40373736723650977,0.5962626327634902,1507.7417745324367,1480.006315856856,1502.8362726795199,1484.9118177097728
game_790,790,canada,kazakhstan,1,0.592126903862051,0.407873096137949,0.592126903862051,1508.588987040534,1483.8330932352167,1513.0936081385576,1479.328472137193
game_791,791,uk,france,1,0.5694286528710413,0.4305713471289587,0.5694286528710413,1515.052234100101,1506.494557841112,1515.3368636532869,1506.2099282879262
game_792,792,morocco,uae,0,0.5852128303599579,0.41478716964004214,0.5852128303599579,1487.2361057675773,1467.4406957727344,1479.7267697053403,1474.9500318349715
game_793,793,new_zealand,ethiopia,1,0.5243365737980199,0.4756634262019801,0.5243365737980199,1470.9824774971548,1494.0583206417934,1475.1546426857474,1489.886155453201
game_794,794,saudi_arabia,vietnam,1,0.5523496236211912,0.4476503763788088,0.5523496236211912,1474.222929384738,1477.7128860120156,1475.242072110552,1476.6937432862017
game_795,795,south_korea,netherlands,0,0.4748236969846349,0.5251763030153651,0.4748236969846349,1499.6254245255748,1557.1345191339014,1495.5879307908478,1561.1720128686284
game_796,796,rwanda,guatemala,0,0.4801659586956812,0.5198340413043188,0.4801659586956812,1442.4121337355564,1496.2014730501778,1440.5709730882302,1498.042633697504
game_797,797,mongolia,serbia,1,0.45034509779190807,0.5496549022080919,0.45034509779190807,1433.3613223841598,1507.9791888042153,1434.7017907466015,1506.6387204417736
game_798,798,saudi_arabia,philippines,1,0.502676604473149,0.497323395526851,0.502676604473149,1475.242072110552,1513.3821590593204,1477.8589236368275,1510.765307533045
game_799,799,thailand,panama,1,0.5270380962373252,0.4729619037626748,0.5270380962373252,1535.214985849299,1556.40864655472,1540.245868628187,1551.377763775832
game_800,800,ethiopia,morocco,1,0.5716877915488396,0.42831220845116036,0.5716877915488396,1489.886155453201,1479.7267697053403,1490.366003695832,1479.2469214627092
game_801,801,china,indonesia,1,0.6009831407576459,0.3990168592423541,0.6009831407576459,1516.902192955014,1485.7537756971217,1518.1548658367321,1484.5011028154036
game_802,802,india,new_zealand,1,0.6140351506814178,0.3859648493185822,0.6140351506814178,1515.8128342481373,1475.1546426857474,1517.787634906557,1473.1798420273276
game_803,803,south_korea,pakistan,1,0.47754165381843855,0.5224583461815615,0.47754165381843855,1495.5879307908478,1551.2040956768556,1499.7146458973646,1547.0773805703388
game_804,804,switzerland,peru,0,0.44605039372773403,0.553949606272266,0.44605039372773403,1484.9118177097728,1562.5463500974806,1481.1484169404364,1566.309750866817
game_805,805,uk,oman,0,0.6352740101785822,0.3647259898214178,0.6352740101785822,1515.3368636532869,1458.9391130102745,1514.005085556843,1460.2708911067184
game_806,806,france,germany,0,0.5669857915823634,0.4330142084176366,0.5669857915823634,1506.2099282879262,1499.3819167743177,1504.8108861062763,1500.7809589559677
game_807,807,usa,kazakhstan,1,0.5367809456835815,0.4632190543164185,0.5367809456835815,1464.9327423434063,1479.328472137193,1469.1156286841097,1475.1455857964897
game_808,808,canada,brazil,0,0.5027880827287162,0.4972119172712838,0.5027880827287162,1513.0936081385576,1551.1562297476805,1506.88735312324,1557.362484762998
game_809,809,iceland,vietnam,0,0.5875657415124225,0.41243425848757753,0.5875657415124225,1498.1744367157607,1476.6937432862017,1496.9063350401077,1477.9618449618547
game_810,810,mexico,singapore,0,0.5893076562683988,0.41069234373160124,0.5893076562683988,1502.8362726795199,1480.1060819547558,1501.7618978513678,1481.1804567829079
game_811,811,netherlands,uae,1,0.6740569938976619,0.32594300610233806,0.6740569938976619,1561.1720128686284,1474.9500318349715,1561.5556461818157,1474.566398521784
game_812,812,thailand,singapore,0,0.6388246320646384,0.36117536793536165,0.6388246320646384,1540.245868628187,1481.1804567829079,1532.4438401866307,1488.9824852244642
game_813,813,ethiopia,serbia,0,0.5340933195295612,0.4659066804704388,0.5340933195295612,1490.366003695832,1506.6387204417736,1489.5420937901931,1507.4626303474124
game_814,814,saudi_arabia,philippines,0,0.5102071159229207,0.4897928840770793,0.5102071159229207,1477.8589236368275,1510.765307533045,1477.1563339440188,1511.4678972258537
game_815,815,usa,france,0,0.5061947055690755,0.49380529443092447,0.5061947055690755,1469.1156286841097,1504.8108861062763,1467.3861257526896,1506.5403890376963
game_816,816,peru,india,0,0.624706666129905,0.375293333870095,0.624706666129905,1566.309750866817,1517.787634906557,1562.8544167482696,1521.2429690251045
game_817,817,south_korea,germany,1,0.5557967193884825,0.4442032806115175,0.5557967193884825,1499.7146458973646,1500.7809589559677,1506.0248152942522,1494.47078955908
game_818,818,kazakhstan,uae,1,0.5581340421802441,0.4418659578197559,0.5581340421802441,1475.1455857964897,1474.566398521784,1476.0897069065222,1473.6222774117516
game_819,819,indonesia,iceland,0,0.5396287694735912,0.4603712305264088,0.5396287694735912,1484.5011028154036,1496.9063350401077,1483.155787913498,1498.2516499420133
game_820,820,switzerland,rwanda,1,0.6139249840897436,0.3860750159102564,0.6139249840897436,1481.1484169404364,1440.5709730882302,1481.0893595466246,1440.630030482042
game_821,821,canada,pakistan,1,0.49972652854792593,0.500273471452074,0.49972652854792593,1506.88735312324,1547.0773805703388,1510.9055046493072,1543.0592290442717
game_822,822,uk,china,1,0.5514102844492026,0.4485897155507974,0.5514102844492026,1514.005085556843,1518.1548658367321,1515.111936151946,1517.048015241629
game_823,823,new_zealand,panama,0,0.44524919147206937,0.5547508085279307,0.44524919147206937,1473.1798420273276,1551.377763775832,1470.7343763454512,1553.8232294577083
game_824,824,vietnam,guatemala,0,0.5286346824224945,0.47136531757750555,0.5286346824224945,1477.9618449618547,1498.042633697504,1477.1408408296775,1498.8636378296812
game_825,825,morocco,netherlands,0,0.43941204094347264,0.5605879590565274,0.43941204094347264,1479.2469214627092,1561.5556461818157,1476.5598734172984,1564.2426942272266
game_826,826,mongolia,brazil,1,0.38323653485800263,0.6167634651419973,0.38323653485800263,1434.7017907466015,1557.362484762998,1436.6077680009616,1555.456507508638
game_827,827,south_korea,thailand,0,0.51953464586662,0.48046535413338,0.51953464586662,1506.0248152942522,1532.4438401866307,1503.144977246261,1535.3236782346219
game_828,828,uk,morocco,0,0.611157903735572,0.388842096264428,0.611157903735572,1515.111936151946,1476.5598734172984,1513.5925792066505,1478.079230362594
game_829,829,china,rwanda,0,0.6615380424601861,0.3384619575398139,0.6615380424601861,1517.048015241629,1440.630030482042,1515.256354853385,1442.421690870286
game_830,830,new_zealand,mongolia,1,0.6050870708632307,0.39491292913676934,0.6050870708632307,1470.7343763454512,1436.6077680009616,1474.865201739133,1432.4769426072799
game_831,831,pakistan,usa,1,0.6605772981795995,0.33942270182040046,0.6605772981795995,1543.0592290442717,1467.3861257526896,1548.3429340678413,1462.10242072912
game_832,832,vietnam,saudi_arabia,0,0.557289630206903,0.44271036979309697,0.557289630206903,1477.1408408296775,1477.1563339440188,1474.4642966032156,1479.8328781704806
game_833,833,oman,peru,0,0.41089669335501483,0.5891033066449851,0.41089669335501483,1460.2708911067184,1562.8544167482696,1455.1712471771407,1567.9540606778473
game_834,834,mexico,ethiopia,1,0.5745895166931417,0.42541048330685827,0.5745895166931417,1501.7618978513678,1489.5420937901931,1503.2736898664034,1488.0303017751576
game_835,835,indonesia,kazakhstan,1,0.5673222208991245,0.43267777910087546,0.5673222208991245,1483.155787913498,1476.0897069065222,1485.1823132446634,1474.0631815753568
game_836,836,panama,iceland,1,0.6341713741471947,0.3658286258528053,0.6341713741471947,1553.8232294577083,1498.2516499420133,1555.4329314169665,1496.641947982755
game_837,837,singapore,serbia,0,0.53093001689475,0.46906998310525005,0.53093001689475,1488.9824852244642,1507.4626303474124,1484.354944895566,1512.0901706763107
game_838,838,france,switzerland,0,0.5930929647148456,0.4069070352851544,0.5930929647148456,1506.5403890376963,1481.0893595466246,1504.163255029637,1483.466493554684
game_839,839,guatemala,uae,0,0.5928016537774454,0.4071983462225546,0.5928016537774454,1498.8636378296812,1473.6222774117516,1497.7592889847353,1474.7266262566975
game_840,840,canada,india,0,0.5425844045526154,0.45741559544738464,0.5425844045526154,1510.9055046493072,1521.2429690251045,1505.4759841052091,1526.6724895692025
game_841,841,philippines,brazil,0,0.4942601805432965,0.5057398194567035,0.4942601805432965,1511.4678972258537,1555.456507508638,1510.9127672357586,1556.011637498733
game_842,842,netherlands,germany,1,0.6529196756985808,0.3470803243014192,0.6529196756985808,1564.2426942272266,1494.47078955908,1566.7973437318576,1491.916140054449
game_843,843,usa,china,1,0.48107900659665975,0.5189209934033403,0.48107900659665975,1462.10242072912,1515.256354853385,1462.9133672589146,1514.4454083235903
game_844,844,saudi_arabia,thailand,1,0.4777217072221682,0.5222782927778318,0.4777217072221682,1479.8328781704806,1535.3236782346219,1480.9145752466552,1534.2419811584473
game_845,845,kazakhstan,pakistan,0,0.45082693034793536,0.5491730696520647,0.45082693034793536,1474.0631815753568,1548.3429340678413,1471.7058195391508,1550.7002961040473
game_846,846,peru,singapore,1,0.6707311296908337,0.3292688703091663,0.6707311296908337,1567.9540606778473,1484.354944895566,1567.7985970433197,1484.5104085300936
game_847,847,germany,panama,0,0.4662082066602586,0.5337917933397414,0.4662082066602586,1491.916140054449,1555.4329314169665,1491.2092758074477,1556.1397956639678
game_848,848,indonesia,morocco,1,0.5673745047523895,0.4326254952476105,0.5673745047523895,1485.1823132446634,1478.079230362594,1487.4910682829984,1475.770475324259
game_849,849,india,guatemala,1,0.5978936455487908,0.40210635445120924,0.5978936455487908,1526.6724895692025,1497.7592889847353,1532.746096898835,1491.6856816551028
game_850,850,mongolia,rwanda,0,0.5431454146786988,0.4568545853213012,0.5431454146786988,1432.4769426072799,1442.421690870286,1431.5574278474026,1443.3412056301634
game_851,851,new_zealand,mexico,1,0.5166753399164394,0.48332466008356056,0.5166753399164394,1474.865201739133,1503.2736898664034,1475.763865569774,1502.3750260357624
game_852,852,france,ethiopia,1,0.5800861981498497,0.41991380185015026,0.5800861981498497,1504.163255029637,1488.0303017751576,1506.359037710151,1485.8345190946436
game_853,853,oman,vietnam,1,0.529764463666741,0.470235536333259,0.529764463666741,1455.1712471771407,1474.4642966032156,1459.108618490843,1470.5269252895134
game_854,854,serbia,canada,1,0.5666835709299032,0.4333164290700968,0.5666835709299032,1512.0901706763107,1505.4759841052091,1515.723859130588,1501.8422956509319
game_855,855,iceland,philippines,1,0.5369597289173159,0.4630402710826841,0.5369597289173159,1496.641947982755,1510.9127672357586,1499.1836716863456,1508.371043532168
game_856,856,switzerland,uae,1,0.5696857726525342,0.4303142273474658,0.5696857726525342,1483.466493554684,1474.7266262566975,1484.961400590784,1473.2317192205974
game_857,857,brazil,south_korea,1,0.6305514973667005,0.36944850263329954,0.6305514973667005,1556.011637498733,1503.144977246261,1559.1832115272769,1499.9734032177173
game_858,858,saudi_arabia,germany,0,0.5426454995793297,0.4573545004206703,0.5426454995793297,1480.9145752466552,1491.2092758074477,1476.1331707143013,1495.9906803398017
game_859,859,morocco,uae,0,0.5609141137290508,0.43908588627094924,0.5609141137290508,1475.770475324259,1473.2317192205974,1474.8779174639076,1474.1242770809488
game_860,860,uk,serbia,1,0.5542826814679658,0.4457173185320342,0.5542826814679658,1513.5925792066505,1515.723859130588,1519.9811314327412,1509.3353069044972
game_861,861,thailand,netherlands,1,0.5107120551066127,0.48928794489338734,0.5107120551066127,1534.2419811584473,1566.7973437318576,1535.8666489616294,1565.1726759286755
game_862,862,rwanda,new_zealand,1,0.5109029403209894,0.4890970596790106,0.5109029403209894,1443.3412056301634,1475.763865569774,1445.6423793575668,1473.4626918423705
game_863,863,pakistan,philippines,1,0.6163123943726044,0.38368760562739557,0.6163123943726044,1550.7002961040473,1508.371043532168,1551.2622539997203,1507.809085636495
game_864,864,oman,france,1,0.4895673223886735,0.5104326776113265,0.4895673223886735,1459.108618490843,1506.359037710151,1461.3979008422452,1504.0697553587486
game_865,865,singapore,usa,0,0.5877280344947846,0.4122719655052154,0.5877280344947846,1484.5104085300936,1462.9133672589146,1481.5080502237188,1465.9157255652894
game_866,866,panama,indonesia,1,0.6514530413614608,0.34854695863853924,0.6514530413614608,1556.1397956639678,1487.4910682829984,1558.0044611074559,1485.6264028395103
game_867,867,mexico,south_korea,0,0.5607196828293973,0.4392803171706027,0.5607196828293973,1502.3750260357624,1499.9734032177173,1500.4876898679402,1501.8607393855395
game_868,868,guatemala,india,1,0.4984739445307467,0.5015260554692533,0.4984739445307467,1491.6856816551028,1532.746096898835,1494.099147935491,1530.332630618447
game_869,869,iceland,china,0,0.5355411809815837,0.46445881901841635,0.5355411809815837,1499.1836716863456,1514.4454083235903,1496.6939049187858,1516.93517509115
game_870,870,switzerland,brazil,0,0.45090950981070216,0.5490904901892979,0.45090950981070216,1484.961400590784,1559.1832115272769,1481.80484238264,1562.339769735421
game_871,871,kazakhstan,mongolia,0,0.613339419519179,0.38666058048082097,0.613339419519179,1471.7058195391508,1431.5574278474026,1464.464698537594,1438.7985488489594
game_872,872,ethiopia,vietnam,1,0.5789284450006086,0.4210715549993914,0.5789284450006086,1485.8345190946436,1470.5269252895134,1488.063915485244,1468.297528898913
game_873,873,india,pakistan,1,0.5274169496978228,0.4725830503021772,0.5274169496978228,1530.332630618447,1551.2622539997203,1530.7356721670035,1550.8592124511638
game_874,874,saudi_arabia,china,0,0.49884582497335106,0.5011541750266489,0.49884582497335106,1476.1331707143013,1516.93517509115,1474.540407775981,1518.5279380294703
game_875,875,peru,uk,1,0.6237551952391488,0.3762448047608512,0.6237551952391488,1567.7985970433197,1519.9811314327412,1570.0124509358698,1517.7672775401911
game_876,876,iceland,morocco,1,0.5880333896199332,0.41196661038006677,0.5880333896199332,1496.6939049187858,1474.8779174639076,1497.9553515637892,1473.6164708189042
game_877,877,serbia,canada,1,0.5679253842433097,0.43207461575669026,0.5679253842433097,1509.3353069044972,1501.8422956509319,1512.1674333428673,1499.0101692125618
game_878,878,kazakhstan,germany,0,0.5121926748526733,0.4878073251473267,0.5121926748526733,1464.464698537594,1495.9906803398017,1463.4381855415709,1497.0171933358247
game_879,879,rwanda,oman,1,0.5348340870245272,0.46516591297547283,0.5348340870245272,1445.6423793575668,1461.3979008422452,1449.6312878117674,1457.4089923880447
game_880,880,south_korea,usa,0,0.6075855989036374,0.3924144010963626,0.6075855989036374,1501.8607393855395,1465.9157255652894,1500.0584316242655,1467.7180333265635
game_881,881,guatemala,new_zealand,0,0.5863875511915854,0.41361244880841463,0.5863875511915854,1494.099147935491,1473.4626918423705,1493.0465042875728,1474.5153354902886
game_882,882,panama,mexico,0,0.6367652304736153,0.36323476952638467,0.6367652304736153,1558.0044611074559,1500.4876898679402,1556.3476353246085,1502.1445156507875
game_883,883,brazil,philippines,1,0.6327801564298207,0.36721984357017934,0.6327801564298207,1562.339769735421,1507.809085636495,1563.7779009792891,1506.3709543926268
game_884,884,vietnam,ethiopia,0,0.5290856360201153,0.47091436397988473,0.5290856360201153,1468.297528898913,1488.063915485244,1465.9854806940928,1490.3759636900643
game_885,885,uae,switzerland,0,0.5463777099155008,0.45362229008449917,0.5463777099155008,1474.1242770809488,1481.80484238264,1473.1330323998602,1482.7960870637285
game_886,886,indonesia,netherlands,1,0.4433328488740993,0.5566671511259007,0.4433328488740993,1485.6264028395103,1565.1726759286755,1488.016981968525,1562.7820967996608
game_887,887,france,singapore,0,0.5890729013310408,0.41092709866895916,0.5890729013310408,1504.0697553587486,1481.5080502237188,1502.4463328980862,1483.1314726843812
game_888,888,mongolia,thailand,0,0.4186031119298756,0.5813968880701244,0.4186031119298756,1438.7985488489594,1535.8666489616294,1434.1889713338533,1540.4762264767355
game_889,889,saudi_arabia,rwanda,0,0.5923399105053349,0.40766008949466515,0.5923399105053349,1474.540407775981,1449.6312878117674,1472.057794654232,1452.1139009335163
game_890,890,thailand,uae,1,0.6497446765449931,0.3502553234550069,0.6497446765449931,1540.4762264767355,1473.1330323998602,1545.9277837578234,1467.6814751187724
game_891,891,usa,panama,1,0.43046983639159964,0.5695301636084004,0.43046983639159964,1467.7180333265635,1556.3476353246085,1469.307363582856,1554.758305068316
game_892,892,oman,new_zealand,0,0.5328990195004325,0.4671009804995675,0.5328990195004325,1457.4089923880447,1474.5153354902886,1455.7239223845108,1476.2004054938225
game_893,893,germany,serbia,0,0.5357008231444473,0.46429917685555266,0.5357008231444473,1497.0171933358247,1512.1674333428673,1495.8397611366806,1513.3448655420113
game_894,894,morocco,peru,0,0.4195450317154116,0.5804549682845884,0.4195450317154116,1473.6164708189042,1570.0124509358698,1471.0180936392053,1572.6108281155687
game_895,895,singapore,pakistan,0,0.4601810763155908,0.5398189236844092,0.4601810763155908,1483.1314726843812,1550.8592124511638,1478.45996323981,1555.530721895735
game_896,896,indonesia,india,1,0.4960875701513999,0.5039124298486001,0.4960875701513999,1488.016981968525,1530.7356721670035,1490.7092539467537,1528.0434001887747
game_897,897,kazakhstan,guatemala,0,0.514950373591195,0.485049626408805,0.514950373591195,1463.4381855415709,1493.0465042875728,1456.8226342291896,1499.662055599954
game_898,898,china,switzerland,1,0.6072929971559807,0.39270700284401927,0.6072929971559807,1518.5279380294703,1482.7960870637285,1523.5732684002548,1477.750756692944
game_899,899,mexico,philippines,0,0.5513011278946364,0.44869887210536363,0.5513011278946364,1502.1445156507875,1506.3709543926268,1501.2763176384728,1507.2391524049415
game_900,900,mongolia,iceland,0,0.4658506774290618,0.5341493225709382,0.4658506774290618,1434.1889713338533,1497.9553515637892,1433.0811806020195,1499.063142295623
game_901,901,vietnam,france,1,0.5050930669394859,0.49490693306051414,0.5050930669394859,1465.9854806940928,1502.4463328980862,1467.8636913392268,1500.5681222529522
game_902,902,netherlands,uk,1,0.6199614582540576,0.3800385417459424,0.6199614582540576,1562.7820967996608,1517.7672775401911,1563.0485188691982,1517.5008554706537
game_903,903,brazil,canada,1,0.646363283736159,0.35363671626384097,0.646363283736159,1563.7779009792891,1499.0101692125618,1566.7218115935113,1496.0662585983396
game_904,904,south_korea,ethiopia,1,0.5710154285249551,0.4289845714750449,0.5710154285249551,1500.0584316242655,1490.3759636900643,1500.7726815323479,1489.661713781982
game_905,905,uk,india,1,0.5422913963430842,0.4577086036569158,0.5422913963430842,1517.5008554706537,1528.0434001887747,1523.974629034406,1521.5696266250225
game_906,906,panama,saudi_arabia,0,0.6695877075623047,0.3304122924376953,0.6695877075623047,1554.758305068316,1472.057794654232,1552.5743105759545,1474.2417891465936
game_907,907,china,morocco,1,0.6301336962948609,0.36986630370513907,0.6301336962948609,1523.5732684002548,1471.0180936392053,1528.8667699277294,1465.7245921117308
game_908,908,germany,canada,0,0.556989936291409,0.443010063708591,0.556989936291409,1495.8397611366806,1496.0662585983396,1491.8736846021798,1500.0323351328404
game_909,909,serbia,indonesia,0,0.5891758819415366,0.4108241180584634,0.5891758819415366,1513.3448655420113,1490.7092539467537,1509.0418375050263,1495.0122819837388
game_910,910,singapore,new_zealand,1,0.5605182398664856,0.43948176013351437,0.5605182398664856,1478.45996323981,1476.2004054938225,1479.0556845217188,1475.6046842119135
game_911,911,kazakhstan,peru,0,0.3926296552417307,0.6073703447582692,0.3926296552417307,1456.8226342291896,1572.6108281155687,1451.8354636097317,1577.5979987350265
game_912,912,philippines,south_korea,1,0.5664747602404541,0.43352523975954593,0.5664747602404541,1507.2391524049415,1500.7726815323479,1508.0515897301532,1499.9602442071362
game_913,913,iceland,rwanda,0,0.6225815412134146,0.3774184587865854,0.6225815412134146,1499.063142295623,1452.1139009335163,1497.7219521067725,1453.4550911223669
game_914,914,mongolia,thailand,0,0.3966749907781319,0.603325009221868,0.3966749907781319,1433.0811806020195,1545.9277837578234,1430.8966641579157,1548.1123002019272
game_915,915,ethiopia,switzerland,1,0.5741548839782594,0.4258451160217406,0.5741548839782594,1489.661713781982,1477.750756692944,1489.8312425204367,1477.5812279544891
game_916,916,oman,netherlands,1,0.4043068585452726,0.5956931414547274,0.4043068585452726,1455.7239223845108,1563.0485188691982,1457.1773507898542,1561.5950904638548
game_917,917,guatemala,mexico,0,0.5550178410212874,0.4449821589787126,0.5550178410212874,1499.662055599954,1501.2763176384728,1496.6410489039195,1504.2973243345075
game_918,918,pakistan,vietnam,1,0.6758819224489846,0.3241180775510154,0.6758819224489846,1555.530721895735,1467.8636913392268,1556.775526661399,1466.6188865735628
game_919,919,usa,brazil,1,0.4181179655536004,0.5818820344463995,0.4181179655536004,1469.307363582856,1566.7218115935113,1472.9951559014728,1563.0340192748945
game_920,920,uae,france,0,0.5102355075368553,0.4897644924631447,0.5102355075368553,1467.6814751187724,1500.5681222529522,1465.1512329365355,1503.098364435189
game_921,921,usa,china,0,0.47717478681471404,0.522825213185286,0.47717478681471404,1472.9951559014728,1528.8667699277294,1465.6963261079186,1536.1655997212836
game_922,922,pakistan,ethiopia,0,0.6492219107095889,0.3507780892904111,0.6492219107095889,1556.775526661399,1489.8312425204367,1554.2430805428564,1492.3636886389793
game_923,923,saudi_arabia,guatemala,0,0.5253078555461825,0.47469214445381747,0.5253078555461825,1474.2417891465936,1496.6410489039195,1472.5235401453037,1498.3592979052094
game_924,924,south_korea,peru,1,0.4460458106852956,0.5539541893147044,0.4460458106852956,1499.9602442071362,1577.5979987350265,1501.7052860847637,1575.852956857399
game_925,925,rwanda,kazakhstan,1,0.5596105964348234,0.44038940356517664,0.5596105964348234,1453.4550911223669,1451.8354636097317,1457.7333661623502,1447.5571885697484
game_926,926,mongolia,india,1,0.4275884593322327,0.5724115406677672,0.4275884593322327,1430.8966641579157,1521.5696266250225,1432.1490501116295,1520.3172406713086
game_927,927,indonesia,uae,1,0.5992047174075384,0.40079528259246155,0.5992047174075384,1495.0122819837388,1465.1512329365355,1498.2533620319753,1461.910152888299
game_928,928,morocco,switzerland,1,0.5404132049014849,0.4595867950985151,0.5404132049014849,1465.7245921117308,1477.5812279544891,1466.6826710677815,1476.6231489984384
game_929,929,thailand,mexico,1,0.6183327966641176,0.38166720333588244,0.6183327966641176,1548.1123002019272,1504.2973243345075,1549.994223382426,1502.4154011540086
game_930,930,oman,uk,1,0.4615119062853704,0.5384880937146296,0.4615119062853704,1457.1773507898542,1523.974629034406,1460.0056355950962,1521.146344229164
game_931,931,panama,vietnam,1,0.673719784207119,0.326280215792881,0.673719784207119,1552.5743105759545,1466.6188865735628,1557.2168263358526,1461.9763708136647
game_932,932,new_zealand,canada,1,0.522395417026596,0.477604582973404,0.522395417026596,1475.6046842119135,1500.0323351328404,1477.6644803831716,1497.9725389615824
game_933,933,philippines,serbia,0,0.5559048202886306,0.44409517971136936,0.5559048202886306,1508.0515897301532,1509.0418375050263,1505.1608863558185,1511.9325408793609
game_934,934,germany,france,1,0.5413165874931759,0.4586834125068241,0.5413165874931759,1491.8736846021798,1503.098364435189,1492.5166582374304,1502.4553907999384
game_935,935,netherlands,brazil,1,0.5552670968453911,0.4447329031546089,0.5552670968453911,1561.5950904638548,1563.0340192748945,1565.608796685304,1559.0203130534453
game_936,936,iceland,singapore,0,0.5836341920043021,0.4163658079956979,0.5836341920043021,1497.7219521067725,1479.0556845217188,1495.8747725682713,1480.90286406022
game_937,937,iceland,thailand,1,0.47969165562626526,0.5203083443737347,0.47969165562626526,1495.8747725682713,1549.994223382426,1496.546311610238,1549.3226843404593
game_938,938,morocco,canada,1,0.5125322623436958,0.48746773765630425,0.5125322623436958,1466.6826710677815,1497.9725389615824,1467.8385078133706,1496.8167022159932
game_939,939,rwanda,indonesia,1,0.49925166634762413,0.5007483336523759,0.49925166634762413,1457.7333661623502,1498.2533620319753,1463.2370558951131,1492.7496722992123
game_940,940,france,mongolia,1,0.6536165212960962,0.34638347870390385,0.6536165212960962,1502.4553907999384,1432.1490501116295,1504.3621590268315,1430.2422818847365
game_941,941,peru,uae,0,0.7080983392459813,0.2919016607540187,0.7080983392459813,1575.852956857399,1461.910152888299,1573.8680472623214,1463.8950624833767
game_942,942,usa,new_zealand,1,0.540253761298237,0.459746238701763,0.540253761298237,1465.6963261079186,1477.6644803831716,1466.6622883451555,1476.6985181459347
game_943,943,south_korea,saudi_arabia,1,0.5982652427313218,0.40173475726867824,0.5982652427313218,1501.7052860847637,1472.5235401453037,1503.5154513295936,1470.7133749004738
game_944,944,china,netherlands,0,0.5151877870919792,0.4848122129080208,0.5151877870919792,1536.1655997212836,1565.608796685304,1533.575642654374,1568.1987537522136
game_945,945,pakistan,germany,0,0.6423513524545235,0.35764864754547654,0.6423513524545235,1554.2430805428564,1492.5166582374304,1552.5474334004093,1494.2123053798775
game_946,946,oman,philippines,0,0.4925815422034864,0.5074184577965136,0.4925815422034864,1460.0056355950962,1505.1608863558185,1457.3485525607955,1507.8179693901193
game_947,947,india,singapore,1,0.6123368861382419,0.3876631138617581,0.6123368861382419,1520.3172406713086,1480.90286406022,1524.5214676987803,1476.6986370327484
game_948,948,ethiopia,panama,1,0.4642943407340821,0.535705659265918,0.4642943407340821,1492.3636886389793,1557.2168263358526,1498.293617043551,1551.286897931281
game_949,949,serbia,brazil,1,0.48980129066601624,0.5101987093339837,0.48980129066601624,1511.9325408793609,1559.0203130534453,1513.4530867228987,1557.4997672099075
game_950,950,vietnam,guatemala,1,0.5052051982971795,0.49479480170282053,0.5052051982971795,1461.9763708136647,1498.3592979052094,1462.5397281535554,1497.7959405653187
game_951,951,mexico,kazakhstan,1,0.6332181572550316,0.3667818427449684,0.6332181572550316,1502.4154011540086,1447.5571885697484,1504.4458070150326,1445.5267827087243
game_952,952,uk,switzerland,1,0.6192944544545566,0.38070554554544345,0.6192944544545566,1521.146344229164,1476.6231489984384,1523.2513005651283,1474.5181926624741
game_953,953,thailand,peru,1,0.52222635313669,0.47777364686331003,0.52222635313669,1549.3226843404593,1573.8680472623214,1552.7327703154072,1570.4579612873736
game_954,954,saudi_arabia,usa,1,0.5630570795967248,0.4369429204032752,0.5630570795967248,1470.7133749004738,1466.6622883451555,1474.9452000109723,1462.430463234657
game_955,955,morocco,mongolia,1,0.6098495331785383,0.3901504668214617,0.6098495331785383,1467.8385078133706,1430.2422818847365,1469.8785939310308,1428.2021957670763
game_956,956,guatemala,rwanda,0,0.6056815308105133,0.39431846918948665,0.6056815308105133,1497.7959405653187,1463.2370558951131,1495.520306953619,1465.5126895068129
game_957,957,iceland,pakistan,1,0.4769888017357374,0.5230111982642627,0.4769888017357374,1496.546311610238,1552.5474334004093,1503.1493977850337,1545.9443472256137
game_958,958,singapore,indonesia,1,0.5344108476838365,0.4655891523161635,0.5344108476838365,1476.6986370327484,1492.7496722992123,1477.3262756507406,1492.12203368122
game_959,959,south_korea,germany,1,0.5704804696411409,0.42951953035885915,0.5704804696411409,1503.5154513295936,1494.2123053798775,1507.857138156056,1489.8706185534152
game_960,960,china,kazakhstan,0,0.6763632393374684,0.32363676066253155,0.6763632393374684,1533.575642654374,1445.5267827087243,1529.5802116187674,1449.5222137443309
game_961,961,philippines,ethiopia,0,0.5707924577505981,0.42920754224940194,0.5707924577505981,1507.8179693901193,1498.293617043551,1504.8213550737967,1501.2902313598736
game_962,962,serbia,uae,0,0.626103677254342,0.373896322745658,0.626103677254342,1513.4530867228987,1463.8950624833767,1510.6590831592252,1466.6890660470501
game_963,963,canada,mexico,1,0.5464511293629869,0.4535488706370131,0.5464511293629869,1496.8167022159932,1504.4458070150326,1498.5905553870882,1502.6719538439377
game_964,964,netherlands,switzerland,1,0.6834186017987588,0.3165813982012412,0.6834186017987588,1568.1987537522136,1474.5181926624741,1569.6438466781776,1473.0730997365101
game_965,965,vietnam,new_zealand,0,0.5371200672192843,0.4628799327807157,0.5371200672192843,1462.5397281535554,1476.6985181459347,1461.0919292568879,1478.1463170426023
game_966,966,oman,india,1,0.4609745694157896,0.5390254305842104,0.4609745694157896,1457.3485525607955,1524.5214676987803,1462.5254387087075,1519.3445815508683
game_967,967,france,brazil,0,0.48110246791127,0.51889753208873,0.48110246791127,1504.3621590268315,1557.4997672099075,1502.961423890071,1558.900502346668
game_968,968,uk,panama,1,0.5172113565872165,0.4827886434127835,0.5172113565872165,1523.2513005651283,1551.286897931281,1526.634170176605,1547.9040283198042
game_969,969,new_zealand,rwanda,1,0.5751716994530011,0.42482830054699894,0.5751716994530011,1478.1463170426023,1465.5126895068129,1479.8994090884207,1463.7595974609944
game_970,970,china,oman,0,0.6493667406087436,0.35063325939125645,0.6493667406087436,1529.5802116187674,1462.5254387087075,1527.2188209279052,1464.8868293995697
game_971,971,ethiopia,germany,1,0.5734631913498204,0.4265368086501796,0.5734631913498204,1501.2902313598736,1489.8706185534152,1503.3638379225788,1487.79701199071
game_972,972,philippines,morocco,1,0.6062091700142631,0.3937908299857369,0.6062091700142631,1504.8213550737967,1469.8785939310308,1509.8739448534657,1464.8260041513618
game_973,973,france,serbia,1,0.5463533212570201,0.4536466787429799,0.5463533212570201,1502.961423890071,1510.6590831592252,1504.7942264744295,1508.8262805748668
game_974,974,pakistan,panama,0,0.5545267082628097,0.4454732917371903,0.5545267082628097,1545.9443472256137,1547.9040283198042,1544.4331509803983,1549.4152245650196
game_975,975,netherlands,saudi_arabia,0,0.6846852159631561,0.3153147840368439,0.6846852159631561,1569.6438466781776,1474.9452000109723,1564.862499893954,1479.7265467951959
game_976,976,guatemala,indonesia,0,0.5621323298466405,0.4378676701533595,0.5621323298466405,1495.520306953619,1492.12203368122,1494.232980728192,1493.409359906647
game_977,977,india,brazil,1,0.5006390809992906,0.49936091900070945,0.5006390809992906,1519.3445815508683,1558.900502346668,1520.8533046277716,1557.3917792697646
game_978,978,usa,iceland,0,0.49896537149011827,0.5010346285098817,0.49896537149011827,1462.430463234657,1503.1493977850337,1460.9682653551777,1504.611595664513
game_979,979,uk,south_korea,1,0.5837891266871491,0.4162108733128509,0.5837891266871491,1526.634170176605,1507.857138156056,1531.0810914587435,1503.4102168739175
game_980,980,vietnam,canada,1,0.5035997041707787,0.4964002958292213,0.5035997041707787,1461.0919292568879,1498.5905553870882,1465.7495073479672,1493.9329772960089
game_981,981,mongolia,mexico,1,0.45055614962387136,0.5494438503761286,0.45055614962387136,1428.2021957670763,1502.6719538439377,1429.0344636671596,1501.8396859438544
game_982,982,switzerland,peru,0,0.41815940257524437,0.5818405974247556,0.41815940257524437,1473.0730997365101,1570.4579612873736,1467.6964583772467,1575.834602646637
game_983,983,singapore,uae,1,0.5723611665614751,0.42763883343852493,0.5723611665614751,1477.3262756507406,1466.6890660470501,1478.1769607482595,1465.8383809495313
game_984,984,kazakhstan,thailand,0,0.41002326227300073,0.5899767377269993,0.41002326227300073,1449.5222137443309,1552.7327703154072,1447.2836012841399,1554.9713827755982
game_985,985,india,iceland,0,0.5802386871982301,0.41976131280176987,0.5802386871982301,1520.8533046277716,1504.611595664513,1519.043621989115,1506.4212783031696
game_986,986,morocco,panama,1,0.4361809502258346,0.5638190497741654,0.4361809502258346,1464.8260041513618,1549.4152245650196,1467.9478009088532,1546.2934278075281
game_987,987,saudi_arabia,serbia,1,0.5156815992949079,0.48431840070509213,0.5156815992949079,1479.7265467951959,1508.8262805748668,1484.4263701283269,1504.1264572417358
game_988,988,mongolia,peru,0,0.3509670776892006,0.6490329223107993,0.3509670776892006,1429.0344636671596,1575.834602646637,1428.2304470147749,1576.6386192990217
game_989,989,germany,ethiopia,0,0.5351043134698356,0.46489568653016444,0.5351043134698356,1487.79701199071,1503.3638379225788,1486.2764587281185,1504.8843911851702
game_990,990,usa,rwanda,1,0.5533437933412946,0.4466562066587054,0.5533437933412946,1460.9682653551777,1463.7595974609944,1465.8816184830494,1458.8462443331227
game_991,991,new_zealand,china,0,0.4894680776659543,0.5105319223340457,0.4894680776659543,1479.8994090884207,1527.2188209279052,1477.2550917202489,1529.863138296077
game_992,992,philippines,pakistan,1,0.5078292918059502,0.49217070819404984,0.5078292918059502,1509.8739448534657,1544.4331509803983,1511.9513348110772,1542.3557610227867
game_993,993,uk,singapore,0,0.63060174399678,0.36939825600321996,0.63060174399678,1531.0810914587435,1478.1769607482595,1529.8023627803966,1479.4556894266063
game_994,994,france,guatemala,0,0.5722541320726692,0.4277458679273308,0.5722541320726692,1504.7942264744295,1494.232980728192,1502.5076836095561,1496.5195235930653
game_995,995,vietnam,mexico,1,0.5056264477948456,0.49437355220515444,0.5056264477948456,1465.7495073479672,1501.8396859438544,1467.4801677609719,1500.1090255308497
game_996,996,kazakhstan,indonesia,0,0.4911852380753297,0.5088147619246703,0.4911852380753297,1447.2836012841399,1493.409359906647,1440.2694037136046,1500.4235574771824
game_997,997,canada,south_korea,0,0.5438131260924949,0.4561868739075051,0.5438131260924949,1493.9329772960089,1503.4102168739175,1489.2123426325875,1508.130851537339
game_998,998,switzerland,uae,1,0.5599488481889459,0.44005115181105414,0.5599488481889459,1467.6964583772467,1465.8383809495313,1471.3456255934655,1462.1892137333125
game_999,999,oman,thailand,0,0.4284176903609492,0.5715823096390509,0.4284176903609492,1464.8868293995697,1554.9713827755982,1462.8864928694488,1556.971719305719
game_1000,1000,brazil,netherlands,1,0.5466770856756465,0.45332291432435345,0.5466770856756465,1557.3917792697646,1564.862499893954,1563.5152564525406,1558.739022711178
game_1001,1001,india,morocco,0,0.6281736505515901,0.37182634944840987,0.6281736505515901,1519.043621989115,1467.9478009088532,1516.2639411757327,1470.7274817222356
game_1002,1002,peru,saudi_arabia,0,0.6815870574790168,0.3184129425209832,0.6815870574790168,1576.6386192990217,1484.4263701283269,1574.7787757579672,1486.2862136693814
game_1003,1003,china,pakistan,1,0.5395037919682196,0.4604962080317804,0.5395037919682196,1529.863138296077,1542.3557610227867,1530.3186041226472,1541.9002951962166
game_1004,1004,switzerland,uk,0,0.4734635775324039,0.5265364224675961,0.4734635775324039,1471.3456255934655,1529.8023627803966,1466.3099968204035,1534.8379915534586
game_1005,1005,serbia,philippines,1,0.546171806753413,0.45382819324658696,0.546171806753413,1504.1264572417358,1511.9513348110772,1505.6019613283647,1510.4758307244483
game_1006,1006,germany,canada,1,0.5531381252743096,0.4468618747256904,0.5531381252743096,1486.2764587281185,1489.2123426325875,1491.66157783279,1483.827223527916
game_1007,1007,guatemala,ethiopia,1,0.5454012153339967,0.45459878466600334,0.5454012153339967,1496.5195235930653,1504.8843911851702,1500.422280999465,1500.9816337787704
game_1008,1008,south_korea,oman,1,0.6202727276279263,0.3797272723720737,0.6202727276279263,1508.130851537339,1462.8864928694488,1511.3639039901373,1459.6534404166505
game_1009,1009,mongolia,new_zealand,0,0.4870154123783482,0.5129845876216518,0.4870154123783482,1428.2304470147749,1477.2550917202489,1421.6996851191836,1483.78585361584
game_1010,1010,netherlands,iceland,0,0.6298150956941302,0.3701849043058698,0.6298150956941302,1558.739022711178,1506.4212783031696,1553.860074685038,1511.3002263293097
game_1011,1011,indonesia,uae,1,0.6107231795921388,0.38927682040786116,0.6107231795921388,1500.4235574771824,1462.1892137333125,1502.1578203259157,1460.4549508845791
game_1012,1012,mexico,usa,1,0.6052257155961321,0.39477428440386786,0.6052257155961321,1500.1090255308497,1465.8816184830494,1502.2782601405877,1463.7123838733114
game_1013,1013,panama,rwanda,1,0.6756046242117322,0.3243953757882678,0.6756046242117322,1546.2934278075281,1458.8462443331227,1550.2925533193209,1454.84711882133
game_1014,1014,kazakhstan,france,0,0.4680401759627586,0.5319598240372414,0.4680401759627586,1440.2694037136046,1502.5076836095561,1433.606101261016,1509.1709860621447
game_1015,1015,brazil,singapore,1,0.6713162453772931,0.32868375462270694,0.6713162453772931,1563.5152564525406,1479.4556894266063,1565.3249875564873,1477.6459583226597
game_1016,1016,thailand,vietnam,1,0.6781784578824531,0.3218215421175469,0.6781784578824531,1556.971719305719,1467.4801677609719,1558.787790592232,1465.6640964744588
game_1017,1017,thailand,switzerland,1,0.6819187109938412,0.31808128900615884,0.6819187109938412,1558.787790592232,1466.3099968204035,1563.3465444638841,1461.7512429487515
game_1018,1018,ethiopia,france,0,0.5456517080567533,0.45434829194324666,0.5456517080567533,1500.9816337787704,1509.1709860621447,1497.8121011999158,1512.3405186409993
game_1019,1019,rwanda,germany,1,0.5045842335379259,0.4954157664620741,0.5045842335379259,1454.84711882133,1491.66157783279,1456.7082748182283,1489.8004218358917
game_1020,1020,canada,saudi_arabia,1,0.5538165795994059,0.4461834204005941,0.5538165795994059,1483.827223527916,1486.2862136693814,1485.2274069547195,1484.8860302425778
game_1021,1021,philippines,kazakhstan,1,0.662120052949183,0.33787994705081703,0.662120052949183,1510.4758307244483,1433.606101261016,1510.4136740179358,1433.6682579675285
game_1022,1022,netherlands,india,0,0.6098494065961283,0.3901505934038717,0.6098494065961283,1553.860074685038,1516.2639411757327,1552.6684850468466,1517.455530813924
game_1023,1023,iceland,uk,0,0.5236733468260034,0.4763266531739966,0.5236733468260034,1511.3002263293097,1534.8379915534586,1506.923940594419,1539.2142772883492
game_1024,1024,uae,new_zealand,0,0.5239703701207679,0.47602962987923214,0.5239703701207679,1460.4549508845791,1483.78585361584,1454.6515310817163,1489.589273418703
game_1025,1025,vietnam,peru,0,0.4018275495817028,0.5981724504182973,0.4018275495817028,1465.6640964744588,1574.7787757579672,1465.6083975336423,1574.8344746987837
game_1026,1026,serbia,china,0,0.5219803432927764,0.4780196567072236,0.5219803432927764,1505.6019613283647,1530.3186041226472,1499.7392044157568,1536.1813610352551
game_1027,1027,mexico,guatemala,0,0.559945871918888,0.440054128081112,0.559945871918888,1502.2782601405877,1500.422280999465,1498.1850482970133,1504.5154928430395
game_1028,1028,indonesia,mongolia,1,0.6667256830722822,0.3332743169277178,0.6667256830722822,1502.1578203259157,1421.6996851191836,1506.4387591195077,1417.4187463255917
game_1029,1029,morocco,singapore,1,0.5474647849783144,0.4525352150216856,0.5474647849783144,1470.7274817222356,1477.6459583226597,1473.757215290357,1474.6162247545383
game_1030,1030,panama,pakistan,0,0.5691951716574171,0.43080482834258294,0.5691951716574171,1550.2925533193209,1541.9002951962166,1548.6675075048393,1543.5253410106982
game_1031,1031,brazil,usa,1,0.6932138634331829,0.3067861365668171,0.6932138634331829,1565.3249875564873,1463.7123838733114,1564.8241927747597,1464.213178655039
game_1032,1032,ethiopia,saudi_arabia,0,0.5755829944675329,0.4244170055324671,0.5755829944675329,1497.8121011999158,1484.8860302425778,1494.8912041121587,1487.806927330335
game_1033,1033,serbia,oman,1,0.6132539186309482,0.38674608136905175,0.6132539186309482,1499.7392044157568,1459.6534404166505,1501.8551162321078,1457.5375286002995
game_1034,1034,uk,usa,1,0.6597094138935629,0.34029058610643714,0.6597094138935629,1539.2142772883492,1464.213178655039,1540.8903303725172,1462.537125570871
game_1035,1035,south_korea,kazakhstan,1,0.66318286286323,0.33681713713677,0.66318286286323,1511.3639039901373,1433.6682579675285,1513.070576194155,1431.9615857635108
game_1036,1036,mongolia,morocco,0,0.4765043702053467,0.5234956297946534,0.4765043702053467,1417.4187463255917,1473.757215290357,1415.5251456908027,1475.650815925146
game_1037,1037,iceland,netherlands,0,0.4917336892465478,0.5082663107534522,0.4917336892465478,1506.923940594419,1552.6684850468466,1501.6432268111498,1557.9491988301158
game_1038,1038,guatemala,canada,1,0.5845037619605725,0.4154962380394275,0.5845037619605725,1504.5154928430395,1485.2274069547195,1508.9202989559546,1480.8226008418044
game_1039,1039,germany,vietnam,1,0.5913427457052272,0.40865725429477284,0.5913427457052272,1489.8004218358917,1465.6083975336423,1495.6383071064145,1459.7705122631196
game_1040,1040,singapore,thailand,0,0.43032770059033487,0.5696722994096651,0.43032770059033487,1474.6162247545383,1563.3465444638841,1472.759765414423,1565.2030038039993
game_1041,1041,france,pakistan,0,0.5126833388841289,0.48731666111587113,0.5126833388841289,1512.3405186409993,1543.5253410106982,1509.5371518863324,1546.3287077653652
game_1042,1042,china,peru,0,0.5019383155402681,0.49806168445973187,0.5019383155402681,1536.1813610352551,1574.8344746987837,1533.455194078898,1577.5606416551407
game_1043,1043,philippines,uae,0,0.6344258318475688,0.36557416815243116,0.6344258318475688,1510.4136740179358,1454.6515310817163,1508.7881497902376,1456.2770553094144
game_1044,1044,brazil,mexico,1,0.6488217875186569,0.35117821248134307,0.6488217875186569,1564.8241927747597,1498.1850482970133,1565.9677285473817,1497.0415125243912
game_1045,1045,rwanda,panama,0,0.4257771713918154,0.5742228286081845,0.4257771713918154,1456.7082748182283,1548.6675075048393,1454.3778573479924,1550.9979249750752
game_1046,1046,switzerland,india,0,0.4774150919604926,0.5225849080395074,0.4774150919604926,1461.7512429487515,1517.455530813924,1461.261955201747,1517.9448185609285
game_1047,1047,thailand,brazil,0,0.5562252933417087,0.44377470665829133,0.5562252933417087,1565.2030038039993,1565.9677285473817,1564.2026452932075,1566.9680870581735
game_1048,1048,mexico,france,0,0.5394994777773633,0.4605005222226367,0.5394994777773633,1497.0415125243912,1509.5371518863324,1496.1303310710668,1510.4483333396568
game_1049,1049,uk,saudi_arabia,1,0.6308421030058967,0.3691578969941033,0.6308421030058967,1540.8903303725172,1487.806927330335,1544.4968848376384,1484.2003728652137
game_1050,1050,oman,indonesia,1,0.48719290152111666,0.5128070984788833,0.48719290152111666,1457.5375286002995,1506.4387591195077,1461.880879395359,1502.0954083244483
game_1051,1051,peru,germany,0,0.6685959022177084,0.33140409778229163,0.6685959022177084,1577.5606416551407,1495.6383071064145,1576.041587806294,1497.157360955261
game_1052,1052,new_zealand,guatemala,0,0.5297100049654113,0.4702899950345887,0.5297100049654113,1489.589273418703,1508.9202989559546,1484.2123204737873,1514.2972519008704
game_1053,1053,rwanda,mongolia,0,0.6115691087560524,0.3884308912439476,0.6115691087560524,1454.3778573479924,1415.5251456908027,1450.2973605472473,1419.6056424915478
game_1054,1054,serbia,ethiopia,0,0.5671778479162682,0.43282215208373176,0.5671778479162682,1501.8551162321078,1494.8912041121587,1497.1282154448609,1499.6181048994056
game_1055,1055,uae,china,0,0.44669964192982375,0.5533003580701763,0.44669964192982375,1456.2770553094144,1533.455194078898,1455.8919931423884,1533.8402562459241
game_1056,1056,usa,netherlands,0,0.4209249506832622,0.5790750493167378,0.4209249506832622,1462.537125570871,1557.9491988301158,1462.3592489991902,1558.1270754017967
game_1057,1057,pakistan,kazakhstan,1,0.7086029499033043,0.2913970500966957,0.7086029499033043,1546.3287077653652,1431.9615857635108,1549.368578972286,1428.92171455659
game_1058,1058,switzerland,canada,1,0.5293807089224201,0.47061929107757994,0.5293807089224201,1461.261955201747,1480.8226008418044,1465.2486957405729,1476.8358603029785
game_1059,1059,singapore,south_korea,1,0.4995527074517249,0.500447292548275,0.4995527074517249,1472.759765414423,1513.070576194155,1475.3832553387208,1510.4470862698572
game_1060,1060,vietnam,panama,1,0.4268074577661819,0.5731925422338181,0.4268074577661819,1459.7705122631196,1550.9979249750752,1465.2525174413815,1545.5159197968133
game_1061,1061,morocco,philippines,1,0.5098748862508512,0.4901251137491488,0.5098748862508512,1475.650815925146,1508.7881497902376,1479.8368445377994,1504.6021211775842
game_1062,1062,rwanda,singapore,0,0.5214499493174332,0.47855005068256684,0.5214499493174332,1450.2973605472473,1475.3832553387208,1446.2879167463038,1479.3926991396643
game_1063,1063,serbia,saudi_arabia,1,0.5755854857744527,0.4244145142255473,0.5755854857744527,1497.1282154448609,1484.2003728652137,1497.3715053809326,1483.957082929142
game_1064,1064,morocco,china,1,0.4798583760869744,0.5201416239130257,0.4798583760869744,1479.8368445377994,1533.8402562459241,1480.942966376815,1532.7341344069084
game_1065,1065,panama,brazil,0,0.5266671484180779,0.47333285158192206,0.5266671484180779,1545.5159197968133,1566.9680870581735,1537.3421999689422,1575.1418068860446
game_1066,1066,thailand,ethiopia,0,0.6461222034274821,0.35387779657251794,0.6461222034274821,1564.2026452932075,1499.6181048994056,1560.4598280282596,1503.3609221643535
game_1067,1067,south_korea,india,0,0.5466385512600999,0.45336144873990014,0.5466385512600999,1510.4470862698572,1517.9448185609285,1504.253128419962,1524.1387764108238
game_1068,1068,mongolia,pakistan,1,0.37362022910521425,0.6263797708947858,0.37362022910521425,1419.6056424915478,1549.368578972286,1421.9738755882572,1547.0003458755766
game_1069,1069,usa,canada,1,0.5366651757233268,0.46333482427667316,0.5366651757233268,1462.3592489991902,1476.8358603029785,1463.0950557566284,1476.1000535455403
game_1070,1070,oman,uk,0,0.4389763685136493,0.5610236314863507,0.4389763685136493,1461.880879395359,1544.4968848376384,1459.673418462316,1546.7043457706814
game_1071,1071,vietnam,mexico,0,0.5131248656670817,0.4868751343329183,0.5131248656670817,1465.2525174413815,1496.1303310710668,1463.4152649595374,1497.967583552911
game_1072,1072,switzerland,indonesia,0,0.5045378207784736,0.49546217922152636,0.5045378207784736,1465.2486957405729,1502.0954083244483,1464.1943549571367,1503.1497491078844
game_1073,1073,iceland,germany,1,0.5636727282395032,0.4363272717604968,0.5636727282395032,1501.6432268111498,1497.157360955261,1505.3172668289073,1493.4833209375035
game_1074,1074,netherlands,kazakhstan,1,0.7259209097448172,0.27407909025518284,0.7259209097448172,1558.1270754017967,1428.92171455659,1561.138161855531,1425.9106281028555
game_1075,1075,peru,new_zealand,1,0.6811084057366555,0.31889159426334446,0.6811084057366555,1576.041587806294,1484.2123204737873,1580.5402976469215,1479.7136106331598
game_1076,1076,uae,france,1,0.47906399088431306,0.5209360091156869,0.47906399088431306,1455.8919931423884,1510.4483333396568,1459.5779000819164,1506.7624264001288
game_1077,1077,philippines,guatemala,0,0.5435019461758781,0.4564980538241219,0.5435019461758781,1504.6021211775842,1514.2972519008704,1503.4387927321918,1515.4605803462628
game_1078,1078,kazakhstan,morocco,1,0.47838021525603963,0.5216197847439603,0.47838021525603963,1425.9106281028555,1480.942966376815,1430.3488209421137,1476.504773537557
game_1079,1079,iceland,oman,0,0.6208142238917227,0.3791857761082773,0.6208142238917227,1505.3172668289073,1459.673418462316,1502.0511855962336,1462.9394996949898
game_1080,1080,netherlands,rwanda,1,0.7091768673870698,0.29082313261293025,0.7091768673870698,1561.138161855531,1446.2879167463038,1564.8711994804562,1442.5548791213787
game_1081,1081,india,singapore,0,0.6195969024012683,0.3804030975987317,0.6195969024012683,1524.1387764108238,1479.3926991396643,1521.4748425065168,1482.0566330439713
game_1082,1082,china,ethiopia,1,0.5985301135730611,0.4014698864269389,0.5985301135730611,1532.7341344069084,1503.3609221643535,1534.9567862842023,1501.1382702870596
game_1083,1083,mexico,philippines,1,0.5495279731538746,0.4504720268461254,0.5495279731538746,1497.967583552911,1503.4387927321918,1500.4647493123418,1500.941626972761
game_1084,1084,pakistan,peru,1,0.5092956855133656,0.49070431448663443,0.5092956855133656,1547.0003458755766,1580.5402976469215,1550.9061496447778,1576.6344938777204
game_1085,1085,south_korea,mongolia,1,0.6690509903529295,0.3309490096470705,0.6690509903529295,1504.253128419962,1421.9738755882572,1508.502996790215,1417.724007218004
game_1086,1086,serbia,saudi_arabia,1,0.5762695827633565,0.4237304172366435,0.5762695827633565,1497.3715053809326,1483.957082929142,1499.6602023429248,1481.6683859671498
game_1087,1087,switzerland,guatemala,1,0.4837922787479275,0.5162077212520725,0.4837922787479275,1464.1943549571367,1515.4605803462628,1467.10353823875,1512.5513970646496
game_1088,1088,panama,canada,1,0.6417106596238767,0.35828934037612326,0.6417106596238767,1537.3421999689422,1476.1000535455403,1543.2386957885687,1470.2035577259137
game_1089,1089,new_zealand,usa,1,0.5807669534184952,0.41923304658150484,0.5807669534184952,1479.7136106331598,1463.0950557566284,1482.0353563548836,1460.7733100349046
game_1090,1090,vietnam,uk,1,0.438022390255546,0.561977609744454,0.438022390255546,1463.4152649595374,1546.7043457706814,1464.7028555819722,1545.4167551482465
game_1091,1091,france,indonesia,1,0.5624360941295676,0.43756390587043237,0.5624360941295676,1506.7624264001288,1503.1497491078844,1511.5507461578636,1498.3614293501496
game_1092,1092,brazil,thailand,1,0.5780502992548471,0.4219497007451529,0.5780502992548471,1575.1418068860446,1560.4598280282596,1579.5822214870652,1556.019413427239
game_1093,1093,uae,germany,1,0.5087699049237783,0.49123009507622173,0.5087699049237783,1459.5779000819164,1493.4833209375035,1461.8426794093964,1491.2185416100235
game_1094,1094,france,peru,0,0.4639641743508041,0.5360358256491959,0.4639641743508041,1511.5507461578636,1576.6344938777204,1510.0012393888587,1578.1840006467253
game_1095,1095,iceland,brazil,0,0.4461976078517136,0.5538023921482864,0.4461976078517136,1502.0511855962336,1579.5822214870652,1499.4258260973443,1582.2075809859546
game_1096,1096,india,new_zealand,1,0.6123711970542073,0.3876288029457927,0.6123711970542073,1521.4748425065168,1482.0353563548836,1522.287767302804,1481.2224315585963
game_1097,1097,singapore,netherlands,1,0.4386948923689278,0.5613051076310722,0.4386948923689278,1482.0566330439713,1564.8711994804562,1489.2253002696068,1557.7025322548207
game_1098,1098,china,oman,1,0.6558429668695093,0.34415703313049073,0.6558429668695093,1534.9567862842023,1462.9394996949898,1539.371224867037,1458.525061112155
game_1099,1099,saudi_arabia,canada,1,0.5735268556785883,0.4264731443214117,0.5735268556785883,1481.6683859671498,1470.2035577259137,1487.7722839130524,1464.099659780011
game_1100,1100,mongolia,serbia,0,0.43994035049145314,0.5600596495085468,0.43994035049145314,1417.724007218004,1499.6602023429248,1412.8534641360206,1504.5307454249082
game_1101,1101,indonesia,uk,1,0.4898479654160399,0.5101520345839601,0.4898479654160399,1498.3614293501496,1545.4167551482465,1500.026286663959,1543.7518978344372
game_1102,1102,philippines,guatemala,1,0.5407661320113567,0.4592338679886433,0.5407661320113567,1500.941626972761,1512.5513970646496,1503.4014963408063,1510.0915276966043
game_1103,1103,kazakhstan,ethiopia,0,0.4558060503110791,0.5441939496889209,0.4558060503110791,1430.3488209421137,1501.1382702870596,1427.94565701224,1503.5414342169333
game_1104,1104,mexico,pakistan,1,0.48497813918060706,0.5150218608193929,0.48497813918060706,1500.4647493123418,1550.9061496447778,1503.1476136000229,1548.2232853570968
game_1105,1105,usa,uae,1,0.5557923757656883,0.4442076242343117,0.5557923757656883,1460.7733100349046,1461.8426794093964,1467.588363256613,1455.027626187688
game_1106,1106,panama,south_korea,0,0.60592459325007,0.39407540674993,0.60592459325007,1543.2386957885687,1508.502996790215,1539.8861590878362,1511.8555334909477
game_1107,1107,morocco,thailand,1,0.443377788432834,0.556622211567166,0.443377788432834,1476.504773537557,1556.019413427239,1477.4292016720515,1555.0949852927445
game_1108,1108,vietnam,germany,1,0.519395750137746,0.48060424986225403,0.519395750137746,1464.7028555819722,1491.2185416100235,1465.5251360335224,1490.3962611584734
game_1109,1109,rwanda,switzerland,0,0.5222216189016129,0.4777783810983871,0.5222216189016129,1442.5548791213787,1467.10353823875,1441.6627108913694,1467.9957064687592
game_1110,1110,thailand,saudi_arabia,1,0.6497178299033386,0.3502821700966614,0.6497178299033386,1555.0949852927445,1487.7722839130524,1557.0042678020548,1485.8630014037421
game_1111,1111,china,germany,1,0.6253176271389491,0.3746823728610509,0.6253176271389491,1539.371224867037,1490.3962611584734,1543.5097917581925,1486.257694267318
game_1112,1112,morocco,kazakhstan,1,0.6260033049632627,0.37399669503673727,0.6260033049632627,1477.4292016720515,1427.94565701224,1477.6065295432513,1427.76832914104
game_1113,1113,pakistan,south_korea,1,0.6081656490501982,0.3918343509498018,0.6081656490501982,1548.2232853570968,1511.8555334909477,1548.445529348413,1511.6332894996315
game_1114,1114,rwanda,mongolia,0,0.5977497701662599,0.40225022983374015,0.5977497701662599,1441.6627108913694,1412.8534641360206,1440.546928775378,1413.969246252012
game_1115,1115,vietnam,serbia,0,0.5014310392125367,0.49856896078746327,0.5014310392125367,1465.5251360335224,1504.5307454249082,1462.8171697842827,1507.238711674148
game_1116,1116,philippines,ethiopia,0,0.5571128837241573,0.44288711627584265,0.5571128837241573,1503.4014963408063,1503.5414342169333,1502.009889295812,1504.9330412619277
game_1117,1117,new_zealand,brazil,1,0.41312570297804924,0.5868742970219507,0.41312570297804924,1481.2224315585963,1582.2075809859546,1482.3324431929811,1581.0975693515697
game_1118,1118,oman,switzerland,0,0.5438225430576651,0.4561774569423349,0.5438225430576651,1458.525061112155,1467.9957064687592,1455.604627141076,1470.9161404398383
game_1119,1119,india,france,1,0.5746834004048942,0.4253165995951058,0.5746834004048942,1522.287767302804,1510.0012393888587,1527.6622755019241,1504.6267311897386
game_1120,1120,usa,peru,1,0.39978016872799177,0.6002198312720082,0.39978016872799177,1467.588363256613,1578.1840006467253,1471.8242792792807,1573.9480846240576
game_1121,1121,panama,mexico,0,0.6086741736000767,0.3913258263999233,0.6086741736000767,1539.8861590878362,1503.1476136000229,1532.0645985569352,1510.9691741309239
game_1122,1122,indonesia,singapore,1,0.5725919080507413,0.42740809194925866,0.5725919080507413,1500.026286663959,1489.2253002696068,1502.2884332525537,1486.963153681012
game_1123,1123,uae,iceland,0,0.49367081961518366,0.5063291803848163,0.49367081961518366,1455.027626187688,1499.4258260973443,1453.7435512946304,1500.7099009904018
game_1124,1124,netherlands,guatemala,1,0.6234762349709534,0.3765237650290466,0.6234762349709534,1557.7025322548207,1510.0915276966043,1563.66330144182,1504.130758509605
game_1125,1125,canada,uk,1,0.4431823169965659,0.5568176830034341,0.4431823169965659,1464.099659780011,1543.7518978344372,1465.8665847587154,1541.9849728557328
game_1126,1126,india,thailand,1,0.5153332966361112,0.48466670336388884,0.5153332966361112,1527.6622755019241,1557.0042678020548,1529.748572666023,1554.917970637956
game_1127,1127,germany,morocco,0,0.5695605945274604,0.43043940547253956,0.5695605945274604,1486.257694267318,1477.6065295432513,1484.9667932947154,1478.8974305158538
game_1128,1128,saudi_arabia,philippines,0,0.5342735554206387,0.4657264445793613,0.5342735554206387,1485.8630014037421,1502.009889295812,1483.922652105406,1503.950238594148
game_1129,1129,ethiopia,brazil,1,0.44814221321716313,0.5518577867828369,0.44814221321716313,1504.9330412619277,1581.0975693515697,1507.1440184707956,1578.8865921427018
game_1130,1130,france,uae,0,0.6278876999277431,0.37211230007225693,0.6278876999277431,1504.6267311897386,1453.7435512946304,1503.362287555096,1455.007994929273
game_1131,1131,indonesia,guatemala,0,0.5546935822023483,0.4453064177976517,0.5546935822023483,1502.2884332525537,1504.130758509605,1499.3998519125032,1507.0193398496554
game_1132,1132,oman,rwanda,1,0.5785777383044418,0.4214222616955582,0.5785777383044418,1455.604627141076,1440.546928775378,1457.285669916192,1438.865886000262
game_1133,1133,kazakhstan,uk,1,0.39478908814688574,0.6052109118531143,0.39478908814688574,1427.76832914104,1541.9849728557328,1428.939086459725,1540.8142155370479
game_1134,1134,usa,netherlands,0,0.42594636474734504,0.574053635252655,0.42594636474734504,1471.8242792792807,1563.66330144182,1470.9710914159496,1564.5164893051513
game_1135,1135,pakistan,serbia,1,0.6147833484688506,0.38521665153114937,0.6147833484688506,1548.445529348413,1507.238711674148,1553.3192730059588,1502.364968016602
game_1136,1136,vietnam,panama,1,0.45800870901907487,0.5419912909809251,0.45800870901907487,1462.8171697842827,1532.0645985569352,1465.2614668559104,1529.6203014853074
game_1137,1137,peru,south_korea,0,0.6431290805266398,0.35687091947336025,0.6431290805266398,1573.9480846240576,1511.6332894996315,1571.503054140088,1514.0783199836012
game_1138,1138,mongolia,mexico,1,0.4186986226774832,0.5813013773225169,0.4186986226774832,1413.969246252012,1510.9691741309239,1421.1931620402993,1503.7452583426366
game_1139,1139,china,iceland,0,0.6169528432125492,0.3830471567874508,0.6169528432125492,1543.5097917581925,1500.7099009904018,1539.5627264706272,1504.656966277967
game_1140,1140,canada,new_zealand,1,0.5338166481586851,0.4661833518413149,0.5338166481586851,1465.8665847587154,1482.3324431929811,1468.4239297068427,1479.7750982448538
game_1141,1141,mexico,thailand,0,0.48392671467009907,0.5160732853299009,0.48392671467009907,1503.7452583426366,1554.917970637956,1502.962660308518,1555.7005686720745
game_1142,1142,netherlands,pakistan,1,0.5731500167654531,0.4268499832345469,0.5731500167654531,1564.5164893051513,1553.3192730059588,1566.7294864757505,1551.1062758353596
game_1143,1143,rwanda,iceland,1,0.46295167840893053,0.5370483215910695,0.46295167840893053,1438.865886000262,1504.656966277967,1441.07788219215,1502.4449700860791
game_1144,1144,ethiopia,panama,0,0.5251972929103229,0.4748027070896771,0.5251972929103229,1507.1440184707956,1529.6203014853074,1502.2633156359195,1534.5010043201835
game_1145,1145,serbia,switzerland,0,0.601397758741993,0.39860224125800703,0.601397758741993,1502.364968016602,1470.9161404398383,1494.7895332340356,1478.4915752224047
game_1146,1146,saudi_arabia,vietnam,1,0.5836270825563256,0.41637291744367444,0.5836270825563256,1483.922652105406,1465.2614668559104,1486.2287760063775,1462.955342954939
game_1147,1147,mongolia,oman,1,0.5056230961156754,0.49437690388432465,0.5056230961156754,1421.1931620402993,1457.285669916192,1424.6747895001254,1453.804042456366
game_1148,1148,canada,uae,0,0.5762717085325142,0.4237282914674858,0.5762717085325142,1468.4239297068427,1455.007994929273,1465.6111009899948,1457.820823646121
game_1149,1149,france,peru,0,0.4595905088863576,0.5404094911136423,0.4595905088863576,1503.362287555096,1571.503054140088,1499.2040805639526,1575.6612611312312
game_1150,1150,uk,india,0,0.5729647099010522,0.4270352900989478,0.5729647099010522,1540.8142155370479,1529.748572666023,1538.371929940302,1532.1908582627689
game_1151,1151,kazakhstan,singapore,1,0.474084526515741,0.525915473484259,0.474084526515741,1428.939086459725,1486.963153681012,1431.7761958126393,1484.1260443280978
game_1152,1152,morocco,germany,1,0.5486754627442499,0.45132453725575006,0.5486754627442499,1478.8974305158538,1484.9667932947154,1482.4719134366987,1481.3923103738705
game_1153,1153,china,philippines,1,0.6071291176417908,0.3928708823582092,0.6071291176417908,1539.5627264706272,1503.950238594148,1542.3433278056743,1501.169637259101
game_1154,1154,new_zealand,indonesia,0,0.529288767619701,0.470711232380299,0.529288767619701,1479.7750982448538,1499.3998519125032,1478.954319666763,1500.220630490594
game_1155,1155,brazil,south_korea,1,0.6464166249429799,0.3535833750570201,0.6464166249429799,1578.8865921427018,1514.0783199836012,1580.8281499444597,1512.1367621818433
game_1156,1156,uae,new_zealand,0,0.5271244261777251,0.47287557382227485,0.5271244261777251,1457.820823646121,1478.954319666763,1451.6091051747762,1485.1660381381078
game_1157,1157,oman,saudi_arabia,1,0.5108999575743125,0.4891000424256875,0.5108999575743125,1453.804042456366,1486.2287760063775,1455.165310186078,1484.8675082766656
game_1158,1158,rwanda,uk,1,0.418286598154425,0.581713401845575,0.418286598154425,1441.07788219215,1538.371929940302,1442.7467741619785,1536.7030379704734
game_1159,1159,thailand,indonesia,1,0.6340489795770936,0.3659510204229064,0.6340489795770936,1555.7005686720745,1500.220630490594,1557.7049569713822,1498.2162421912863
game_1160,1160,pakistan,south_korea,1,0.6117288189624219,0.3882711810375781,0.6117288189624219,1551.1062758353596,1512.1367621818433,1553.11638787492,1510.1266501422829
game_1161,1161,mongolia,germany,1,0.47596010333787814,0.5240398966621218,0.47596010333787814,1424.6747895001254,1481.3923103738705,1427.5352748000894,1478.5318250739065
game_1162,1162,serbia,singapore,1,0.5723981930109451,0.4276018069890549,0.5723981930109451,1494.7895332340356,1484.1260443280978,1501.4434214736377,1477.4721560884957
game_1163,1163,mexico,morocco,1,0.5861841036143854,0.41381589638561456,0.5861841036143854,1502.962660308518,1482.4719134366987,1504.9607741752588,1480.473799569958
game_1164,1164,india,switzerland,1,0.6316673477475376,0.36833265225246237,0.6316673477475376,1532.1908582627689,1478.4915752224047,1537.1500057164035,1473.53242776877
game_1165,1165,ethiopia,guatemala,0,0.5505468989265738,0.4494531010734262,0.5505468989265738,1502.2633156359195,1507.0193398496554,1498.788424005787,1510.494231479788
game_1166,1166,netherlands,kazakhstan,1,0.7324546019089114,0.26754539809108857,0.7324546019089114,1566.7294864757505,1431.7761958126393,1568.0544630048134,1430.4512192835764
game_1167,1167,china,panama,1,0.5684187398451505,0.43158126015484954,0.5684187398451505,1542.3433278056743,1534.5010043201835,1544.3033566726879,1532.54097545317
game_1168,1168,iceland,france,1,0.5619093213301758,0.4380906786698242,0.5619093213301758,1502.4449700860791,1499.2040805639526,1506.5149603392463,1495.1340903107855
game_1169,1169,philippines,usa,0,0.5996712041921429,0.4003287958078571,0.5996712041921429,1501.169637259101,1470.9710914159496,1496.372508149375,1475.7682205256754
game_1170,1170,brazil,vietnam,1,0.712752276438259,0.287247723561741,0.712752276438259,1580.8281499444597,1462.955342954939,1585.589352411497,1458.1941404879017
game_1171,1171,canada,peru,1,0.4005338717556548,0.5994661282443452,0.4005338717556548,1465.6111009899948,1575.6612611312312,1469.160413467236,1572.11194865399
game_1172,1172,panama,guatemala,1,0.5883551427894914,0.4116448572105086,0.5883551427894914,1532.54097545317,1510.494231479788,1534.784394756497,1508.2508121764608
game_1173,1173,uae,south_korea,0,0.4733763154033336,0.5266236845966664,0.4733763154033336,1451.6091051747762,1510.1266501422829,1450.207013401334,1511.528741915725
game_1174,1174,peru,morocco,0,0.6808694025654629,0.3191305974345371,0.6808694025654629,1572.11194865399,1480.473799569958,1568.832968286516,1483.752779937432
game_1175,1175,switzerland,thailand,0,0.4367709376521865,0.5632290623478136,0.4367709376521865,1473.53242776877,1557.7049569713822,1468.691110341974,1562.5462743981782
game_1176,1176,mongolia,saudi_arabia,1,0.47507758178330756,0.5249224182166925,0.47507758178330756,1427.5352748000894,1484.8675082766656,1428.2886004459144,1484.1141826308406
game_1177,1177,ethiopia,usa,1,0.5897116425707273,0.4102883574292727,0.5897116425707273,1498.788424005787,1475.7682205256754,1500.2888401037399,1474.2678044277225
game_1178,1178,pakistan,rwanda,0,0.703828716238348,0.296171283761652,0.703828716238348,1553.11638787492,1442.7467741619785,1551.145764142096,1444.7173978948026
game_1179,1179,china,iceland,0,0.6101127079250593,0.38988729207494066,0.6101127079250593,1544.3033566726879,1506.5149603392463,1543.1137477440568,1507.7045692678773
game_1180,1180,indonesia,serbia,1,0.5527236154915509,0.4472763845084491,0.5527236154915509,1498.2162421912863,1501.4434214736377,1498.6742664566495,1500.9853972082744
game_1181,1181,south_korea,canada,1,0.6163655845862496,0.38363441541375043,0.6163655845862496,1511.528741915725,1469.160413467236,1512.9326341889557,1467.7565211940052
game_1182,1182,germany,mexico,0,0.5195203855662436,0.4804796144337564,0.5195203855662436,1478.5318250739065,1504.9607741752588,1475.5817416044943,1507.910857644671
game_1183,1183,kazakhstan,oman,0,0.521984008661879,0.478015991338121,0.521984008661879,1430.4512192835764,1455.165310186078,1428.98997825657,1456.6265512130842
game_1184,1184,panama,uae,1,0.671973620277889,0.328026379722111,0.671973620277889,1534.784394756497,1450.207013401334,1536.5184681559,1448.472940001931
game_1185,1185,france,netherlands,0,0.452765049706605,0.547234950293395,0.452765049706605,1495.1340903107855,1568.0544630048134,1493.8335202777835,1569.3550330378155
game_1186,1186,singapore,guatemala,0,0.5132674654416581,0.48673253455834187,0.5132674654416581,1477.4721560884957,1508.2508121764608,1475.2033223072153,1510.5196459577412
game_1187,1187,uk,new_zealand,0,0.6287666422103818,0.3712333577896182,0.6287666422103818,1536.7030379704734,1485.1660381381078,1532.5532229120613,1489.3158531965198
game_1188,1188,brazil,india,1,0.6245949547067113,0.37540504529328866,0.6245949547067113,1585.589352411497,1537.1500057164035,1590.9510716977127,1531.7882864301878
game_1189,1189,vietnam,philippines,1,0.5026215156455809,0.4973784843544191,0.5026215156455809,1458.1941404879017,1496.372508149375,1460.9217729403326,1493.6448756969442
game_1190,1190,vietnam,india,0,0.4556960146810339,0.5443039853189662,0.4556960146810339,1460.9217729403326,1531.7882864301878,1460.5280579815164,1532.182001389004
game_1191,1191,brazil,morocco,1,0.7000091602075119,0.2999908397924881,0.7000091602075119,1590.9510716977127,1483.752779937432,1593.7727960027582,1480.9310556323865
game_1192,1192,china,usa,1,0.6517107728024703,0.34828922719752975,0.6517107728024703,1543.1137477440568,1474.2678044277225,1547.3522601917289,1470.0292919800504
game_1193,1193,iceland,guatemala,1,0.553310010836614,0.446689989163386,0.553310010836614,1507.7045692678773,1510.5196459577412,1510.897657168511,1507.3265580571076
game_1194,1194,serbia,new_zealand,0,0.5738150694747804,0.42618493052521955,0.5738150694747804,1500.9853972082744,1489.3158531965198,1494.9226312149053,1495.378619189889
game_1195,1195,south_korea,pakistan,1,0.5025714900355961,0.4974285099644039,0.5025714900355961,1512.9326341889557,1551.145764142096,1514.8768755466888,1549.2015227843629
game_1196,1196,saudi_arabia,mongolia,1,0.6345105250905541,0.36548947490944594,0.6345105250905541,1484.1141826308406,1428.2886004459144,1487.3076233867682,1425.0951596899868
game_1197,1197,mexico,germany,0,0.602611869282398,0.39738813071760204,0.602611869282398,1507.910857644671,1475.5817416044943,1504.7671094320995,1478.7254898170659
game_1198,1198,rwanda,netherlands,1,0.3805502405363917,0.6194497594636084,0.3805502405363917,1444.7173978948026,1569.3550330378155,1451.6527091835126,1562.4197217491055
game_1199,1199,uk,singapore,0,0.6365430226245608,0.36345697737543925,0.6365430226245608,1532.5532229120613,1475.2033223072153,1529.046672617179,1478.7098726020977
game_1200,1200,panama,thailand,1,0.5200967704123896,0.47990322958761045,0.5200967704123896,1536.5184681559,1562.5462743981782,1538.4989368192612,1560.565805734817
game_1201,1201,indonesia,switzerland,0,0.5993735141351493,0.4006264858648507,0.5993735141351493,1498.6742664566495,1468.691110341974,1496.542960616129,1470.8224161824946
game_1202,1202,canada,france,1,0.5200260901904056,0.4799739098095944,0.5200260901904056,1467.7565211940052,1493.8335202777835,1470.1880945136645,1491.4019469581242
game_1203,1203,philippines,oman,0,0.6090577201597249,0.3909422798402751,0.6090577201597249,1493.6448756969442,1456.6265512130842,1491.6786429867877,1458.5927839232406
game_1204,1204,peru,kazakhstan,0,0.7379342824487035,0.2620657175512965,0.7379342824487035,1568.832968286516,1428.98997825657,1564.9789635549778,1432.8439829881083
game_1205,1205,uae,ethiopia,1,0.48300210563063267,0.5169978943693674,0.48300210563063267,1448.472940001931,1500.2888401037399,1451.335721504522,1497.4260586011487
game_1206,1206,canada,thailand,1,0.4280044993826474,0.5719955006173526,0.4280044993826474,1470.1880945136645,1560.565805734817,1472.2603372443602,1558.4935630041214
game_1207,1207,germany,pakistan,0,0.45625360456591774,0.5437463954340822,0.45625360456591774,1478.7254898170659,1549.2015227843629,1477.5215484972953,1550.4054641041334
game_1208,1208,china,saudi_arabia,0,0.6401241942986229,0.3598758057013771,0.6401241942986229,1547.3522601917289,1487.3076233867682,1544.7057507654815,1489.9541328130156
game_1209,1209,morocco,switzerland,1,0.5716162614993118,0.4283837385006882,0.5716162614993118,1480.9310556323865,1470.8224161824946,1487.3997923019872,1464.353679512894
game_1210,1210,south_korea,new_zealand,0,0.5847975521878187,0.4152024478121813,0.5847975521878187,1514.8768755466888,1495.378619189889,1513.4398431230823,1496.8156516134954
game_1211,1211,peru,rwanda,1,0.707364207038928,0.292635792961072,0.707364207038928,1564.9789635549778,1451.6527091835126,1568.681526396376,1447.9501463421143
game_1212,1212,singapore,philippines,0,0.5388227644442017,0.46117723555579826,0.5388227644442017,1478.7098726020977,1491.6786429867877,1477.7402885373372,1492.6482270515482
game_1213,1213,france,kazakhstan,0,0.6381503792693589,0.3618496207306411,0.6381503792693589,1491.4019469581242,1432.8439829881083,1488.04607256445,1436.1998573817825
game_1214,1214,ethiopia,india,1,0.5075462319324248,0.49245376806757524,0.5075462319324248,1497.4260586011487,1532.182001389004,1498.1373398502315,1531.4707201399212
game_1215,1215,guatemala,iceland,0,0.552234127440034,0.447765872559966,0.552234127440034,1507.3265580571076,1510.897657168511,1506.4706459807214,1511.753569244897
game_1216,1216,oman,serbia,0,0.5052815778689207,0.4947184221310793,0.5052815778689207,1458.5927839232406,1494.9226312149053,1454.8291236157656,1498.6862915223803
game_1217,1217,uk,usa,0,0.6387608357409532,0.3612391642590468,0.6387608357409532,1529.046672617179,1470.0292919800504,1527.408672706277,1471.6672918909524
game_1218,1218,brazil,indonesia,0,0.687822405312631,0.31217759468736905,0.687822405312631,1593.7727960027582,1496.542960616129,1592.143008727118,1498.1727478917692
game_1219,1219,mongolia,netherlands,1,0.36349072372526725,0.6365092762747327,0.36349072372526725,1425.0951596899868,1562.4197217491055,1429.301838734327,1558.2130427047653
game_1220,1220,vietnam,uae,1,0.5703241635893296,0.4296758364106704,0.5703241635893296,1460.5280579815164,1451.335721504522,1462.5698063720624,1449.293973113976
game_1221,1221,mexico,panama,1,0.5090196469410591,0.49098035305894094,0.5090196469410591,1504.7671094320995,1538.4989368192612,1509.4519089203916,1533.814137330969
game_1222,1222,morocco,usa,1,0.5795245817865393,0.4204754182134607,0.5795245817865393,1487.3997923019872,1471.6672918909524,1492.6874416755413,1466.3796425173982
game_1223,1223,rwanda,china,0,0.4190409750442129,0.5809590249557871,0.4190409750442129,1447.9501463421143,1544.7057507654815,1443.0527491906237,1549.6031479169721
game_1224,1224,thailand,ethiopia,1,0.6405372815170703,0.35946271848292966,0.6405372815170703,1558.4935630041214,1498.1373398502315,1561.6217793928408,1495.009123461512
game_1225,1225,peru,oman,1,0.7079907653239679,0.2920092346760321,0.7079907653239679,1568.681526396376,1454.8291236157656,1568.8234841555693,1454.6871658565724
game_1226,1226,pakistan,mongolia,1,0.7165448670290698,0.28345513297093017,0.7165448670290698,1550.4054641041334,1429.301838734327,1553.5444373496296,1426.162865488831
game_1227,1227,new_zealand,indonesia,1,0.555383421447832,0.44461657855216796,0.555383421447832,1496.8156516134954,1498.1727478917692,1501.56287297387,1493.4255265313946
game_1228,1228,switzerland,singapore,0,0.538225016019283,0.46177498398071704,0.538225016019283,1464.353679512894,1477.7402885373372,1461.7147210947821,1480.379246955449
game_1229,1229,guatemala,serbia,0,0.5683368759156504,0.4316631240843496,0.5683368759156504,1506.4706459807214,1498.6862915223803,1503.5746823172574,1501.5822551858444
game_1230,1230,mexico,canada,1,0.6092951557006613,0.3907048442993387,0.6092951557006613,1509.4519089203916,1472.2603372443602,1512.9842645492784,1468.7279816154735
game_1231,1231,india,kazakhstan,0,0.6853959163242465,0.31460408367575354,0.6853959163242465,1531.4707201399212,1436.1998573817825,1528.783688398522,1438.8868891231818
game_1232,1232,vietnam,iceland,0,0.48678658009584924,0.5132134199041507,0.48678658009584924,1462.5698063720624,1511.753569244897,1460.6227891372291,1513.7005864797304
game_1233,1233,panama,germany,1,0.6351337362051314,0.36486626379486864,0.6351337362051314,1533.814137330969,1477.5215484972953,1539.303074378831,1472.0326114494333
game_1234,1234,uk,france,1,0.6122661326968604,0.38773386730313963,0.6122661326968604,1527.408672706277,1488.04607256445,1529.6604191733802,1485.7943260973468
game_1235,1235,netherlands,philippines,1,0.6474113806250751,0.3525886193749249,0.6474113806250751,1558.2130427047653,1492.6482270515482,1563.2225162089965,1487.638753547317
game_1236,1236,south_korea,brazil,0,0.44453092041878495,0.555469079581215,0.44453092041878495,1513.4398431230823,1592.143008727118,1509.599236967365,1595.9836148828354
game_1237,1237,serbia,netherlands,1,0.4688973715174871,0.5311026284825129,0.4688973715174871,1501.5822551858444,1563.2225162089965,1507.4086785754453,1557.3960928193956
game_1238,1238,indonesia,thailand,0,0.45951118030480226,0.5404888196951978,0.45951118030480226,1493.4255265313946,1561.6217793928408,1490.8776180634322,1564.1696878608032
game_1239,1239,canada,ethiopia,1,0.5197327695538121,0.4802672304461879,0.5197327695538121,1468.7279816154735,1495.009123461512,1471.2615199857698,1492.4755850912156
game_1240,1240,saudi_arabia,mexico,1,0.5244022015348032,0.4755977984651968,0.5244022015348032,1489.9541328130156,1512.9842645492784,1490.8573898222564,1512.0810075400375
game_1241,1241,oman,germany,0,0.5325563976195303,0.46744360238046967,0.5325563976195303,1454.6871658565724,1472.0326114494333,1452.7060286966216,1474.013748609384
game_1242,1242,mongolia,uae,0,0.524257229621029,0.47574277037897095,0.524257229621029,1426.162865488831,1449.293973113976,1424.190341657271,1451.2664969455361
game_1243,1243,brazil,peru,0,0.5954651050368351,0.40453489496316486,0.5954651050368351,1595.9836148828354,1568.8234841555693,1594.1823096689216,1570.624789369483
game_1244,1244,vietnam,rwanda,1,0.5820999281499927,0.4179000718500073,0.5820999281499927,1460.6227891372291,1443.0527491906237,1461.6772331033608,1441.998305224492
game_1245,1245,panama,philippines,0,0.6289377032936313,0.3710622967063687,0.6289377032936313,1539.303074378831,1487.638753547317,1535.9533613923534,1490.9884665337947
game_1246,1246,singapore,uk,0,0.486646495722147,0.513353504277853,0.486646495722147,1480.379246955449,1529.6604191733802,1476.1729257352295,1533.8667403935997
game_1247,1247,pakistan,china,0,0.5629015757697223,0.43709842423027767,0.5629015757697223,1553.5444373496296,1549.6031479169721,1547.4282965485509,1555.7192887180508
game_1248,1248,switzerland,usa,1,0.5506766630268288,0.4493233369731712,0.5506766630268288,1461.7147210947821,1466.3796425173982,1467.1168151066177,1460.9775485055627
game_1249,1249,kazakhstan,iceland,1,0.4500660695336192,0.5499339304663808,0.4500660695336192,1438.8868891231818,1513.7005864797304,1441.7744145223085,1510.8130610806038
game_1250,1250,morocco,south_korea,1,0.5331777738794841,0.46682222612051594,0.5331777738794841,1492.6874416755413,1509.599236967365,1497.5099867046858,1504.7766919382204
game_1251,1251,france,india,1,0.49569806798685173,0.5043019320131483,0.49569806798685173,1485.7943260973468,1528.783688398522,1487.7705333621936,1526.807481133675
game_1252,1252,pakistan,morocco,1,0.626589062232306,0.37341093776769396,0.626589062232306,1547.4282965485509,1497.5099867046858,1551.462394837453,1493.4758884157836
game_1253,1253,thailand,vietnam,1,0.6942899373821394,0.3057100626178606,0.6942899373821394,1564.1696878608032,1461.6772331033608,1568.9219954316854,1456.9249255324785
game_1254,1254,philippines,iceland,1,0.5290021506806969,0.4709978493193031,0.5290021506806969,1490.9884665337947,1510.8130610806038,1492.7672472168824,1509.034280397516
game_1255,1255,south_korea,mongolia,1,0.6668896628748325,0.33311033712516747,0.6668896628748325,1504.7766919382204,1424.190341657271,1507.6702425407977,1421.2967910546936
game_1256,1256,saudi_arabia,brazil,0,0.4098640194279655,0.5901359805720345,0.4098640194279655,1490.8573898222564,1594.1823096689216,1488.675524436143,1596.364175055035
game_1257,1257,usa,france,0,0.5189972732974963,0.48100272670250366,0.5189972732974963,1460.9775485055627,1487.7705333621936,1456.4767801861965,1492.2713016815599
game_1258,1258,rwanda,ethiopia,0,0.4849265511472238,0.5150734488527762,0.4849265511472238,1441.998305224492,1492.4755850912156,1437.3537819361443,1497.1201083795634
game_1259,1259,indonesia,china,1,0.4643107590178688,0.5356892409821312,0.4643107590178688,1490.8776180634322,1555.7192887180508,1493.3964110687073,1553.2004957127758
game_1260,1260,kazakhstan,canada,1,0.515124655743118,0.48487534425688195,0.515124655743118,1441.7744145223085,1471.2615199857698,1442.3001681111189,1470.7357663969594
game_1261,1261,germany,oman,1,0.5873244264985422,0.4126755735014578,0.5873244264985422,1474.013748609384,1452.7060286966216,1474.0930782647056,1452.6266990413
game_1262,1262,mexico,new_zealand,0,0.5721933846084893,0.42780661539151066,0.5721933846084893,1512.0810075400375,1501.56287297387,1510.8647766522104,1502.7791038616972
game_1263,1263,panama,guatemala,0,0.6026801901613495,0.39731980983865045,0.6026801901613495,1535.9533613923534,1503.5746823172574,1532.633924713612,1506.8941189959987
game_1264,1264,singapore,netherlands,0,0.4409519226117956,0.5590480773882044,0.4409519226117956,1476.1729257352295,1557.3960928193956,1468.0683923568515,1565.5006261977735
game_1265,1265,serbia,uk,0,0.5194785527201493,0.4805214472798507,0.5194785527201493,1507.4086785754453,1533.8667403935997,1503.3709388583359,1537.904480110709
game_1266,1266,uae,india,1,0.44903007659563404,0.5509699234043659,0.44903007659563404,1451.2664969455361,1526.807481133675,1453.6097110428393,1524.464267036372
game_1267,1267,switzerland,peru,1,0.409609168329685,0.590390831670315,0.409609168329685,1467.1168151066177,1570.624789369483,1470.288579258916,1567.4530252171849
game_1268,1268,singapore,usa,1,0.5737053572436831,0.4262946427563169,0.5737053572436831,1468.0683923568515,1456.4767801861965,1470.0324459733645,1454.5127265696835
game_1269,1269,canada,thailand,1,0.4170374652382287,0.5829625347617713,0.4170374652382287,1470.7357663969594,1568.9219954316854,1472.761467409958,1566.896294418687
game_1270,1270,morocco,peru,1,0.4512582540426004,0.5487417459573996,0.4512582540426004,1493.4758884157836,1567.4530252171849,1495.1505224002751,1565.7783912326934
game_1271,1271,uae,rwanda,1,0.5802586244784527,0.41974137552154733,0.5802586244784527,1453.6097110428393,1437.3537819361443,1455.9347515140862,1435.0287414648974
game_1272,1272,mexico,india,0,0.5379204314456536,0.4620795685543464,0.5379204314456536,1510.8647766522104,1524.464267036372,1509.3801378543783,1525.948905834204
game_1273,1273,indonesia,ethiopia,0,0.5520169077257445,0.4479830922742555,0.5520169077257445,1493.3964110687073,1497.1201083795634,1491.646244715469,1498.8702747328016
game_1274,1274,south_korea,guatemala,0,0.5584136065334939,0.4415863934665061,0.5584136065334939,1507.6702425407977,1506.8941189959987,1504.325467859436,1510.2388936773605
game_1275,1275,germany,mongolia,1,0.6304571218244873,0.3695428781755127,0.6304571218244873,1474.0930782647056,1421.2967910546936,1477.3130361689791,1418.07683315042
game_1276,1276,china,france,1,0.6412963568105515,0.3587036431894485,0.6412963568105515,1553.2004957127758,1492.2713016815599,1555.014663991622,1490.4571334027137
game_1277,1277,uk,iceland,0,0.59783413302771,0.40216586697228995,0.59783413302771,1537.904480110709,1509.034280397516,1536.0473042739159,1510.8914562343093
game_1278,1278,oman,panama,1,0.4426781043054799,0.5573218956945201,0.4426781043054799,1452.6266990413,1532.633924713612,1459.0854709646503,1526.1751527902618
game_1279,1279,pakistan,saudi_arabia,1,0.6437525383913444,0.3562474616086556,0.6437525383913444,1551.462394837453,1488.675524436143,1554.3703656069279,1485.7675536666682
game_1280,1280,new_zealand,netherlands,1,0.46734763758633385,0.5326523624136661,0.46734763758633385,1502.7791038616972,1565.5006261977735,1503.9602148069707,1564.3195152525
game_1281,1281,brazil,philippines,0,0.6956377323715573,0.30436226762844265,0.6956377323715573,1596.364175055035,1492.7672472168824,1592.8755102424607,1496.2559120294568
game_1282,1282,serbia,kazakhstan,1,0.641483809665896,0.358516190334104,0.641483809665896,1503.3709388583359,1442.3001681111189,1506.0462344123027,1439.624872557152
game_1283,1283,vietnam,switzerland,1,0.5382578581041868,0.4617421418958132,0.5382578581041868,1456.9249255324785,1470.288579258916,1458.990634584931,1468.2228702064633
game_1284,1284,india,saudi_arabia,1,0.6133844151770014,0.3866155848229986,0.6133844151770014,1525.948905834204,1485.7675536666682,1529.0346134499343,1482.6818460509378
game_1285,1285,oman,uae,1,0.5617815414997788,0.43821845850022123,0.5617815414997788,1459.0854709646503,1455.9347515140862,1461.3623301414405,1453.657892337296
game_1286,1286,panama,kazakhstan,0,0.6744720634190916,0.3255279365809084,0.6744720634190916,1526.1751527902618,1439.624872557152,1524.5959864255535,1441.2040389218603
game_1287,1287,pakistan,guatemala,1,0.618762666917615,0.38123733308238505,0.618762666917615,1554.3703656069279,1510.2388936773605,1557.6061037049906,1507.0031555792978
game_1288,1288,philippines,serbia,1,0.5433659881119793,0.45663401188802066,0.5433659881119793,1496.2559120294568,1506.0462344123027,1496.5923672559732,1505.7097791857864
game_1289,1289,france,usa,1,0.6075847658215119,0.3924152341784881,0.6075847658215119,1490.4571334027137,1454.5127265696835,1494.7650209335175,1450.2048390388798
game_1290,1290,brazil,canada,1,0.7153864356505222,0.2846135643494778,0.7153864356505222,1592.8755102424607,1472.761467409958,1596.0299164598212,1469.6070611925975
game_1291,1291,iceland,switzerland,1,0.6167742032222319,0.38322579677776814,0.6167742032222319,1510.8914562343093,1468.2228702064633,1516.8520157995677,1462.262310641205
game_1292,1292,uk,rwanda,1,0.6924861479599296,0.3075138520400704,0.6924861479599296,1536.0473042739159,1435.0287414648974,1537.7308446388515,1433.3452010999617
game_1293,1293,netherlands,indonesia,1,0.6566947899582466,0.3433052100417534,0.6566947899582466,1564.3195152525,1491.646244715469,1565.7979128644233,1490.1678471035457
game_1294,1294,mexico,south_korea,1,0.5644778599007629,0.43552214009923707,0.5644778599007629,1509.3801378543783,1504.325467859436,1514.1393493185547,1499.5662563952596
game_1295,1295,new_zealand,morocco,1,0.5697843044093819,0.4302156955906181,0.5697843044093819,1503.9602148069707,1495.1505224002751,1508.7214200763485,1490.3893171308973
game_1296,1296,peru,singapore,1,0.6859853164024626,0.31401468359753737,0.6859853164024626,1565.7783912326934,1470.0324459733645,1569.5335464855077,1466.2772907205501
game_1297,1297,philippines,thailand,0,0.45649939937242007,0.54350060062758,0.45649939937242007,1496.5923672559732,1566.896294418687,1494.97535477657,1568.5133068980901
game_1298,1298,mongolia,guatemala,0,0.4300511287146345,0.5699488712853655,0.4300511287146345,1418.07683315042,1507.0031555792978,1415.7227309173834,1509.3572578123344
game_1299,1299,pakistan,mexico,1,0.6178596222398763,0.38214037776012366,0.6178596222398763,1557.6061037049906,1514.1393493185547,1563.5451935661945,1508.2002594573507
game_1300,1300,ethiopia,oman,1,0.6097286116404527,0.39027138835954733,0.6097286116404527,1498.8702747328016,1461.3623301414405,1503.3648269187302,1456.8677779555119
game_1301,1301,new_zealand,peru,1,0.47008471523587353,0.5299152847641264,0.47008471523587353,1508.7214200763485,1569.5335464855077,1509.6926226628748,1568.5623438989815
game_1302,1302,panama,china,0,0.5137851369997345,0.4862148630002655,0.5137851369997345,1524.5959864255535,1555.014663991622,1519.1181461937201,1560.4925042234554
game_1303,1303,serbia,usa,1,0.6340823734845045,0.36591762651549553,0.6340823734845045,1505.7097791857864,1450.2048390388798,1510.9380485264417,1444.9765696982245
game_1304,1304,canada,morocco,1,0.5276283858965687,0.4723716141034313,0.5276283858965687,1469.6070611925975,1490.3893171308973,1475.684960842786,1484.3114174807088
game_1305,1305,iceland,kazakhstan,1,0.6605448671435376,0.33945513285646245,0.6605448671435376,1516.8520157995677,1441.2040389218603,1518.4301028286002,1439.6259518928277
game_1306,1306,indonesia,germany,1,0.5754827833640205,0.4245172166359795,0.5754827833640205,1490.1678471035457,1477.3130361689791,1493.4520203950653,1474.0288628774595
game_1307,1307,vietnam,saudi_arabia,1,0.5234530103694562,0.47654698963054376,0.5234530103694562,1458.990634584931,1482.6818460509378,1460.4575842095478,1481.214896426321
game_1308,1308,switzerland,france,1,0.5107877928045017,0.4892122071954983,0.5107877928045017,1462.262310641205,1494.7650209335175,1463.211653167324,1493.8156784073985
game_1309,1309,netherlands,south_korea,1,0.6482871308914355,0.3517128691085645,0.6482871308914355,1565.7979128644233,1499.5662563952596,1567.7300324738353,1497.6341367858477
game_1310,1310,uk,uae,0,0.6713332466987524,0.3286667533012476,0.6713332466987524,1537.7308446388515,1453.657892337296,1535.014463851311,1456.3742731248367
game_1311,1311,brazil,rwanda,1,0.7625565193290832,0.2374434806709168,0.7625565193290832,1596.0299164598212,1433.3452010999617,1597.6526758643993,1431.7224416953836
game_1312,1312,india,singapore,0,0.6437135297955904,0.3562864702044096,0.6437135297955904,1529.0346134499343,1466.2772907205501,1525.575899518627,1469.7360046518575
