game_id,game_num,home_team,away_team,home_win,home_win_prob,away_win_prob,pred_home_win_prob,pre_home_rating,pre_away_rating,post_home_rating,post_away_rating
game_1,1,thailand,pakistan,0,0.5573116337622928,0.44268836623770724,0.5573116337622928,1500.0,1500.0,1496.9850918976792,1503.0149081023208
game_2,2,france,morocco,1,0.5573116337622928,0.44268836623770724,0.5573116337622928,1500.0,1500.0,1501.7252794259134,1498.2747205740866
game_3,3,peru,iceland,1,0.5573116337622928,0.44268836623770724,0.5573116337622928,1500.0,1500.0,1502.437204254589,1497.562795745411
game_4,4,mongolia,saudi_arabia,0,0.5573116337622928,0.44268836623770724,0.5573116337622928,1500.0,1500.0,1498.0359431381212,1501.9640568618788
game_5,5,usa,guatemala,1,0.5573116337622928,0.44268836623770724,0.5573116337622928,1500.0,1500.0,1500.6498307776496,1499.3501692223504
game_6,6,indonesia,new_zealand,0,0.5573116337622928,0.44268836623770724,0.5573116337622928,1500.0,1500.0,1497.3434714722596,1502.6565285277404
game_7,7,germany,rwanda,0,0.5573116337622928,0.44268836623770724,0.5573116337622928,1500.0,1500.0,1498.3949381077173,1501.6050618922827
game_8,8,china,singapore,0,0.5573116337622928,0.44268836623770724,0.5573116337622928,1500.0,1500.0,1498.4740756335034,1501.5259243664966
game_9,9,ethiopia,netherlands,1,0.5573116337622928,0.44268836623770724,0.5573116337622928,1500.0,1500.0,1502.5497343821644,1497.4502656178356
game_10,10,switzerland,kazakhstan,1,0.5573116337622928,0.44268836623770724,0.5573116337622928,1500.0,1500.0,1500.3654308380758,1499.6345691619242
game_11,11,panama,canada,1,0.5573116337622928,0.44268836623770724,0.5573116337622928,1500.0,1500.0,1503.7571192216865,1496.2428807783135
game_12,12,philippines,south_korea,1,0.5573116337622928,0.44268836623770724,0.5573116337622928,1500.0,1500.0,1500.3108002028891,1499.6891997971109
game_13,13,mexico,brazil,0,0.5573116337622928,0.44268836623770724,0.5573116337622928,1500.0,1500.0,1493.5683891740575,1506.4316108259425
game_14,14,oman,india,0,0.5573116337622928,0.44268836623770724,0.5573116337622928,1500.0,1500.0,1497.29960528546,1502.70039471454
game_15,15,uk,vietnam,0,0.5573116337622928,0.44268836623770724,0.5573116337622928,1500.0,1500.0,1498.7988520095782,1501.2011479904218
game_16,16,thailand,france,1,0.5505694567238834,0.44943054327611665,0.5505694567238834,1496.9850918976792,1501.7252794259134,1497.5308509209042,1501.1795204026885
game_17,17,philippines,peru,1,0.5542896156968283,0.44571038430317167,0.5542896156968283,1500.3108002028891,1502.437204254589,1502.404949694933,1500.343054762545
game_18,18,india,vietnam,1,0.5594398099129488,0.44056019008705116,0.5594398099129488,1502.70039471454,1501.2011479904218,1505.0130285094394,1498.8885141955222
game_19,19,saudi_arabia,canada,1,0.5654208540802345,0.43457914591976554,0.5654208540802345,1501.9640568618788,1496.2428807783135,1503.779348101191,1494.4275895390012
game_20,20,germany,iceland,1,0.5584931222771903,0.4415068777228097,0.5584931222771903,1498.3949381077173,1497.562795745411,1499.5371755763217,1496.4205582768066
game_21,21,serbia,pakistan,1,0.5530256820784109,0.44697431792158915,0.5530256820784109,1500.0,1503.0149081023208,1503.884582933281,1499.1303251690397
game_22,22,ethiopia,mongolia,1,0.5637122639776236,0.43628773602237636,0.5637122639776236,1502.5497343821644,1498.0359431381212,1504.7209400314027,1495.8647374888828
game_23,23,uae,usa,1,0.5563885421543898,0.4436114578456102,0.5563885421543898,1500.0,1500.6498307776496,1500.7173145918432,1499.9325161858064
game_24,24,oman,new_zealand,1,0.5496908247264141,0.45030917527358594,0.5496908247264141,1497.29960528546,1502.6565285277404,1497.7855605521625,1502.170573261038
game_25,25,brazil,uk,1,0.5681227747305393,0.4318772252694607,0.5681227747305393,1506.4316108259425,1498.7988520095782,1506.8664159120774,1498.3640469234433
game_26,26,guatemala,rwanda,1,0.5541068783687186,0.44589312163128136,0.5541068783687186,1499.3501692223504,1501.6050618922827,1502.488108640068,1498.467122474565
game_27,27,kazakhstan,morocco,1,0.5592420255399103,0.4407579744600897,0.5592420255399103,1499.6345691619242,1498.2747205740866,1501.0162776802636,1496.8930120557472
game_28,28,switzerland,indonesia,0,0.5615990616345277,0.43840093836547234,0.5615990616345277,1500.3654308380758,1497.3434714722596,1498.917552859494,1498.7913494508414
game_29,29,netherlands,singapore,1,0.5515158238736633,0.44848417612633673,0.5515158238736633,1497.4502656178356,1501.5259243664966,1501.268143054005,1497.7080469303273
game_30,30,mexico,south_korea,1,0.5486021239745198,0.4513978760254802,0.5486021239745198,1493.5683891740575,1499.6891997971109,1496.014553298324,1497.2430356728444
game_31,31,uk,thailand,1,0.5584946178349534,0.44150538216504664,0.5584946178349534,1498.3640469234433,1497.5308509209042,1500.620859502949,1495.2740383413984
game_32,32,pakistan,new_zealand,1,0.5529896247654144,0.44701037523458564,0.5529896247654144,1499.1303251690397,1502.170573261038,1504.085092797233,1497.2158056328446
game_33,33,oman,ethiopia,1,0.5474406788785284,0.45255932112147157,0.5474406788785284,1497.7855605521625,1504.7209400314027,1499.1069959561835,1503.3995046273817
game_34,34,iceland,saudi_arabia,0,0.5468367584130054,0.4531632415869946,0.5468367584130054,1496.4205582768066,1503.779348101191,1495.2595736228095,1504.9403327551881
game_35,35,france,morocco,0,0.5633904617220787,0.43660953827792126,0.5633904617220787,1501.1795204026885,1496.8930120557472,1498.0879328872766,1499.9845995711592
game_36,36,indonesia,peru,0,0.5551067755991161,0.44489322440088386,0.5551067755991161,1498.7913494508414,1500.343054762545,1496.1915854098252,1502.9428188035613
game_37,37,south_korea,serbia,1,0.5478596969374228,0.45214030306257724,0.5478596969374228,1497.2430356728444,1503.884582933281,1499.37583723942,1501.7517813667055
game_38,38,rwanda,panama,0,0.5497861865932059,0.4502138134067941,0.5497861865932059,1498.467122474565,1503.7571192216865,1495.9065587761288,1506.3176829201227
game_39,39,kazakhstan,usa,1,0.5588502452521189,0.4411497547478811,0.5588502452521189,1501.0162776802636,1499.9325161858064,1504.8851769992875,1496.0636168667825
game_40,40,singapore,mexico,0,0.5597153847255992,0.44028461527440077,0.5597153847255992,1497.7080469303273,1496.014553298324,1494.690698719516,1499.0319015091354
game_41,41,netherlands,china,1,0.5612760504536729,0.4387239495463271,0.5612760504536729,1501.268143054005,1498.4740756335034,1505.7689548420087,1493.9732638454996
game_42,42,vietnam,brazil,0,0.5459534563234699,0.4540465436765301,0.5459534563234699,1498.8885141955222,1506.8664159120774,1490.4107418020615,1515.3441883055382
game_43,43,uae,canada,1,0.5662248815989895,0.43377511840101046,0.5662248815989895,1500.7173145918432,1494.4275895390012,1501.7041132079491,1493.4407909228953
game_44,44,philippines,mongolia,1,0.5665790038339936,0.4334209961660064,0.5665790038339936,1502.404949694933,1495.8647374888828,1504.3880684795342,1493.8816187042817
game_45,45,guatemala,switzerland,1,0.5623764207145029,0.4376235792854971,0.5623764207145029,1502.488108640068,1498.917552859494,1504.5976267156755,1496.8080347838866
game_46,46,panama,rwanda,0,0.5720425880592226,0.4279574119407774,0.5720425880592226,1506.3176829201227,1495.9065587761288,1504.9968728869624,1497.2273688092891
game_47,47,morocco,ethiopia,1,0.5524564451213105,0.44754355487868946,0.5524564451213105,1499.9845995711592,1503.3995046273817,1502.4258213810901,1500.9582828174507
game_48,48,saudi_arabia,oman,1,0.5655794963130567,0.4344205036869433,0.5655794963130567,1504.9403327551881,1499.1069959561835,1510.4064878081804,1493.6408409031912
game_49,49,iceland,france,1,0.5532911128960561,0.44670888710394385,0.5532911128960561,1495.2595736228095,1498.0879328872766,1495.9375175165121,1497.409988993574
game_50,50,china,netherlands,0,0.5405003373695234,0.4594996626304766,0.5405003373695234,1493.9732638454996,1505.7689548420087,1490.8443357208387,1508.8978829666696
game_51,51,india,switzerland,1,0.5689308181735434,0.4310691818264566,0.5689308181735434,1505.0130285094394,1496.8080347838866,1505.4397268513528,1496.3813364419732
game_52,52,new_zealand,pakistan,1,0.547534935397466,0.452465064602534,0.547534935397466,1497.2158056328446,1504.085092797233,1499.3007672691028,1502.000131160975
game_53,53,south_korea,uk,0,0.5555427243392739,0.4444572756607261,0.5555427243392739,1499.37583723942,1500.620859502949,1497.0426906818107,1502.9540060605584
game_54,54,germany,philippines,1,0.5504117634809017,0.4495882365190983,0.5504117634809017,1499.5371755763217,1504.3880684795342,1504.3028400176413,1499.6224040382147
game_55,55,serbia,peru,0,0.5556194547270897,0.44438054527291027,0.5556194547270897,1501.7517813667055,1502.9428188035613,1498.8910782618007,1505.803521908466
game_56,56,brazil,guatemala,1,0.5725152336491884,0.42748476635081156,0.5725152336491884,1515.3441883055382,1504.5976267156755,1515.87846952641,1504.0633454948036
game_57,57,vietnam,mongolia,1,0.5523767804045926,0.4476232195954074,0.5523767804045926,1490.4107418020615,1493.8816187042817,1491.6827719790947,1492.6095885272484
game_58,58,usa,singapore,1,0.5592605700211085,0.4407394299788915,0.5592605700211085,1496.0636168667825,1494.690698719516,1501.5833877318207,1489.1709278544777
game_59,59,thailand,kazakhstan,1,0.5436219029696203,0.4563780970303797,0.5436219029696203,1495.2740383413984,1504.8851769992875,1497.211339395671,1502.9478759450149
game_60,60,canada,mexico,0,0.5493571084185982,0.4506428915814018,0.5493571084185982,1493.4407909228953,1499.0319015091354,1491.6918392394002,1500.7808531926305
game_61,61,indonesia,uae,1,0.5494690936367618,0.4505309063632382,0.5494690936367618,1496.1915854098252,1501.7041132079491,1496.5532062109264,1501.342492406848
game_62,62,guatemala,saudi_arabia,1,0.5482851664844095,0.4517148335155905,0.5482851664844095,1504.0633454948036,1510.4064878081804,1504.8252212955415,1509.6446120074424
game_63,63,new_zealand,serbia,1,0.5578933984133932,0.44210660158660675,0.5578933984133932,1499.3007672691028,1498.8910782618007,1501.8071976440679,1496.3846478868356
game_64,64,thailand,ethiopia,0,0.5519838157247535,0.4480161842752465,0.5519838157247535,1497.211339395671,1500.9582828174507,1495.3372041560954,1502.8324180570264
game_65,65,india,rwanda,1,0.568941214820788,0.43105878517921203,0.568941214820788,1505.4397268513528,1497.2273688092891,1506.310189271938,1496.356906388704
game_66,66,indonesia,pakistan,0,0.5495625778185954,0.4504374221814046,0.5495625778185954,1496.5532062109264,1502.000131160975,1493.7651040792907,1504.7882332926106
game_67,67,china,brazil,1,0.5215243017966859,0.47847569820331415,0.5215243017966859,1490.8443357208387,1515.87846952641,1492.3023133514023,1514.4204918958465
game_68,68,south_korea,morocco,0,0.5496534813899165,0.45034651861008346,0.5496534813899165,1497.0426906818107,1502.4258213810901,1495.9068468850237,1503.561665177877
game_69,69,switzerland,uk,1,0.5479579097830379,0.45204209021696207,0.5479579097830379,1496.3813364419732,1502.9540060605584,1497.962892151449,1501.3724503510825
game_70,70,mexico,oman,0,0.5674266847121627,0.43257331528783727,0.5674266847121627,1500.7808531926305,1493.6408409031912,1496.9379650711667,1497.483729024655
game_71,71,mongolia,usa,0,0.5445319802113239,0.4554680197886761,0.5445319802113239,1492.6095885272484,1501.5833877318207,1488.8467067622428,1505.3462694968264
game_72,72,philippines,germany,1,0.550654565041328,0.44934543495867196,0.550654565041328,1499.6224040382147,1504.3028400176413,1501.4517076350091,1502.4735364208468
game_73,73,iceland,panama,0,0.5444098289918121,0.4555901710081879,0.5444098289918121,1495.9375175165121,1504.9968728869624,1492.9609497968415,1507.973440606633
game_74,74,netherlands,france,1,0.5735593317989898,0.42644066820101023,0.5735593317989898,1508.8978829666696,1497.409988993574,1511.5125914476623,1494.7952805125813
game_75,75,uae,kazakhstan,1,0.5550304634705846,0.4449695365294154,0.5550304634705846,1501.342492406848,1502.9478759450149,1503.525280946544,1500.7650874053188
game_76,76,vietnam,singapore,1,0.5608759587450086,0.4391240412549914,0.5608759587450086,1491.6827719790947,1489.1709278544777,1492.7726510596776,1488.0810487738947
game_77,77,peru,canada,1,0.5772493714261552,0.4227506285738448,0.5772493714261552,1505.803521908466,1491.6918392394002,1507.6347940452865,1489.8605671025798
game_78,78,rwanda,uae,1,0.547108369502954,0.45289163049704595,0.547108369502954,1496.356906388704,1503.525280946544,1498.3119994127087,1501.5701879225392
game_79,79,oman,china,1,0.5646572198853846,0.43534278011461536,0.5646572198853846,1497.483729024655,1492.3023133514023,1499.8006180988789,1489.9854242771785
game_80,80,philippines,saudi_arabia,0,0.5456466387990768,0.4543533612009232,0.5456466387990768,1501.4517076350091,1509.6446120074424,1499.8984177496475,1511.197901892804
game_81,81,serbia,ethiopia,1,0.5481359947660783,0.4518640052339217,0.5481359947660783,1496.3846478868356,1502.8324180570264,1497.1863820503995,1502.0306838934625
game_82,82,india,panama,1,0.5549481922955231,0.44505180770447694,0.5549481922955231,1506.310189271938,1507.973440606633,1511.9628979564375,1502.3207319221335
game_83,83,pakistan,switzerland,1,0.5669820175788021,0.43301798242119793,0.5669820175788021,1504.7882332926106,1497.962892151449,1507.0948174980588,1495.6563079460009
game_84,84,morocco,kazakhstan,0,0.5612796088785277,0.4387203911214723,0.5612796088785277,1503.561665177877,1500.7650874053188,1500.2975080132687,1504.0292445699272
game_85,85,usa,uk,1,0.5629476483482302,0.4370523516517698,0.5629476483482302,1505.3462694968264,1501.3724503510825,1507.5285928600372,1499.1901269878717
game_86,86,indonesia,iceland,1,0.558453395055288,0.441546604944712,0.558453395055288,1493.7651040792907,1492.9609497968415,1495.9070159094013,1490.819037966731
game_87,87,south_korea,germany,1,0.547966436625704,0.452033563374296,0.547966436625704,1495.9068468850237,1502.4735364208468,1496.971525019624,1501.4088582862464
game_88,88,mexico,mongolia,1,0.568770243355135,0.43122975664486496,0.568770243355135,1496.9379650711667,1488.8467067622428,1499.2709925430713,1486.5136792903381
game_89,89,guatemala,thailand,0,0.5707412146573735,0.4292587853426265,0.5707412146573735,1504.8252212955415,1495.3372041560954,1498.7002284749012,1501.4621969767356
game_90,90,canada,vietnam,1,0.5531719890538636,0.44682801094613644,0.5531719890538636,1489.8605671025798,1492.7726510596776,1495.47586681563,1487.1573513466274
game_91,91,singapore,brazil,0,0.5196489973995213,0.4803510026004787,0.5196489973995213,1488.0810487738947,1514.4204918958465,1482.3471676397935,1520.1543730299477
game_92,92,new_zealand,netherlands,0,0.5434872881806972,0.45651271181930275,0.5434872881806972,1501.8071976440679,1511.5125914476623,1498.521633314194,1514.798155777536
game_93,93,peru,france,1,0.5754612702190866,0.42453872978091345,0.5754612702190866,1507.6347940452865,1494.7952805125813,1512.8020176217758,1489.628056936092
game_94,94,thailand,india,1,0.5423511828995465,0.45764881710045346,0.5423511828995465,1501.4621969767356,1511.9628979564375,1502.5225816071475,1510.9025133260257
game_95,95,oman,singapore,0,0.581936657171123,0.418063342828877,0.581936657171123,1499.8006180988789,1482.3471676397935,1496.586146894105,1485.5616388445674
game_96,96,usa,philippines,1,0.5681191254964028,0.43188087450359725,0.5681191254964028,1507.5285928600372,1499.8984177496475,1509.1751202325229,1498.2518903771618
game_97,97,guatemala,mongolia,1,0.5745427234523954,0.42545727654760457,0.5745427234523954,1498.7002284749012,1486.5136792903381,1504.1576687104382,1481.0562390548012
game_98,98,pakistan,germany,1,0.5653710399059535,0.4346289600940465,0.5653710399059535,1507.0948174980588,1501.4088582862464,1508.5889686797505,1499.9147071045547
game_99,99,peru,indonesia,1,0.581154361627361,0.418845638372639,0.581154361627361,1512.8020176217758,1495.9070159094013,1517.9735337966888,1490.7354997344883
game_100,100,serbia,rwanda,0,0.5557124348491308,0.4442875651508692,0.5557124348491308,1497.1863820503995,1498.3119994127087,1495.845801947038,1499.6525795160703
game_101,101,canada,panama,0,0.5475697636702731,0.4524302363297269,0.5475697636702731,1495.47586681563,1502.3207319221335,1493.1615606904566,1504.635038047307
game_102,102,switzerland,ethiopia,1,0.5482406364702422,0.45175936352975776,0.5482406364702422,1495.6563079460009,1502.0306838934625,1497.8761015517712,1499.8108902876922
game_103,103,uae,morocco,0,0.5591183371205788,0.4408816628794212,0.5591183371205788,1501.5701879225392,1500.2975080132687,1492.3240207376011,1509.5436751982068
game_104,104,france,saudi_arabia,1,0.5264982752862291,0.47350172471377094,0.5264982752862291,1489.628056936092,1511.197901892804,1490.7016630290755,1510.1242957998206
game_105,105,south_korea,mexico,1,0.5540434803094665,0.4459565196905335,0.5540434803094665,1496.971525019624,1499.2709925430713,1499.3586558263435,1496.883861736352
game_106,106,new_zealand,kazakhstan,1,0.5494760998400693,0.4505239001599307,0.5494760998400693,1498.521633314194,1504.0292445699272,1499.2628723347557,1503.2880055493656
game_107,107,iceland,netherlands,1,0.5230395754577343,0.4769604245422657,0.5230395754577343,1490.819037966731,1514.798155777536,1491.349280957872,1514.267912786395
game_108,108,uk,brazil,0,0.5273672732270802,0.4726327267729198,0.5273672732270802,1499.1901269878717,1520.1543730299477,1496.947948832837,1522.3965511849824
game_109,109,south_korea,rwanda,0,0.5568941606422569,0.44310583935774306,0.5568941606422569,1499.3586558263435,1499.6525795160703,1498.34093609271,1500.6702992497037
game_110,110,switzerland,morocco,0,0.5406834978691099,0.45931650213089015,0.5406834978691099,1497.8761015517712,1509.5436751982068,1496.412401721347,1511.007375028631
game_111,111,oman,china,0,0.5666645392842092,0.43333546071579077,0.5666645392842092,1496.586146894105,1489.9854242771785,1490.1259429226627,1496.4456282486208
game_112,112,ethiopia,serbia,0,0.5629352828154001,0.43706471718459994,0.5629352828154001,1499.8108902876922,1495.845801947038,1494.0406947094032,1501.615997525327
game_113,113,saudi_arabia,iceland,0,0.583786305253148,0.416213694746852,0.583786305253148,1510.1242957998206,1491.349280957872,1508.660099091439,1492.8134776662537
game_114,114,india,peru,1,0.5472472259546455,0.4527527740453545,0.5472472259546455,1510.9025133260257,1517.9735337966888,1514.318830555534,1514.5572165671804
game_115,115,pakistan,mexico,1,0.5738651324582003,0.42613486754179974,0.5738651324582003,1508.5889686797505,1496.883861736352,1509.9238530458447,1495.5489773702577
game_116,116,guatemala,philippines,1,0.5656819518481871,0.43431804815181285,0.5656819518481871,1504.1576687104382,1498.2518903771618,1507.6765498434609,1494.733009244139
game_117,117,panama,mongolia,1,0.5904894219016792,0.4095105780983208,0.5904894219016792,1504.635038047307,1481.0562390548012,1507.5088247417557,1478.1824523603525
game_118,118,uk,canada,0,0.5626821706443235,0.43731782935567654,0.5626821706443235,1496.947948832837,1493.1615606904566,1494.0271911940652,1496.0823183292284
game_119,119,kazakhstan,new_zealand,0,0.5630203234322253,0.4369796765677747,0.5630203234322253,1503.2880055493656,1499.2628723347557,1498.7777137922762,1503.773164091845
game_120,120,indonesia,netherlands,1,0.5236810319488786,0.4763189680511214,0.5236810319488786,1490.7354997344883,1514.267912786395,1492.251435796111,1512.7519767247722
game_121,121,vietnam,germany,0,0.5391251659526327,0.4608748340473673,0.5391251659526327,1487.1573513466274,1499.9147071045547,1479.6508379309319,1507.4212205202502
game_122,122,thailand,usa,1,0.5478440239706085,0.4521559760293915,0.5478440239706085,1502.5225816071475,1509.1751202325229,1505.0260898819981,1506.6716119576722
game_123,123,uae,brazil,1,0.5142828902593644,0.48571710974063564,0.5142828902593644,1492.3240207376011,1522.3965511849824,1494.7977825865885,1519.922789335995
game_124,124,singapore,france,1,0.5499998654033238,0.4500001345966762,0.5499998654033238,1485.5616388445674,1490.7016630290755,1485.9026275183155,1490.3606743553273
game_125,125,usa,thailand,0,0.5596473317029903,0.4403526682970097,0.5596473317029903,1506.6716119576722,1505.0260898819981,1502.61647324034,1509.0812285993304
game_126,126,germany,south_korea,0,0.57016609051851,0.42983390948149003,0.57016609051851,1507.4212205202502,1498.34093609271,1500.0947054012952,1505.6674512116651
game_127,127,morocco,indonesia,0,0.5837596238673218,0.41624037613267817,0.5837596238673218,1511.007375028631,1492.251435796111,1508.2659134047228,1494.9928974200193
game_128,128,peru,serbia,0,0.5756042960214347,0.4243957039785653,0.5756042960214347,1514.5572165671804,1501.615997525327,1512.1531758825852,1504.0200382099222
game_129,129,mexico,pakistan,0,0.5368107946375851,0.4631892053624149,0.5368107946375851,1495.5489773702577,1509.9238530458447,1493.413434591413,1512.0593958246893
game_130,130,brazil,new_zealand,1,0.5801095753488339,0.4198904246511661,0.5801095753488339,1519.922789335995,1503.773164091845,1520.871852964186,1502.824100463654
game_131,131,philippines,rwanda,1,0.5488637224547414,0.45113627754525865,0.5488637224547414,1494.733009244139,1500.6702992497037,1496.978649472145,1498.4246590216978
game_132,132,saudi_arabia,uk,1,0.5779813997435954,0.4220186002564046,0.5779813997435954,1508.660099091439,1494.0271911940652,1510.919614283737,1491.767676001767
game_133,133,vietnam,china,0,0.5333454124170232,0.46665458758297684,0.5333454124170232,1479.6508379309319,1496.4456282486208,1478.123180224937,1497.9732859546157
game_134,134,france,switzerland,1,0.5487006014934962,0.4512993985065038,0.5487006014934962,1490.3606743553273,1496.412401721347,1492.5674662456308,1494.2056098310434
game_135,135,kazakhstan,india,0,0.5351411293715046,0.4648588706284954,0.5351411293715046,1498.7777137922762,1514.318830555534,1497.9351752179443,1515.161369129866
game_136,136,mongolia,ethiopia,0,0.5346869742939117,0.46531302570608835,0.5346869742939117,1478.1824523603525,1494.0406947094032,1471.8995727930965,1500.3235742766592
game_137,137,oman,netherlands,0,0.5249823268563673,0.47501767314363275,0.5249823268563673,1490.1259429226627,1512.7519767247722,1485.8955313287563,1516.9823883186787
game_138,138,panama,canada,0,0.573472897856461,0.42652710214353895,0.573472897856461,1507.5088247417557,1496.0823183292284,1504.7398389869968,1498.8513040839873
game_139,139,guatemala,singapore,0,0.5879747283864372,0.41202527161356284,0.5879747283864372,1507.6765498434609,1485.9026275183155,1506.5932383057223,1486.9859390560541
game_140,140,iceland,uae,0,0.554491692892071,0.445508307107929,0.554491692892071,1492.8134776662537,1494.7977825865885,1491.1369259435796,1496.4743343092625
game_141,141,new_zealand,thailand,0,0.5484077935105358,0.4515922064894642,0.5484077935105358,1502.824100463654,1509.0812285993304,1499.9525576450296,1511.9527714179549
game_142,142,philippines,rwanda,1,0.5552570313203613,0.4447429686796387,0.5552570313203613,1496.978649472145,1498.4246590216978,1500.8363650678837,1494.5669434259592
game_143,143,china,mexico,0,0.5637774724316655,0.43622252756833446,0.5637774724316655,1497.9732859546157,1493.413434591413,1495.9172749197694,1495.4694456262594
game_144,144,indonesia,saudi_arabia,0,0.5345889044674527,0.46541109553254734,0.5345889044674527,1494.9928974200193,1510.919614283737,1492.7358651265397,1513.1766465772166
game_145,145,ethiopia,brazil,0,0.5279640655737056,0.47203593442629443,0.5279640655737056,1500.3235742766592,1520.871852964186,1496.821815258068,1524.3736119827772
game_146,146,kazakhstan,singapore,0,0.5728007466324011,0.4271992533675989,0.5728007466324011,1497.9351752179443,1486.9859390560541,1494.0705131493341,1490.8506011246643
game_147,147,india,south_korea,0,0.570749536555838,0.42925046344416196,0.570749536555838,1515.161369129866,1505.6674512116651,1509.325090826079,1511.503729515452
game_148,148,morocco,vietnam,1,0.5995940725862419,0.40040592741375813,0.5995940725862419,1508.2659134047228,1478.123180224937,1511.7354035038134,1474.6536901258464
game_149,149,guatemala,usa,1,0.5629518206681374,0.4370481793318626,0.5629518206681374,1506.5932383057223,1502.61647324034,1512.0020261117356,1497.2076854343265
game_150,150,peru,pakistan,0,0.5574448168148611,0.44255518318513887,0.5574448168148611,1512.1531758825852,1512.0593958246893,1509.3889167972486,1514.8236549100259
game_151,151,panama,france,1,0.574522775243588,0.42547722475641203,0.574522775243588,1504.7398389869968,1492.5674662456308,1509.0026873921345,1488.3046178404932
game_152,152,oman,canada,0,0.5388413567127976,0.46115864328720235,0.5388413567127976,1485.8955313287563,1498.8513040839873,1484.6679074299277,1500.078927982816
game_153,153,uk,iceland,1,0.5582072426065131,0.4417927573934869,0.5582072426065131,1491.767676001767,1491.1369259435796,1493.1179716841787,1489.786630261168
game_154,154,germany,uae,0,0.5624469937167881,0.4375530062832119,0.5624469937167881,1500.0947054012952,1496.4743343092625,1492.9655441110879,1503.6034955994699
game_155,155,mongolia,serbia,0,0.5113376180541656,0.48866238194583445,0.5113376180541656,1471.8995727930965,1504.0200382099222,1469.6050269474695,1506.3145840555492
game_156,156,switzerland,netherlands,0,0.5247659247186456,0.4752340752813544,0.5247659247186456,1494.2056098310434,1516.9823883186787,1490.0243654088954,1521.1636327408266
game_157,157,china,india,1,0.5381946750939408,0.4618053249060592,0.5381946750939408,1495.9172749197694,1509.325090826079,1500.7286505220275,1504.513715223821
game_158,158,saudi_arabia,morocco,1,0.559357514001425,0.44064248599857503,0.559357514001425,1513.1766465772166,1511.7354035038134,1515.3641512033719,1509.547898877658
game_159,159,mexico,rwanda,1,0.5585929900894168,0.44140700991058324,0.5585929900894168,1495.4694456262594,1494.5669434259592,1497.4315566418702,1492.6048324103483
game_160,160,uae,serbia,1,0.5534579560010318,0.44654204399896824,0.5534579560010318,1503.6034955994699,1506.3145840555492,1505.4057688936746,1504.5123107613445
game_161,161,panama,pakistan,0,0.5490295197461855,0.4509704802538145,0.5490295197461855,1509.0026873921345,1514.8236549100259,1507.7817491893295,1516.0445931128309
game_162,162,canada,ethiopia,0,0.5619323103273965,0.43806768967260346,0.5619323103273965,1500.078927982816,1496.821815258068,1495.4285644749918,1501.472178765892
game_163,163,guatemala,philippines,1,0.5731055764898313,0.4268944235101687,0.5731055764898313,1512.0020261117356,1500.8363650678837,1514.029618509001,1498.8087726706183
game_164,164,germany,usa,0,0.5512787678522122,0.4487212321477878,0.5512787678522122,1492.9655441110879,1497.2076854343265,1488.2562847972954,1501.916944748119
game_165,165,brazil,oman,1,0.6127349024105533,0.3872650975894467,0.6127349024105533,1524.3736119827772,1484.6679074299277,1526.431637141404,1482.6098822713009
game_166,166,south_korea,indonesia,0,0.5837763038479586,0.41622369615204136,0.5837763038479586,1511.503729515452,1492.7358651265397,1504.4213612630554,1499.8182333789364
game_167,167,france,uk,1,0.5504652367824537,0.44953476321754626,0.5504652367824537,1488.3046178404932,1493.1179716841787,1490.9050557266328,1490.517533798039
game_168,168,thailand,iceland,1,0.5885215934939454,0.4114784065060546,0.5885215934939454,1511.9527714179549,1489.786630261168,1516.3345117173349,1485.404889961788
game_169,169,new_zealand,switzerland,1,0.5713618857538209,0.42863811424617915,0.5713618857538209,1499.9525576450296,1490.0243654088954,1500.141753580311,1489.835169473614
game_170,170,kazakhstan,vietnam,1,0.5846837264126494,0.41531627358735057,0.5846837264126494,1494.0705131493341,1474.6536901258464,1496.3642305993624,1472.3599726758182
game_171,171,singapore,mongolia,0,0.5872377168512581,0.41276228314874186,0.5872377168512581,1490.8506011246643,1469.6050269474695,1488.998658958325,1471.4569691138088
game_172,172,peru,netherlands,0,0.5405303246999272,0.45946967530007277,0.5405303246999272,1509.3889167972486,1521.1636327408266,1508.095275142428,1522.4572743956473
game_173,173,serbia,south_korea,1,0.5574407970770968,0.4425592029229032,0.5574407970770968,1504.5123107613445,1504.4213612630554,1507.3666578925865,1501.5670141318133
game_174,174,kazakhstan,saudi_arabia,1,0.5301847938474995,0.4698152061525005,0.5301847938474995,1496.3642305993624,1515.3641512033719,1497.1320302590325,1514.5963515437018
game_175,175,thailand,morocco,1,0.5669272824872923,0.4330727175127077,0.5669272824872923,1516.3345117173349,1509.547898877658,1521.8030667349672,1504.0793438600258
game_176,176,rwanda,peru,0,0.5352136941961919,0.4647863058038081,0.5352136941961919,1492.6048324103483,1508.095275142428,1488.118208203021,1512.5818993497553
game_177,177,pakistan,iceland,0,0.600280697658005,0.39971930234199504,0.600280697658005,1516.0445931128309,1485.404889961788,1511.7797419197584,1489.6697411548605
game_178,178,panama,uk,0,0.5816716156939677,0.41832838430603225,0.5816716156939677,1507.7817491893295,1490.517533798039,1505.8608767829387,1492.4384062044298
game_179,179,new_zealand,switzerland,1,0.5718952597926703,0.4281047402073297,0.5718952597926703,1500.141753580311,1489.835169473614,1501.1048501779167,1488.8720728760084
game_180,180,canada,china,0,0.5497718108394566,0.4502281891605434,0.5497718108394566,1495.4285644749918,1500.7286505220275,1493.0440428647182,1503.113172132301
game_181,181,vietnam,indonesia,0,0.5180411781049664,0.4819588218950336,0.5180411781049664,1472.3599726758182,1499.8182333789364,1469.6704317939864,1502.5077742607682
game_182,182,philippines,germany,0,0.5722417916317175,0.4277582083682825,0.5722417916317175,1498.8087726706183,1488.2562847972954,1496.0702220780179,1490.9948353898958
game_183,183,brazil,ethiopia,1,0.592409880649651,0.40759011935034895,0.592409880649651,1526.431637141404,1501.472178765892,1530.2386918109255,1497.6651240963706
game_184,184,usa,india,1,0.5536205864788846,0.44637941352111543,0.5536205864788846,1501.916944748119,1504.513715223821,1502.845009638312,1503.585650333628
game_185,185,oman,mongolia,0,0.5730876228988713,0.4269123771011287,0.5730876228988713,1482.6098822713009,1471.4569691138088,1481.5817669962603,1472.4850843888494
game_186,186,uae,guatemala,1,0.5450315582747596,0.4549684417252404,0.5450315582747596,1505.4057688936746,1514.029618509001,1506.073723008979,1513.3616643936966
game_187,187,netherlands,mexico,1,0.5925019751470524,0.4074980248529476,0.5925019751470524,1522.4572743956473,1497.4315566418702,1523.0001506220738,1496.8886804154438
game_188,188,singapore,france,1,0.5546024773483419,0.4453975226516581,0.5546024773483419,1488.998658958325,1490.9050557266328,1490.9628880289627,1488.9408266559951
game_189,189,germany,thailand,0,0.5132249330975215,0.4867750669024785,0.5132249330975215,1490.9948353898958,1521.8030667349672,1489.591849062,1523.206053062863
game_190,190,canada,oman,0,0.5735232619463336,0.42647673805366637,0.5735232619463336,1493.0440428647182,1481.5817669962603,1490.7361546095158,1483.8896552514627
game_191,191,saudi_arabia,pakistan,0,0.5613080038085406,0.4386919961914594,0.5613080038085406,1514.5963515437018,1511.7797419197584,1509.870880606103,1516.5052128573573
game_192,192,kazakhstan,serbia,1,0.5427313213055684,0.45726867869443155,0.5427313213055684,1497.1320302590325,1507.3666578925865,1498.582636575465,1505.9160515761541
game_193,193,rwanda,ethiopia,0,0.5437136219936112,0.4562863780063888,0.5437136219936112,1488.118208203021,1497.6651240963706,1486.6268765217733,1499.1564557776182
game_194,194,mongolia,singapore,1,0.5309333736634463,0.4690666263365537,0.5309333736634463,1472.4850843888494,1490.9628880289627,1478.3023722278906,1485.1456001899214
game_195,195,peru,indonesia,0,0.5715676096600372,0.42843239033996283,0.5715676096600372,1512.5818993497553,1502.5077742607682,1510.465974784575,1504.6236988259484
game_196,196,morocco,china,1,0.5586833576792964,0.44131664232070356,0.5586833576792964,1504.0793438600258,1503.113172132301,1505.067029349602,1502.1254866427248
game_197,197,panama,guatemala,0,0.5466341925543021,0.4533658074456979,0.5466341925543021,1505.8608767829387,1513.3616643936966,1504.4406205804337,1514.7819205962016
game_198,198,india,usa,1,0.5583632389585175,0.44163676104148253,0.5583632389585175,1503.585650333628,1502.845009638312,1507.3562432615954,1499.0744167103446
game_199,199,south_korea,philippines,1,0.5651034408792969,0.43489655912070313,0.5651034408792969,1501.5670141318133,1496.0702220780179,1503.9595559299664,1493.6776802798647
game_200,200,mexico,iceland,1,0.5675382007430126,0.43246179925698736,0.5675382007430126,1496.8886804154438,1489.6697411548605,1500.6635681049993,1485.894853465305
game_201,201,switzerland,new_zealand,1,0.5398753833126047,0.46012461668739535,0.5398753833126047,1488.8720728760084,1501.1048501779167,1489.3873360194361,1500.5895870344889
game_202,202,netherlands,vietnam,0,0.631172244521606,0.36882775547839397,0.631172244521606,1523.0001506220738,1469.6704317939864,1521.649853058818,1471.020729357242
game_203,203,switzerland,iceland,0,0.5622658098441656,0.43773419015583437,0.5622658098441656,1489.3873360194361,1485.894853465305,1487.2584282330813,1488.0237612516598
game_204,204,philippines,netherlands,1,0.5173025231772167,0.4826974768227833,0.5173025231772167,1493.6776802798647,1521.649853058818,1495.7491181141927,1519.57841522449
game_205,205,china,uae,1,0.5516972459321544,0.4483027540678456,0.5516972459321544,1502.1254866427248,1506.073723008979,1504.2659670394507,1503.933242612253
game_206,206,thailand,brazil,0,0.5473019679108747,0.4526980320891253,0.5473019679108747,1523.206053062863,1530.2386918109255,1520.8923903897419,1532.5523544840466
game_207,207,usa,india,1,0.5455197330898762,0.4544802669101238,0.5455197330898762,1499.0744167103446,1507.3562432615954,1500.9521788826262,1505.4784810893138
game_208,208,serbia,guatemala,0,0.5446860678738071,0.45531393212619287,0.5446860678738071,1505.9160515761541,1514.7819205962016,1502.6809189409078,1518.017053231448
game_209,209,india,usa,1,0.56372997627603,0.43627002372396995,0.56372997627603,1505.4784810893138,1500.9521788826262,1506.3537679041478,1500.0768920677922
game_210,210,germany,china,0,0.536382457444871,0.463617542555129,0.536382457444871,1489.591849062,1504.2659670394507,1486.7161179188317,1507.141698182619
game_211,211,peru,mexico,0,0.571184544021165,0.42881545597883497,0.571184544021165,1510.465974784575,1500.6635681049993,1508.6301017974722,1502.4994410921022
game_212,212,pakistan,uae,1,0.5750849707869581,0.4249150292130419,0.5750849707869581,1516.5052128573573,1503.933242612253,1521.3545685753174,1499.0838868942928
game_213,213,guatemala,netherlands,1,0.5550930472837281,0.4449069527162719,0.5550930472837281,1518.017053231448,1519.57841522449,1520.68564608135,1516.9098223745882
game_214,214,france,thailand,1,0.5115805594401093,0.4884194405598907,0.5115805594401093,1488.9408266559951,1520.8923903897419,1491.1397843747225,1518.6934326710145
game_215,215,saudi_arabia,rwanda,1,0.5900233129981205,0.4099766870018795,0.5900233129981205,1509.870880606103,1486.6268765217733,1513.1425986854522,1483.355158442424
game_216,216,ethiopia,uk,0,0.5668303773399583,0.43316962266004166,0.5668303773399583,1499.1564557776182,1492.4384062044298,1493.9177754025811,1497.677086579467
game_217,217,kazakhstan,south_korea,1,0.5496623320641456,0.4503376679358544,0.5496623320641456,1498.582636575465,1503.9595559299664,1505.0158629784835,1497.5263295269478
game_218,218,oman,morocco,1,0.5270614659509093,0.4729385340490907,0.5270614659509093,1483.8896552514627,1505.067029349602,1485.49509714539,1503.4615874556748
game_219,219,philippines,indonesia,1,0.5446736308525971,0.4553263691474029,0.5446736308525971,1495.7491181141927,1504.6236988259484,1497.9292194922257,1502.4435974479154
game_220,220,singapore,new_zealand,1,0.5352802173617409,0.4647197826382591,0.5352802173617409,1485.1456001899214,1500.5895870344889,1491.6248864207398,1494.1103008036705
game_221,221,serbia,panama,0,0.5548110613246287,0.44518893867537135,0.5548110613246287,1502.6809189409078,1504.4406205804337,1500.0177655517548,1507.1037739695867
game_222,222,canada,iceland,0,0.5611602740075721,0.43883972599242793,0.5611602740075721,1490.7361546095158,1488.0237612516598,1487.1443709674083,1491.6155448937673
game_223,223,switzerland,vietnam,1,0.5802330648280898,0.4197669351719102,0.5802330648280898,1487.2584282330813,1471.020729357242,1489.4068693553193,1468.8722882350041
game_224,224,mongolia,brazil,0,0.4795041185503034,0.5204958814496966,0.4795041185503034,1478.3023722278906,1532.5523544840466,1477.48810592666,1533.3666207852773
game_225,225,rwanda,saudi_arabia,1,0.5146928235545524,0.48530717644544763,0.5146928235545524,1483.355158442424,1513.1425986854522,1490.155558754385,1506.342198373491
game_226,226,germany,thailand,0,0.5115435205617778,0.48845647943822224,0.5115435205617778,1486.7161179188317,1518.6934326710145,1484.339790365234,1521.0697602246123
game_227,227,france,china,0,0.5344812036353334,0.46551879636466664,0.5344812036353334,1491.1397843747225,1507.141698182619,1490.04136301156,1508.2401195457815
game_228,228,ethiopia,pakistan,0,0.5180720320734273,0.48192796792657266,0.5180720320734273,1493.9177754025811,1521.3545685753174,1492.370133202784,1522.9022107751146
game_229,229,indonesia,brazil,0,0.513059848276887,0.486940151723113,0.513059848276887,1502.4435974479154,1533.3666207852773,1500.3936050355617,1535.416613197631
game_230,230,peru,uae,0,0.5708232895126412,0.42917671048735884,0.5708232895126412,1508.6301017974722,1499.0838868942928,1507.5902688072265,1500.1237198845386
game_231,231,mexico,serbia,1,0.560833185789741,0.43916681421025905,0.560833185789741,1502.4994410921022,1500.0177655517548,1504.5133303137338,1498.0038763301231
game_232,232,new_zealand,india,0,0.5398600972625028,0.46013990273749716,0.5398600972625028,1494.1103008036705,1506.3537679041478,1492.8580550025413,1507.606013705277
game_233,233,canada,mongolia,1,0.5709784798289997,0.42902152017100026,0.5709784798289997,1487.1443709674083,1477.48810592666,1488.278826845328,1476.3536500487403
game_234,234,netherlands,usa,1,0.5810673844388716,0.4189326155611284,0.5810673844388716,1516.9098223745882,1500.0768920677922,1522.3034905568027,1494.6832238855777
game_235,235,singapore,kazakhstan,1,0.5382187673632205,0.4617812326367795,0.5382187673632205,1491.6248864207398,1505.0158629784835,1494.1544365681405,1502.4863128310828
game_236,236,guatemala,vietnam,0,0.6291378996800391,0.3708621003199609,0.6291378996800391,1520.68564608135,1468.8722882350041,1518.2431852672812,1471.3147490490728
game_237,237,iceland,south_korea,1,0.5489015021671225,0.4510984978328775,0.5489015021671225,1491.6155448937673,1497.5263295269478,1498.6348036084846,1490.5070708122305
game_238,238,philippines,panama,0,0.5442453471777108,0.4557546528222892,0.5442453471777108,1497.9292194922257,1507.1037739695867,1494.9372184497897,1510.0957750120226
game_239,239,morocco,oman,1,0.5826549792366634,0.41734502076333657,0.5826549792366634,1503.4615874556748,1485.49509714539,1508.6696214439078,1480.287063157157
game_240,240,switzerland,uk,1,0.5455363017321105,0.45446369826788946,0.5455363017321105,1489.4068693553193,1497.677086579467,1491.0968969686453,1495.987058966141
game_241,241,india,france,1,0.5820923814800189,0.41790761851998115,0.5820923814800189,1507.606013705277,1490.04136301156,1509.990295339791,1487.657081377046
game_242,242,china,philippines,1,0.576112817323503,0.42388718267649705,0.576112817323503,1508.2401195457815,1494.9372184497897,1513.6236573296392,1489.553680665932
game_243,243,new_zealand,peru,0,0.5362992924923556,0.46370070750764436,0.5362992924923556,1492.8580550025413,1507.5902688072265,1486.8667750744546,1513.5815487353132
game_244,244,saudi_arabia,vietnam,0,0.6063255408387164,0.39367445916128363,0.6063255408387164,1506.342198373491,1471.3147490490728,1503.5647597291677,1474.0921876933962
game_245,245,morocco,netherlands,1,0.5378712406809029,0.46212875931909714,0.5378712406809029,1508.6696214439078,1522.3034905568027,1510.5760193813414,1520.397092619369
game_246,246,rwanda,south_korea,0,0.5568123558409619,0.4431876441590381,0.5568123558409619,1490.155558754385,1490.5070708122305,1487.293731546048,1493.3688980205675
game_247,247,iceland,ethiopia,0,0.5661894572626972,0.4338105427373028,0.5661894572626972,1498.6348036084846,1492.370133202784,1496.2303032134637,1494.774633597805
game_248,248,uk,switzerland,1,0.5642450366496095,0.43575496335039055,0.5642450366496095,1495.987058966141,1491.0968969686453,1501.524330965523,1485.5596249692633
game_249,249,pakistan,mongolia,1,0.6220394204471692,0.3779605795528308,0.6220394204471692,1522.9022107751146,1476.3536500487403,1528.1644319220673,1471.0914289017876
game_250,250,thailand,serbia,1,0.5897752641404385,0.41022473585956154,0.5897752641404385,1521.0697602246123,1498.0038763301231,1524.447491591704,1494.6261449630315
game_251,251,panama,usa,1,0.5790757198222428,0.4209242801777572,0.5790757198222428,1510.0957750120226,1494.6832238855777,1515.459831669764,1489.3191672278363
game_252,252,brazil,guatemala,1,0.5815444425816305,0.4184555574183695,0.5815444425816305,1535.416613197631,1518.2431852672812,1537.5838693238045,1516.0759291411077
game_253,253,mexico,indonesia,0,0.5631542851767519,0.4368457148232481,0.5631542851767519,1504.5133303137338,1500.3936050355617,1502.167927649176,1502.7390077001196
game_254,254,uae,singapore,0,0.565771763621066,0.43422823637893404,0.565771763621066,1500.1237198845386,1494.1544365681405,1497.6455411021875,1496.6326153504915
game_255,255,oman,kazakhstan,1,0.5255949473712064,0.4744050526287936,0.5255949473712064,1480.287063157157,1502.4863128310828,1482.5652020616292,1500.2081739266107
game_256,256,canada,germany,0,0.5628983848211524,0.4371016151788476,0.5628983848211524,1488.278826845328,1484.339790365234,1486.8931355677857,1485.7254816427762
game_257,257,rwanda,morocco,1,0.5240401713155591,0.47595982868444087,0.5240401713155591,1487.293731546048,1510.5760193813414,1489.103650547864,1508.7661003795256
game_258,258,peru,vietnam,1,0.612439345260931,0.387560654739069,0.612439345260931,1513.5815487353132,1474.0921876933962,1518.1251420312751,1469.5485943974343
game_259,259,thailand,mongolia,0,0.6312075464139306,0.3687924535860694,0.6312075464139306,1524.447491591704,1471.0914289017876,1522.8536737727748,1472.6852467207168
game_260,260,iceland,usa,0,0.5671032664573522,0.4328967335426478,0.5671032664573522,1496.2303032134637,1489.3191672278363,1493.4354170661022,1492.1140533751977
game_261,261,saudi_arabia,ethiopia,1,0.5697566945621592,0.43024330543784084,0.5697566945621592,1503.5647597291677,1494.774633597805,1505.0980589724763,1493.2413343544963
game_262,262,indonesia,china,0,0.5418025494850706,0.45819745051492944,0.5418025494850706,1502.7390077001196,1513.6236573296392,1500.984947334961,1515.3777176947979
game_263,263,uk,mexico,1,0.5563973996123026,0.4436026003876974,0.5563973996123026,1501.524330965523,1502.167927649176,1502.3211808767214,1501.3710777379774
game_264,264,kazakhstan,india,0,0.54337770145119,0.45662229854881,0.54337770145119,1500.2081739266107,1509.990295339791,1498.075187445284,1512.1232818211176
game_265,265,france,south_korea,1,0.5491850852621655,0.4508149147378345,0.5491850852621655,1487.657081377046,1493.3688980205675,1489.514883541533,1491.5110958560806
game_266,266,guatemala,oman,1,0.6042395833770825,0.3957604166229175,0.6042395833770825,1516.0759291411077,1482.5652020616292,1516.8609507203728,1481.7801804823641
game_267,267,pakistan,germany,1,0.6164617081936092,0.38353829180639076,0.6164617081936092,1528.1644319220673,1485.7254816427762,1530.8696186329987,1483.0202949318448
game_268,268,panama,new_zealand,1,0.5974505022790346,0.4025494977209654,0.5974505022790346,1515.459831669764,1486.8667750744546,1516.1869274401968,1486.139679304022
game_269,269,canada,philippines,0,0.5535298611552308,0.44647013884476916,0.5535298611552308,1486.8931355677857,1489.553680665932,1484.5988482495927,1491.847967984125
game_270,270,brazil,serbia,1,0.61716753388604,0.38283246611396005,0.61716753388604,1537.5838693238045,1494.6261449630315,1538.1084458125802,1494.1015684742558
game_271,271,singapore,switzerland,1,0.5729750586105303,0.42702494138946967,0.5729750586105303,1496.6326153504915,1485.5596249692633,1502.9385117083564,1479.2537286113984
game_272,272,uae,netherlands,1,0.5248021400474724,0.4751978599525276,0.5248021400474724,1497.6455411021875,1520.397092619369,1499.6162480944524,1518.426385627104
game_273,273,thailand,new_zealand,1,0.6086405104094689,0.39135948959053113,0.6086405104094689,1522.8536737727748,1486.139679304022,1524.8010001009648,1484.192352975832
game_274,274,morocco,kazakhstan,1,0.5724368314672682,0.4275631685327318,0.5724368314672682,1508.7661003795256,1498.075187445284,1510.89507263848,1495.9462151863295
game_275,275,rwanda,ethiopia,0,0.5514275085709544,0.44857249142904565,0.5514275085709544,1489.103650547864,1493.2413343544963,1486.303701885237,1496.0412830171233
game_276,276,uae,saudi_arabia,0,0.5495128657408946,0.45048713425910536,0.5495128657408946,1499.6162480944524,1505.0980589724763,1497.803037045626,1506.9112700213027
game_277,277,pakistan,france,0,0.6149849805765513,0.38501501942344873,0.6149849805765513,1530.8696186329987,1489.514883541533,1529.346020246069,1491.0384819284627
game_278,278,switzerland,singapore,1,0.5234622411739752,0.4765377588260248,0.5234622411739752,1479.2537286113984,1502.9385117083564,1481.0356419821464,1501.1565983376083
game_279,279,peru,iceland,1,0.5920349088441975,0.4079650911558025,0.5920349088441975,1518.1251420312751,1493.4354170661022,1520.5792750231487,1490.9812840742286
game_280,280,oman,south_korea,1,0.5434508372915636,0.4565491627084364,0.5434508372915636,1481.7801804823641,1491.5110958560806,1483.5925644216147,1489.69871191683
game_281,281,china,mongolia,0,0.6168067010197686,0.38319329898023136,0.6168067010197686,1515.3777176947979,1472.6852467207168,1513.6300623982506,1474.432902017264
game_282,282,guatemala,brazil,1,0.5269608482322565,0.47303915176774347,0.5269608482322565,1516.8609507203728,1538.1084458125802,1517.4523178016336,1537.5170787313193
game_283,283,philippines,vietnam,0,0.5887073078994411,0.41129269210055885,0.5887073078994411,1491.847967984125,1469.5485943974343,1484.777469122587,1476.6190932589723
game_284,284,mexico,serbia,0,0.5676096475766067,0.4323903524233933,0.5676096475766067,1501.3710777379774,1494.1015684742558,1495.6053895293826,1499.8672566828507
game_285,285,canada,usa,1,0.5466136244937627,0.4533863755062373,0.5466136244937627,1484.5988482495927,1492.1140533751977,1486.9349960413315,1489.777905583459
game_286,286,netherlands,indonesia,1,0.5819198344083427,0.4180801655916573,0.5819198344083427,1518.426385627104,1500.984947334961,1519.5443904312647,1499.8669425308003
game_287,287,panama,india,1,0.5630748659991069,0.43692513400089306,0.5630748659991069,1516.1869274401968,1512.1232818211176,1516.8724158439086,1511.4377934174058
game_288,288,uk,germany,1,0.5845216564490461,0.4154783435509539,0.5845216564490461,1502.3211808767214,1483.0202949318448,1508.219403904281,1477.1220719042851
game_289,289,rwanda,brazil,0,0.48386825437328373,0.5161317456267163,0.48386825437328373,1486.303701885237,1537.5170787313193,1485.6240257832335,1538.1967548333228
game_290,290,saudi_arabia,mexico,0,0.5733030429844681,0.4266969570155319,0.5733030429844681,1506.9112700213027,1495.6053895293826,1503.902935090849,1498.6137244598362
game_291,291,philippines,guatemala,1,0.5105401784442231,0.48945982155577694,0.5105401784442231,1484.777469122587,1517.4523178016336,1485.3477113260133,1516.8820755982074
game_292,292,china,indonesia,0,0.5767596471411635,0.42324035285883654,0.5767596471411635,1513.6300623982506,1499.8669425308003,1511.6951168599023,1501.8018880691486
game_293,293,france,india,0,0.5281777708933354,0.4718222291066646,0.5281777708933354,1491.0384819284627,1511.4377934174058,1485.7464339480637,1516.7298413978049
game_294,294,south_korea,serbia,0,0.5428257260570136,0.4571742739429864,0.5428257260570136,1489.69871191683,1499.8672566828507,1483.7519482034495,1505.8140203962312
game_295,295,ethiopia,mongolia,1,0.5877438512023295,0.4122561487976705,0.5877438512023295,1496.0412830171233,1474.432902017264,1501.0283500434653,1469.445834990922
game_296,296,panama,oman,1,0.603921723672801,0.39607827632719905,0.603921723672801,1516.8724158439086,1483.5925644216147,1518.5891368472207,1481.8758434183026
game_297,297,singapore,morocco,1,0.543440041251405,0.456559958748595,0.543440041251405,1501.1565983376083,1510.89507263848,1501.5499740788694,1510.501696897219
game_298,298,peru,uk,1,0.5747865916533687,0.42521340834663135,0.5747865916533687,1520.5792750231487,1508.219403904281,1521.939427237764,1506.8592516896658
game_299,299,canada,netherlands,0,0.5106343325040925,0.4893656674959075,0.5106343325040925,1486.9349960413315,1519.5443904312647,1481.3747088074472,1525.104677665149
game_300,300,new_zealand,usa,1,0.5493650290381992,0.45063497096180083,0.5493650290381992,1484.192352975832,1489.777905583459,1489.9190613747653,1484.0511971845256
game_301,301,iceland,switzerland,1,0.5713864863981359,0.42861351360186406,0.5713864863981359,1490.9812840742286,1481.0356419821464,1492.8564908748353,1479.1604351815397
game_302,302,thailand,germany,0,0.6235680191786922,0.3764319808213078,0.6235680191786922,1524.8010001009648,1477.1220719042851,1521.4013621351196,1480.5217098701303
game_303,303,vietnam,pakistan,1,0.48169266750424106,0.518307332495759,0.48169266750424106,1476.6190932589723,1529.346020246069,1478.7793699318315,1527.1857435732097
game_304,304,uae,kazakhstan,0,0.5599470672551037,0.4400529327448963,0.5599470672551037,1497.803037045626,1495.9462151863295,1496.4025947954362,1497.3466574365193
game_305,305,kazakhstan,uae,0,0.5586519781964507,0.44134802180354926,0.5586519781964507,1497.3466574365193,1496.4025947954362,1492.1729809834665,1501.576271248489
game_306,306,vietnam,oman,1,0.5529096173502661,0.4470903826497339,0.5529096173502661,1478.7793699318315,1481.8758434183026,1479.3542671657915,1481.3009461843426
game_307,307,panama,singapore,1,0.5813563469809455,0.4186436530190545,0.5813563469809455,1518.5891368472207,1501.5499740788694,1524.580469107693,1495.558641818397
game_308,308,canada,indonesia,0,0.5281377931350761,0.47186220686492386,0.5281377931350761,1481.3747088074472,1501.8018880691486,1478.8989663355683,1504.2776305410275
game_309,309,saudi_arabia,new_zealand,1,0.5770698197890884,0.42293018021091155,0.5770698197890884,1503.902935090849,1489.9190613747653,1508.159708033282,1485.6622884323324
game_310,310,switzerland,south_korea,0,0.5507812187477603,0.4492187812522397,0.5507812187477603,1479.1604351815397,1483.7519482034495,1476.4584804899603,1486.453902895029
game_311,311,netherlands,france,0,0.6122601793510496,0.3877398206489504,0.6122601793510496,1525.104677665149,1485.7464339480637,1520.8094416188758,1490.0416699943369
game_312,312,ethiopia,guatemala,1,0.534693443193851,0.46530655680614896,0.534693443193851,1501.0283500434653,1516.8820755982074,1502.0415112773387,1515.868914364334
game_313,313,germany,brazil,0,0.47458548647863597,0.525414513521364,0.47458548647863597,1480.5217098701303,1538.1967548333228,1474.4798566344723,1544.2386080689807
game_314,314,uk,peru,0,0.5358011385049407,0.4641988614950593,0.5358011385049407,1506.8592516896658,1521.939427237764,1504.568040991657,1524.2306379357728
game_315,315,india,mexico,1,0.5828644099343848,0.4171355900656152,0.5828644099343848,1516.7298413978049,1498.6137244598362,1517.4179101085829,1497.9256557490583
game_316,316,thailand,serbia,1,0.5793209526158714,0.42067904738412865,0.5793209526158714,1521.4013621351196,1505.8140203962312,1521.846879867717,1505.3685026636338
game_317,317,saudi_arabia,indonesia,1,0.5628177097555497,0.4371822902444503,0.5628177097555497,1508.159708033282,1504.2776305410275,1509.0024764401098,1503.4348621341996
game_318,318,india,uk,1,0.575475833585111,0.424524166414889,0.575475833585111,1517.4179101085829,1504.568040991657,1521.8582757449974,1500.1276753552424
game_319,319,rwanda,france,1,0.5510288425000127,0.4489711574999873,0.5510288425000127,1485.6240257832335,1490.0416699943369,1486.6511022849581,1489.0145934926122
game_320,320,germany,south_korea,1,0.5402453369962008,0.4597546630037992,0.5402453369962008,1474.4798566344723,1486.453902895029,1476.6104970598828,1484.3232624696184
game_321,321,kazakhstan,china,0,0.5294359372072979,0.47056406279270213,0.5294359372072979,1492.1729809834665,1511.6951168599023,1490.7566169934662,1513.1114808499026
game_322,322,ethiopia,iceland,1,0.5703138431590195,0.42968615684098055,0.5703138431590195,1502.0415112773387,1492.8564908748353,1503.874898108547,1491.023104043627
game_323,323,oman,pakistan,0,0.49153190557225007,0.50846809442775,0.49153190557225007,1481.3009461843426,1527.1857435732097,1476.9947822043177,1531.4919075532346
game_324,324,netherlands,new_zealand,0,0.6064900064590533,0.39350999354094673,0.6064900064590533,1520.8094416188758,1485.6622884323324,1518.9354012685574,1487.5363287826508
game_325,325,philippines,panama,0,0.5011041485143108,0.49889585148568916,0.5011041485143108,1485.3477113260133,1524.580469107693,1484.3956320727953,1525.532548360911
game_326,326,usa,vietnam,0,0.5639715250304811,0.4360284749695189,0.5639715250304811,1484.0511971845256,1479.3542671657915,1482.7225533940946,1480.6829109562225
game_327,327,brazil,mexico,0,0.6217204997412225,0.37827950025877755,0.6217204997412225,1544.2386080689807,1497.9256557490583,1540.7282850897243,1501.4359787283147
game_328,328,morocco,guatemala,0,0.549676156422169,0.45032384357783095,0.549676156422169,1510.501696897219,1515.868914364334,1507.5879524410057,1518.7826588205473
game_329,329,canada,mongolia,1,0.5706920142254898,0.42930798577451024,0.5706920142254898,1478.8989663355683,1469.445834990922,1484.3802493953224,1463.964551931168
game_330,330,uae,singapore,0,0.5658401341034235,0.4341598658965765,0.5658401341034235,1501.576271248489,1495.558641818397,1496.9074979203515,1500.2274151465347
game_331,331,saudi_arabia,france,1,0.585481750614702,0.414518249385298,0.585481750614702,1509.0024764401098,1489.0145934926122,1511.2024140337146,1486.8146558990074
game_332,332,usa,serbia,1,0.5249537376633882,0.47504626233661185,0.5249537376633882,1482.7225533940946,1505.3685026636338,1484.6063733724034,1503.484682685325
game_333,333,mongolia,vietnam,0,0.5334549150664045,0.4665450849335955,0.5334549150664045,1463.964551931168,1480.6829109562225,1461.7737359891662,1482.8737268982243
game_334,334,india,peru,0,0.5539397996706696,0.44606020032933036,0.5539397996706696,1521.8582757449974,1524.2306379357728,1519.867241140392,1526.2216725403782
game_335,335,south_korea,rwanda,1,0.5540031259632969,0.4459968740367031,0.5540031259632969,1484.3232624696184,1486.6511022849581,1490.5923659715181,1480.3819987830584
game_336,336,ethiopia,mexico,1,0.5607725646480219,0.43922743535197806,0.5607725646480219,1503.874898108547,1501.4359787283147,1505.476413583206,1499.8344632536557
game_337,337,uae,panama,0,0.5163640219110613,0.48363597808893866,0.5163640219110613,1496.9074979203515,1525.532548360911,1494.0778540341691,1528.3621922470934
game_338,338,indonesia,philippines,0,0.5841558171046369,0.41584418289536307,0.5841558171046369,1503.4348621341996,1484.3956320727953,1496.686973136672,1491.143521070323
game_339,339,brazil,switzerland,1,0.6457078368815078,0.3542921631184922,0.6457078368815078,1540.7282850897243,1476.4584804899603,1542.4763008659725,1474.710464713712
game_340,340,guatemala,china,1,0.5653501314850011,0.43464986851499887,0.5653501314850011,1518.7826588205473,1513.1114808499026,1524.8569478168886,1507.0371918535614
game_341,341,oman,netherlands,0,0.49720725371267793,0.5027927462873221,0.49720725371267793,1476.9947822043177,1518.9354012685574,1475.8021860917568,1520.1279973811183
game_342,342,morocco,iceland,0,0.5806916784424518,0.41930832155754816,0.5806916784424518,1507.5879524410057,1491.023104043627,1506.4466977833258,1492.1643587013068
game_343,343,pakistan,thailand,1,0.5709626337937211,0.42903736620627886,0.5709626337937211,1531.4919075532346,1521.846879867717,1533.2471321916578,1520.0916552292938
game_344,344,new_zealand,singapore,1,0.5392199499037904,0.4607800500962096,0.5392199499037904,1487.5363287826508,1500.2274151465347,1489.54781996859,1498.2159239605955
game_345,345,germany,uk,1,0.5237029073000636,0.47629709269993636,0.5237029073000636,1476.6104970598828,1500.1276753552424,1480.1265728012354,1496.61159961389
game_346,346,guatemala,saudi_arabia,0,0.5766070548377406,0.42339294516225945,0.5766070548377406,1524.8569478168886,1511.2024140337146,1523.1255437565628,1512.9338180940404
game_347,347,serbia,vietnam,1,0.5863519483272381,0.41364805167276186,0.5863519483272381,1503.484682685325,1482.8737268982243,1505.5670956620265,1480.7913139215227
game_348,348,thailand,philippines,1,0.5979419909364218,0.40205800906357825,0.5979419909364218,1520.0916552292938,1491.143521070323,1524.7992129036538,1486.435963395963
game_349,349,rwanda,india,0,0.5007407952545245,0.49925920474547547,0.5007407952545245,1480.3819987830584,1519.867241140392,1479.5279884934728,1520.7212514299777
game_350,350,morocco,pakistan,1,0.5189865679984357,0.4810134320015643,0.5189865679984357,1506.4466977833258,1533.2471321916578,1508.662998556675,1531.0308314183087
game_351,351,south_korea,panama,0,0.5032094339035953,0.4967905660964047,0.5032094339035953,1490.5923659715181,1528.3621922470934,1486.7824985177665,1532.172059700845
game_352,352,new_zealand,iceland,0,0.5535924646789614,0.4464075353210386,0.5535924646789614,1489.54781996859,1492.1643587013068,1487.9173523469053,1493.7948263229914
game_353,353,germany,mongolia,1,0.5831956829783437,0.4168043170216563,0.5831956829783437,1480.1265728012354,1461.7737359891662,1482.434647088461,1459.4656617019407
game_354,354,netherlands,ethiopia,1,0.5780076225436498,0.4219923774563502,0.5780076225436498,1520.1279973811183,1505.476413583206,1524.7437692123597,1500.8606417519647
game_355,355,singapore,oman,1,0.5888667015980754,0.4111332984019246,0.5888667015980754,1498.2159239605955,1475.8021860917568,1501.8252872225032,1472.192822829849
game_356,356,uk,china,0,0.5424584956066941,0.4575415043933059,0.5424584956066941,1496.61159961389,1507.0371918535614,1493.7781239480337,1509.8706675194176
game_357,357,canada,switzerland,0,0.5709975439712819,0.4290024560287181,0.5709975439712819,1484.3802493953224,1474.710464713712,1477.0851217367142,1482.0055923723203
game_358,358,france,indonesia,1,0.5432488732834794,0.45675112671652063,0.5432488732834794,1486.8146558990074,1496.686973136672,1489.3214089527305,1494.1802200829488
game_359,359,peru,kazakhstan,1,0.6069266671710779,0.3930733328289221,0.6069266671710779,1526.2216725403782,1490.7566169934662,1528.2642237200712,1488.7140658137732
game_360,360,mexico,usa,0,0.5788168767215148,0.42118312327848517,0.5788168767215148,1499.8344632536557,1484.6063733724034,1498.8388562732725,1485.6019803527865
game_361,361,brazil,uae,1,0.6245397483777976,0.3754602516222024,0.6245397483777976,1542.4763008659725,1494.0778540341691,1548.3192615320208,1488.2348933681208
game_362,362,saudi_arabia,guatemala,0,0.5427926106107266,0.4572073893892734,0.5427926106107266,1512.9338180940404,1523.1255437565628,1510.5785548643537,1525.4808069862495
game_363,363,rwanda,thailand,0,0.49241468027857516,0.5075853197214248,0.49241468027857516,1479.5279884934728,1524.7992129036538,1476.9350615412377,1527.392139855889
game_364,364,new_zealand,morocco,1,0.5276809103594163,0.47231908964058367,0.5276809103594163,1487.9173523469053,1508.662998556675,1489.9106069941424,1506.6697439094378
game_365,365,serbia,mexico,0,0.5668447796258533,0.43315522037414667,0.5668447796258533,1505.5670956620265,1498.8388562732725,1502.4272315667251,1501.978720368574
game_366,366,pakistan,indonesia,1,0.6088278198279826,0.3911721801720174,0.6088278198279826,1531.0308314183087,1494.1802200829488,1533.1104705351818,1492.1005809660758
game_367,367,china,vietnam,0,0.5981235715567933,0.4018764284432067,0.5981235715567933,1509.8706675194176,1480.7913139215227,1502.6742666460223,1487.987714794918
game_368,368,switzerland,philippines,1,0.5510107178452914,0.44898928215470857,0.5510107178452914,1482.0055923723203,1486.435963395963,1484.1342940899315,1484.3072616783518
game_369,369,mongolia,panama,0,0.453070253585503,0.546929746414497,0.453070253585503,1459.4656617019407,1532.172059700845,1458.7633596947396,1532.874361708046
game_370,370,canada,ethiopia,1,0.5233319461850868,0.4766680538149132,0.5233319461850868,1477.0851217367142,1500.8606417519647,1481.6055374310183,1496.3402260576606
game_371,371,kazakhstan,uk,1,0.5501080937360551,0.44989190626394493,0.5501080937360551,1488.7140658137732,1493.7781239480337,1489.037423909595,1493.454765852212
game_372,372,india,netherlands,0,0.5515914868461769,0.44840851315382313,0.5515914868461769,1520.7212514299777,1524.7437692123597,1518.4106099837334,1527.054410658604
game_373,373,peru,oman,1,0.6348386215940565,0.36516137840594354,0.6348386215940565,1528.2642237200712,1472.192822829849,1529.819872626295,1470.6371739236254
game_374,374,brazil,france,1,0.6387348966570888,0.3612651033429112,0.6387348966570888,1548.3192615320208,1489.3214089527305,1548.4207288967687,1489.2199415879827
game_375,375,south_korea,uae,1,0.5552479543462268,0.44475204565377324,0.5552479543462268,1486.7824985177665,1488.2348933681208,1488.635479834333,1486.3819120515543
game_376,376,iceland,singapore,1,0.5458784554482292,0.4541215445517708,0.5458784554482292,1493.7948263229914,1501.8252872225032,1498.7999872265996,1496.820126318895
game_377,377,usa,germany,1,0.5618050855188584,0.43819491448114156,0.5618050855188584,1485.6019803527865,1482.434647088461,1487.9525987102813,1480.084028730966
game_378,378,serbia,rwanda,1,0.5931501170554068,0.40684988294459323,0.5931501170554068,1502.4272315667251,1476.9350615412377,1504.4342279477837,1474.9280651601791
game_379,379,oman,iceland,0,0.5170284927746289,0.4829715072253711,0.5170284927746289,1470.6371739236254,1498.7999872265996,1466.485155941297,1502.9520052089279
game_380,380,ethiopia,south_korea,1,0.568224446987328,0.431775553012672,0.568224446987328,1496.3402260576606,1488.635479834333,1498.2163194158722,1486.7593864761213
game_381,381,panama,morocco,1,0.5941394467811792,0.40586055321882075,0.5941394467811792,1532.874361708046,1506.6697439094378,1534.4646690101065,1505.0794366073774
game_382,382,singapore,saudi_arabia,1,0.5376930087905597,0.4623069912094403,0.5376930087905597,1496.820126318895,1510.5785548643537,1498.4734514946247,1508.925229688624
game_383,383,india,usa,1,0.6000297135502792,0.39997028644972077,0.6000297135502792,1518.4106099837334,1487.9525987102813,1518.4711630444679,1487.8920456495468
game_384,384,germany,guatemala,1,0.4922340363539054,0.5077659636460946,0.4922340363539054,1480.084028730966,1525.4808069862495,1484.2095558204064,1521.3552798968092
game_385,385,mexico,pakistan,1,0.512759666481375,0.48724033351862495,0.512759666481375,1501.978720368574,1533.1104705351818,1504.3384606772943,1530.7507302264614
game_386,386,netherlands,mongolia,1,0.6509853862204966,0.3490146137795034,0.6509853862204966,1527.054410658604,1458.7633596947396,1531.512524391861,1454.3052459614826
game_387,387,thailand,china,0,0.5920740443414042,0.4079259556585958,0.5920740443414042,1527.392139855889,1502.6742666460223,1522.4759120709286,1507.5904944309825
game_388,388,uk,peru,1,0.5052308410024364,0.4947691589975636,0.5052308410024364,1493.454765852212,1529.819872626295,1494.6888889055704,1528.5857495729365
game_389,389,philippines,switzerland,1,0.5575572696555259,0.4424427303444741,0.5575572696555259,1484.3072616783518,1484.1342940899315,1488.8537415029487,1479.5878142653346
game_390,390,france,new_zealand,1,0.5563305230535986,0.44366947694640135,0.5563305230535986,1489.2199415879827,1489.9106069941424,1492.8232423522413,1486.3073062298838
game_391,391,uae,vietnam,1,0.5550298674935666,0.44497013250643336,0.5550298674935666,1486.3819120515543,1487.987714794918,1487.2271130767247,1487.1425137697477
game_392,392,brazil,kazakhstan,1,0.6392467426058975,0.36075325739410247,0.6392467426058975,1548.4207288967687,1489.037423909595,1551.430985677448,1486.0271671289156
game_393,393,indonesia,canada,0,0.5721608464088753,0.4278391535911247,0.5721608464088753,1492.1005809660758,1481.6055374310183,1490.1137267683466,1483.5923916287475
game_394,394,thailand,oman,1,0.634730998069597,0.365269001930403,0.634730998069597,1522.4759120709286,1466.485155941297,1525.6862081409372,1463.2748598712885
game_395,395,uae,morocco,1,0.531829965795793,0.468170034204207,0.531829965795793,1487.2271130767247,1505.0794366073774,1491.259416405895,1501.047133278207
game_396,396,china,peru,0,0.5273227810206615,0.47267721897933845,0.5273227810206615,1507.5904944309825,1528.5857495729365,1504.5606222845645,1531.6156217193545
game_397,397,iceland,new_zealand,1,0.5808035956201842,0.41919640437981576,0.5808035956201842,1502.9520052089279,1486.3073062298838,1504.3306434386518,1484.9286680001599
game_398,398,usa,pakistan,0,0.49588611502749363,0.5041138849725064,0.49588611502749363,1487.8920456495468,1530.7507302264614,1485.7503833133821,1532.8923925626261
game_399,399,ethiopia,saudi_arabia,1,0.5420536803196885,0.4579463196803115,0.5420536803196885,1498.2163194158722,1508.925229688624,1504.0558440656157,1503.0857050388806
game_400,400,mongolia,south_korea,0,0.5108576575843875,0.4891423424156125,0.5108576575843875,1454.3052459614826,1486.7593864761213,1449.7511349252134,1491.3134975123905
game_401,401,indonesia,france,1,0.5534601936703663,0.44653980632963375,0.5534601936703663,1490.1137267683466,1492.8232423522413,1491.0166769045827,1491.9202922160052
game_402,402,mexico,germany,0,0.5856787519392749,0.4143212480607251,0.5856787519392749,1504.3384606772943,1484.2095558204064,1502.6556043501673,1485.8924121475334
game_403,403,canada,guatemala,1,0.5032194180863526,0.4967805819136474,0.5032194180863526,1483.5923916287475,1521.3552798968092,1487.641677122494,1517.3059944030626
game_404,404,singapore,rwanda,0,0.5904429113460665,0.4095570886539335,0.5904429113460665,1498.4734514946247,1474.9280651601791,1497.1367115905803,1476.2648050642235
game_405,405,vietnam,netherlands,0,0.49371138080223165,0.5062886191977684,0.49371138080223165,1487.1425137697477,1531.512524391861,1482.120052539322,1536.5349856222867
game_406,406,india,serbia,1,0.5771443652244281,0.42285563477557186,0.5771443652244281,1518.4711630444679,1504.4342279477837,1520.735039481658,1502.1703515105935
game_407,407,uk,philippines,1,0.5655820571548901,0.43441794284510993,0.5655820571548901,1494.6888889055704,1488.8537415029487,1496.3177305577515,1487.2248998507675
game_408,408,kazakhstan,switzerland,1,0.5664364236967925,0.4335635763032075,0.5664364236967925,1486.0271671289156,1479.5878142653346,1488.7156608244059,1476.8993205698443
game_409,409,brazil,panama,1,0.5812542850574889,0.4187457149425111,0.5812542850574889,1551.430985677448,1534.4646690101065,1552.680775938066,1533.2148787494884
game_410,410,new_zealand,saudi_arabia,0,0.5313932006662166,0.46860679933378335,0.5313932006662166,1484.9286680001599,1503.0857050388806,1483.7055246482876,1504.308848390753
game_411,411,singapore,china,0,0.5467438626548006,0.45325613734519943,0.5467438626548006,1497.1367115905803,1504.5606222845645,1495.2085211139715,1506.4888127611732
game_412,412,brazil,rwanda,1,0.6615354467510596,0.3384645532489404,0.6615354467510596,1552.680775938066,1476.2648050642235,1556.3185296882375,1472.627051314052
game_413,413,canada,serbia,1,0.5365906530000094,0.4634093469999906,0.5365906530000094,1487.641677122494,1502.1703515105935,1489.4206280918488,1500.3914005412387
game_414,414,kazakhstan,panama,0,0.4935254668382568,0.5064745331617432,0.4935254668382568,1488.7156608244059,1533.2148787494884,1487.1648537598098,1534.7656858140845
game_415,415,ethiopia,pakistan,0,0.5160599717395281,0.4839400282604719,0.5160599717395281,1504.0558440656157,1532.8923925626261,1501.5277601993714,1535.4204764288704
game_416,416,thailand,guatemala,0,0.5691781702768914,0.43082182972310856,0.5691781702768914,1525.6862081409372,1517.3059944030626,1523.7258203528734,1519.2663821911265
game_417,417,morocco,oman,0,0.6100906302589393,0.3899093697410607,0.6100906302589393,1501.047133278207,1463.2748598712885,1499.46444869217,1464.8575444573255
game_418,418,india,uae,1,0.5986717631688626,0.4013282368311374,0.5986717631688626,1520.735039481658,1491.259416405895,1521.7334435813652,1490.261012306188
game_419,419,peru,switzerland,0,0.6330284073718075,0.36697159262819246,0.6330284073718075,1531.6156217193545,1476.8993205698443,1529.9192680293934,1478.5956742598055
game_420,420,indonesia,iceland,0,0.538328944302911,0.461671055697089,0.538328944302911,1491.0166769045827,1504.3306434386518,1484.8246768241577,1510.5226435190768
game_421,421,usa,mongolia,1,0.6076600326194693,0.3923399673805307,0.6076600326194693,1485.7503833133821,1449.7511349252134,1487.6865684658783,1447.8149497727172
game_422,422,philippines,uk,1,0.5443620337494863,0.45563796625051367,0.5443620337494863,1487.2248998507675,1496.3177305577515,1487.8603493298474,1495.6822810786716
game_423,423,mexico,vietnam,0,0.5862466659766384,0.41375333402336156,0.5862466659766384,1502.6556043501673,1482.120052539322,1501.5012940080826,1483.2743628814067
game_424,424,south_korea,france,1,0.5564496874722512,0.4435503125277488,0.5564496874722512,1491.3134975123905,1491.9202922160052,1495.6262211513008,1487.607568577095
game_425,425,germany,netherlands,0,0.4846888941408171,0.5153111058591828,0.4846888941408171,1485.8924121475334,1536.5349856222867,1483.7418114052061,1538.685586364614
game_426,426,vietnam,thailand,0,0.4993503008382088,0.5006496991617913,0.4993503008382088,1483.2743628814067,1523.7258203528734,1480.5840634956646,1526.4161197386154
game_427,427,serbia,france,0,0.5753829613277623,0.42461703867223766,0.5753829613277623,1500.3914005412387,1487.607568577095,1497.5048418859535,1490.4941272323802
game_428,428,ethiopia,philippines,1,0.5766251513302723,0.42337484866972774,0.5766251513302723,1501.5277601993714,1487.8603493298474,1502.6721515214376,1486.7159580077812
game_429,429,brazil,saudi_arabia,1,0.6294015466323263,0.3705984533676737,0.6294015466323263,1556.3185296882375,1504.308848390753,1560.1812099104432,1500.4461681685473
game_430,430,peru,iceland,1,0.584655491962802,0.415344508037198,0.584655491962802,1529.9192680293934,1510.5226435190768,1531.5660541515026,1508.8758573969676
game_431,431,uae,oman,0,0.5930268890446754,0.4069731109553246,0.5930268890446754,1490.261012306188,1464.8575444573255,1488.8482607235162,1466.2702960399972
game_432,432,pakistan,india,0,0.5766527261929366,0.4233472738070634,0.5766527261929366,1535.4204764288704,1521.7334435813652,1533.0348626440875,1524.1190573661481
game_433,433,germany,new_zealand,1,0.557363167882961,0.44263683211703897,0.557363167882961,1483.7418114052061,1483.7055246482876,1486.9596930092448,1480.487643044249
game_434,434,rwanda,mexico,1,0.516005781206222,0.483994218793778,0.516005781206222,1472.627051314052,1501.5012940080826,1473.5520657057975,1500.5762796163372
game_435,435,indonesia,usa,0,0.5532434036235582,0.44675659637644183,0.5532434036235582,1484.8246768241577,1487.6865684658783,1480.1344235564973,1492.3768217335387
game_436,436,morocco,singapore,0,0.5633471593536913,0.4366528406463087,0.5633471593536913,1499.46444869217,1495.2085211139715,1497.05119651002,1497.6217732961215
game_437,437,guatemala,canada,0,0.599183572522995,0.40081642747700497,0.599183572522995,1519.2663821911265,1489.4206280918488,1516.1758395672894,1492.511170715686
game_438,438,uk,kazakhstan,1,0.5693718459079504,0.4306281540920496,0.5693718459079504,1495.6822810786716,1487.1648537598098,1497.1038686479185,1485.743266190563
game_439,439,switzerland,mongolia,1,0.6004754643306451,0.39952453566935486,0.6004754643306451,1478.5956742598055,1447.8149497727172,1481.2352566576867,1445.175367374836
game_440,440,netherlands,china,1,0.6024294203497451,0.3975705796502549,0.6024294203497451,1538.685586364614,1506.4888127611732,1539.992789243566,1505.1816098822212
game_441,441,serbia,morocco,0,0.5579558077207005,0.4420441922792995,0.5579558077207005,1497.5048418859535,1497.05119651002,1494.5611209352046,1499.9949174607689
game_442,442,mongolia,china,0,0.4712404821301942,0.5287595178698058,0.4712404821301942,1445.175367374836,1505.1816098822212,1443.2281880657722,1507.128789191285
game_443,443,south_korea,iceland,0,0.5384209776899143,0.46157902231008574,0.5384209776899143,1495.6262211513008,1508.8758573969676,1494.644273022014,1509.8578055262544
game_444,444,indonesia,india,0,0.494265902394761,0.505734097605239,0.494265902394761,1480.1344235564973,1524.1190573661481,1477.407478009929,1526.8460029127164
game_445,445,saudi_arabia,uae,1,0.573714219983112,0.426285780016888,0.573714219983112,1500.4461681685473,1488.8482607235162,1502.9904338441909,1486.3039950478726
game_446,446,france,rwanda,1,0.5812203005510855,0.41877969944891447,0.5812203005510855,1490.4941272323802,1473.5520657057975,1495.1328723102652,1468.9133206279125
game_447,447,philippines,new_zealand,1,0.5661380537233054,0.4338619462766946,0.5661380537233054,1486.7159580077812,1480.487643044249,1489.059463508938,1478.144137543092
game_448,448,pakistan,uk,0,0.6075663567161987,0.39243364328380126,0.6075663567161987,1533.0348626440875,1497.1038686479185,1530.3217578978567,1499.8169733941493
game_449,449,ethiopia,singapore,0,0.5644717862482523,0.43552821375174766,0.5644717862482523,1502.6721515214376,1497.6217732961215,1500.1461171151002,1500.147807702459
game_450,450,brazil,panama,1,0.5930436386720453,0.40695636132795465,0.5930436386720453,1560.1812099104432,1534.7656858140845,1562.0793504817723,1532.8675452427553
game_451,451,guatemala,kazakhstan,0,0.5999945701528318,0.40000542984716825,0.5999945701528318,1516.1758395672894,1485.743266190563,1511.3359626072988,1490.5831431505535
game_452,452,canada,vietnam,1,0.5741776145042838,0.42582238549571616,0.5741776145042838,1492.511170715686,1480.5840634956646,1495.217597270765,1477.8776369405855
game_453,453,mexico,thailand,0,0.5203668324982804,0.4796331675017196,0.5203668324982804,1500.5762796163372,1526.4161197386154,1499.0668209346916,1527.925578420261
game_454,454,usa,switzerland,0,0.5730716405724143,0.42692835942758567,0.5730716405724143,1492.3768217335387,1481.2352566576867,1485.824782552227,1487.7872958389985
game_455,455,germany,peru,0,0.49337130182915845,0.5066286981708416,0.49337130182915845,1486.9596930092448,1531.5660541515026,1482.5384318054116,1535.9873153553358
game_456,456,netherlands,oman,1,0.6580551541219363,0.34194484587806373,0.6580551541219363,1539.992789243566,1466.2702960399972,1541.8085295950393,1464.454555688524
game_457,457,singapore,uae,0,0.5768730324680635,0.42312696753193646,0.5768730324680635,1500.147807702459,1486.3039950478726,1498.5470005826337,1487.9048021676979
game_458,458,new_zealand,oman,1,0.5766563082901242,0.42334369170987585,0.5766563082901242,1478.144137543092,1464.454555688524,1479.6266520725408,1462.9720411590752
game_459,459,usa,switzerland,0,0.5545226808791492,0.44547731912085076,0.5545226808791492,1485.824782552227,1487.7872958389985,1480.2943040324644,1493.317774358761
game_460,460,philippines,vietnam,1,0.5731283430626489,0.4268716569373511,0.5731283430626489,1489.059463508938,1477.8776369405855,1490.37457199026,1476.5625284592636
game_461,461,kazakhstan,china,1,0.5337023480229238,0.4662976519770762,0.5337023480229238,1490.5831431505535,1507.128789191285,1491.00897077125,1506.7029615705885
game_462,462,canada,brazil,1,0.4614196704621322,0.5385803295378677,0.4614196704621322,1495.217597270765,1562.0793504817723,1497.0399009221778,1560.2570468303595
game_463,463,guatemala,peru,0,0.5220741208649649,0.47792587913503515,0.5220741208649649,1511.3359626072988,1535.9873153553358,1506.6137916778569,1540.7094862847778
game_464,464,france,mexico,0,0.5517175877456205,0.4482824122543795,0.5517175877456205,1495.1328723102652,1499.0668209346916,1494.1923239102766,1500.00736933468
game_465,465,indonesia,rwanda,1,0.569339002111966,0.430660997888034,0.569339002111966,1477.407478009929,1468.9133206279125,1481.1675746791354,1465.1532239587061
game_466,466,india,morocco,1,0.5950364935942867,0.4049635064057133,0.5950364935942867,1526.8460029127164,1499.9949174607689,1530.678753174839,1496.1621671986463
game_467,467,uk,mongolia,1,0.635528770084923,0.36447122991507697,0.635528770084923,1499.8169733941493,1443.2281880657722,1503.7794871329597,1439.2656743269617
game_468,468,kazakhstan,rwanda,0,0.5936550873631427,0.40634491263685735,0.5936550873631427,1491.00897077125,1465.1532239587061,1487.7067762845995,1468.4554184453566
game_469,469,thailand,saudi_arabia,1,0.5923760850556111,0.4076239149443889,0.5923760850556111,1527.925578420261,1502.9904338441909,1530.1851468371285,1500.7308654273234
game_470,470,brazil,pakistan,0,0.5993073469507698,0.4006926530492302,0.5993073469507698,1560.2570468303595,1530.3217578978567,1557.6895658910973,1532.889238837119
game_471,471,mexico,china,1,0.5477826314271347,0.4522173685728653,0.5477826314271347,1500.00736933468,1506.7029615705885,1502.431977742928,1504.2783531623406
game_472,472,guatemala,morocco,1,0.5720996617468864,0.4279003382531136,0.5720996617468864,1506.6137916778569,1496.1621671986463,1511.0698315432574,1491.7061273332458
game_473,473,switzerland,serbia,0,0.5555451060876148,0.44445489391238524,0.5555451060876148,1493.317774358761,1494.5611209352046,1490.6532479864018,1497.2256473075638
game_474,474,usa,oman,0,0.5817529216634385,0.4182470783365615,0.5817529216634385,1480.2943040324644,1462.9720411590752,1472.3265551122927,1470.939790079247
game_475,475,ethiopia,south_korea,0,0.5651105880724295,0.43488941192757047,0.5651105880724295,1500.1461171151002,1494.644273022014,1497.874210682987,1496.9161794541271
game_476,476,canada,panama,0,0.5060042138616214,0.4939957861383786,0.5060042138616214,1497.0399009221778,1532.8675452427553,1496.0384908943768,1533.8689552705564
game_477,477,indonesia,uk,1,0.5250025983351448,0.47499740166485516,0.5250025983351448,1481.1675746791354,1503.7794871329597,1481.6112470565063,1503.335814755589
game_478,478,singapore,iceland,1,0.5411934872963097,0.45880651270369033,0.5411934872963097,1498.5470005826337,1509.8578055262544,1502.544797187655,1505.8600089212332
game_479,479,germany,india,1,0.4882872790143712,0.5117127209856288,0.4882872790143712,1482.5384318054116,1530.678753174839,1488.7394711235333,1524.4777138567172
game_480,480,france,new_zealand,1,0.577886990067223,0.422113009932777,0.577886990067223,1494.1923239102766,1479.6266520725408,1497.7774205883136,1476.0415553945038
game_481,481,peru,philippines,1,0.62715000353035,0.37284999646965,0.62715000353035,1540.7094862847778,1490.37457199026,1542.3604624173167,1488.723595857721
game_482,482,uae,netherlands,1,0.4800016021565011,0.5199983978434989,0.4800016021565011,1487.9048021676979,1541.8085295950393,1488.7281706591632,1540.985161103574
game_483,483,mongolia,vietnam,0,0.5038900611202599,0.4961099388797401,0.5038900611202599,1439.2656743269617,1476.5625284592636,1433.913677094125,1481.9145256921004
game_484,484,saudi_arabia,south_korea,0,0.5627222540621424,0.4372777459378576,0.5627222540621424,1500.7308654273234,1496.9161794541271,1495.6958934519594,1501.9511514294911
game_485,485,philippines,canada,1,0.5468993730523558,0.4531006269476442,0.5468993730523558,1488.723595857721,1496.0384908943768,1489.5181306273687,1495.243956124729
game_486,486,kazakhstan,mexico,1,0.5363093308670527,0.4636906691329473,0.5363093308670527,1487.7067762845995,1502.431977742928,1493.5000493610921,1496.6387046664354
game_487,487,vietnam,usa,1,0.5708821741030342,0.4291178258969658,0.5708821741030342,1481.9145256921004,1472.3265551122927,1483.8787335008017,1470.3623473035914
game_488,488,netherlands,serbia,1,0.6182574480424937,0.3817425519575063,0.6182574480424937,1540.985161103574,1497.2256473075638,1541.9686718083422,1496.2421366027957
game_489,489,oman,indonesia,0,0.5421071981706381,0.4578928018293619,0.5421071981706381,1470.939790079247,1481.6112470565063,1469.0703542382569,1483.4806828974963
game_490,490,uae,india,0,0.5061165938995358,0.4938834061004642,0.5061165938995358,1488.7281706591632,1524.4777138567172,1486.0004421027922,1527.2054424130881
game_491,491,china,uk,1,0.5586498148295267,0.4413501851704733,0.5586498148295267,1504.2783531623406,1503.335814755589,1505.1137331504287,1502.5004347675008
game_492,492,singapore,morocco,1,0.5726449949764457,0.4273550050235543,0.5726449949764457,1502.544797187655,1491.7061273332458,1506.6296808311236,1487.6212436897772
game_493,493,brazil,mongolia,0,0.719658804495248,0.280341195504752,0.719658804495248,1557.6895658910973,1433.913677094125,1555.7075665301493,1435.895676455073
game_494,494,iceland,new_zealand,1,0.5991458292435985,0.4008541707564015,0.5991458292435985,1505.8600089212332,1476.0415553945038,1509.1418190627903,1472.7597452529467
game_495,495,thailand,panama,0,0.5520736904632059,0.44792630953679413,0.5520736904632059,1530.1851468371285,1533.8689552705564,1529.2373765032576,1534.8167256044273
game_496,496,guatemala,pakistan,1,0.5261401213589882,0.47385987864101176,0.5261401213589882,1511.0698315432574,1532.889238837119,1512.6610060179084,1531.2980643624678
game_497,497,switzerland,germany,1,0.5600278522934277,0.43997214770657234,0.5600278522934277,1490.6532479864018,1488.7394711235333,1491.053713756188,1488.339005353747
game_498,498,ethiopia,peru,0,0.49354412356687494,0.5064558764331251,0.49354412356687494,1497.874210682987,1542.3604624173167,1495.1469532440933,1545.0877198562105
game_499,499,thailand,rwanda,0,0.6411013650878317,0.35889863491216834,0.6411013650878317,1529.2373765032576,1468.4554184453566,1527.8870389149536,1469.8057560336606
game_500,500,usa,new_zealand,0,0.5539041893509921,0.44609581064900794,0.5539041893509921,1470.3623473035914,1472.7597452529467,1465.8054621728381,1477.3166303837
game_501,501,china,canada,1,0.5712795299685981,0.4287204700314019,0.5712795299685981,1505.1137331504287,1495.243956124729,1506.3958909635655,1493.9617983115922
game_502,502,peru,ethiopia,1,0.6266193080751721,0.3733806919248279,0.6266193080751721,1545.0877198562105,1495.1469532440933,1546.7346930977737,1493.49998000253
game_503,503,saudi_arabia,kazakhstan,0,0.5604278898039794,0.4395721101960206,0.5604278898039794,1495.6958934519594,1493.5000493610921,1488.5146884448247,1500.6812543682267
game_504,504,indonesia,uk,0,0.5301563582754253,0.4698436417245747,0.5301563582754253,1483.4806828974963,1502.5004347675008,1480.6960630652902,1505.2850545997069
game_505,505,mexico,netherlands,0,0.4923301623658533,0.5076698376341466,0.4923301623658533,1496.6387046664354,1541.9686718083422,1495.7411111506465,1542.866265324131
game_506,506,france,iceland,1,0.5411168825428582,0.45888311745714183,0.5411168825428582,1497.7774205883136,1509.1418190627903,1500.217434478869,1506.7018051722348
game_507,507,germany,singapore,0,0.5312016330317965,0.46879836696820354,0.5312016330317965,1488.339005353747,1506.6296808311236,1483.3042656685504,1511.6644205163202
game_508,508,south_korea,vietnam,0,0.5828032480127147,0.41719675198728534,0.5828032480127147,1501.9511514294911,1483.8787335008017,1499.9648224798548,1485.865062450438
game_509,509,morocco,india,0,0.500598385852663,0.49940161414733697,0.500598385852663,1487.6212436897772,1527.2054424130881,1486.862316959792,1527.9643691430733
game_510,510,switzerland,panama,1,0.49458480237797425,0.5054151976220258,0.49458480237797425,1491.053713756188,1534.8167256044273,1496.6714462694054,1529.19899309121
game_511,511,uae,pakistan,1,0.49237669950645113,0.5076233004935489,0.49237669950645113,1486.0004421027922,1531.2980643624678,1488.2717694968424,1529.0267369684177
game_512,512,serbia,mongolia,1,0.6405243413179925,0.3594756586820075,0.6405243413179925,1496.2421366027957,1435.895676455073,1501.8364253127718,1430.301387745097
game_513,513,oman,brazil,0,0.43328388207715757,0.5667161179228424,0.43328388207715757,1469.0703542382569,1555.7075665301493,1465.1543667608978,1559.6235540075083
game_514,514,saudi_arabia,switzerland,0,0.5456982238219035,0.45430177617809653,0.5456982238219035,1488.5146884448247,1496.6714462694054,1484.7481208916283,1500.4380138226018
game_515,515,serbia,thailand,0,0.5200640009219611,0.47993599907803886,0.5200640009219611,1501.8364253127718,1527.8870389149536,1500.9924597220624,1528.731004505663
game_516,516,guatemala,germany,1,0.5985073289287586,0.4014926710712414,0.5985073289287586,1512.6610060179084,1483.3042656685504,1512.7384092353748,1483.2268624510841
game_517,517,vietnam,morocco,1,0.5558948628225426,0.44410513717745737,0.5558948628225426,1485.865062450438,1486.862316959792,1489.6678556604406,1483.0595237497894
game_518,518,new_zealand,france,1,0.524587872282268,0.475412127717732,0.524587872282268,1477.3166303837,1500.217434478869,1479.2101885503698,1498.3238763121992
game_519,519,rwanda,brazil,1,0.4287937552171661,0.5712062447828339,0.4287937552171661,1469.8057560336606,1559.6235540075083,1471.8532923296143,1557.5760177115546
game_520,520,uae,oman,0,0.5898470135972469,0.4101529864027531,0.5898470135972469,1488.2717694968424,1465.1543667608978,1485.9138969744197,1467.5122392833205
game_521,521,pakistan,philippines,0,0.612465640535948,0.387534359464052,0.612465640535948,1529.0267369684177,1489.5181306273687,1527.5380233270141,1491.0068442687723
game_522,522,usa,indonesia,1,0.5360725490179774,0.4639274509820226,0.5360725490179774,1465.8054621728381,1480.6960630652902,1468.1324763317339,1478.3690489063945
game_523,523,china,south_korea,1,0.5664247119671059,0.43357528803289413,0.5664247119671059,1506.3958909635655,1499.9648224798548,1510.6679072957118,1495.6928061477086
game_524,524,india,mongolia,0,0.6883575417239753,0.31164245827602466,0.6883575417239753,1527.9643691430733,1430.301387745097,1521.8221406140153,1436.443616274155
game_525,525,ethiopia,mexico,1,0.5541264507926049,0.4458735492073951,0.5541264507926049,1493.49998000253,1495.7411111506465,1496.4091614373215,1492.831929715855
game_526,526,panama,peru,1,0.5322837506301759,0.46771624936982414,0.5322837506301759,1529.19899309121,1546.7346930977737,1532.671829241841,1543.2618569471429
game_527,527,iceland,canada,0,0.5753213243523913,0.42467867564760875,0.5753213243523913,1506.7018051722348,1493.9617983115922,1503.670502947994,1496.993100535833
game_528,528,singapore,kazakhstan,1,0.5728485399594414,0.4271514600405586,0.5728485399594414,1511.6644205163202,1500.6812543682267,1517.7070818862278,1494.6385929983192
game_529,529,netherlands,uk,0,0.6098289673651699,0.3901710326348301,0.6098289673651699,1542.866265324131,1505.2850545997069,1536.3254829099324,1511.8258370139056
game_530,530,serbia,brazil,0,0.47615244932005296,0.523847550679947,0.47615244932005296,1500.9924597220624,1557.5760177115546,1499.5043758572967,1559.0641015763204
game_531,531,rwanda,philippines,0,0.5299645004889312,0.4700354995110688,0.5299645004889312,1471.8532923296143,1491.0068442687723,1468.133868481639,1494.7262681167476
game_532,532,saudi_arabia,germany,0,0.5594710394073832,0.4405289605926168,0.5594710394073832,1484.7481208916283,1483.2268624510841,1481.2430068319513,1486.7319765107611
game_533,533,china,new_zealand,1,0.6014100278737301,0.3985899721262699,0.6014100278737301,1510.6679072957118,1479.2101885503698,1514.9345518067896,1474.943544039292
game_534,534,india,ethiopia,1,0.5930401030579209,0.4069598969420791,0.5930401030579209,1521.8221406140153,1496.4091614373215,1523.9682344731243,1494.2630675782125
game_535,535,pakistan,thailand,1,0.5556166920697482,0.4443833079302518,0.5556166920697482,1527.5380233270141,1528.731004505663,1529.251099577416,1527.017928255261
game_536,536,usa,morocco,0,0.5360203708584772,0.4639796291415228,0.5360203708584772,1468.1324763317339,1483.0595237497894,1466.6000374707173,1484.591962610806
game_537,537,panama,netherlands,0,0.55211661556629,0.44788338443371,0.55211661556629,1532.671829241841,1536.3254829099324,1530.8727772087923,1538.124534942981
game_538,538,oman,mexico,0,0.5211140999186252,0.47888590008137477,0.5211140999186252,1467.5122392833205,1492.831929715855,1466.6837079011189,1493.6604610980567
game_539,539,uae,uk,1,0.520263243664578,0.479736756335422,0.520263243664578,1485.9138969744197,1511.8258370139056,1489.1970276791876,1508.5427063091377
game_540,540,indonesia,south_korea,1,0.5325874772110465,0.4674125227889535,0.5325874772110465,1478.3690489063945,1495.6928061477086,1483.4695979948895,1490.5922570592136
game_541,541,peru,guatemala,1,0.600120111684656,0.39987988831534405,0.600120111684656,1543.2618569471429,1512.7384092353748,1547.7278538031585,1508.2724123793591
game_542,542,switzerland,iceland,1,0.5527160589674829,0.4472839410325171,0.5527160589674829,1500.4380138226018,1503.670502947994,1500.895313488595,1503.2132032820007
game_543,543,mongolia,france,0,0.46855333647941527,0.5314466635205848,0.46855333647941527,1436.443616274155,1498.3238763121992,1435.7701335325771,1498.997359053777
game_544,544,canada,singapore,1,0.5277263398587387,0.47227366014126126,0.5277263398587387,1496.993100535833,1517.7070818862278,1502.763062575023,1511.9371198470378
game_545,545,vietnam,kazakhstan,1,0.5502410407685671,0.44975895923143294,0.5502410407685671,1489.6678556604406,1494.6385929983192,1490.5808179110506,1493.7256307477091
game_546,546,netherlands,thailand,1,0.573022405179997,0.42697759482000297,0.573022405179997,1538.124534942981,1527.017928255261,1540.989827868925,1524.152635329317
game_547,547,india,canada,0,0.5871813421415072,0.4128186578584928,0.5871813421415072,1523.9682344731243,1502.763062575023,1521.2492049614364,1505.482092086711
game_548,548,ethiopia,uae,0,0.5644939503368861,0.4355060496631139,0.5644939503368861,1494.2630675782125,1489.1970276791876,1493.2212297518404,1490.2388655055597
game_549,549,iceland,oman,1,0.6083875009742763,0.3916124990257237,0.6083875009742763,1503.2132032820007,1466.6837079011189,1506.3859364719597,1463.5109747111599
game_550,550,serbia,vietnam,1,0.5699449707336863,0.43005502926631367,0.5699449707336863,1499.5043758572967,1490.5808179110506,1504.7772948731856,1485.3078988951618
game_551,551,saudi_arabia,peru,0,0.46195889767481696,0.538041102325183,0.46195889767481696,1481.2430068319513,1547.7278538031585,1479.1568440917652,1549.8140165433447
game_552,552,germany,mexico,1,0.5474505120796898,0.45254948792031024,0.5474505120796898,1486.7319765107611,1493.6604610980567,1488.7351615431082,1491.6572760657095
game_553,553,mongolia,philippines,0,0.4727469664219792,0.5272530335780208,0.4727469664219792,1435.7701335325771,1494.7262681167476,1430.788591085297,1499.7078105640278
game_554,554,switzerland,kazakhstan,0,0.5674686069376914,0.4325313930623086,0.5674686069376914,1500.895313488595,1493.7256307477091,1498.4136005260887,1496.2073437102156
game_555,555,morocco,uk,1,0.5230803222329989,0.47691967776700106,0.5230803222329989,1484.591962610806,1508.5427063091377,1491.4013222288615,1501.733346691082
game_556,556,new_zealand,china,1,0.5000129408628176,0.49998705913718244,0.5000129408628176,1474.943544039292,1514.9345518067896,1476.55139865117,1513.3266971949115
game_557,557,pakistan,brazil,1,0.514656068916975,0.485343931083025,0.514656068916975,1529.251099577416,1559.0641015763204,1534.627009731556,1553.6881914221804
game_558,558,usa,france,0,0.5109393877503648,0.48906061224963515,0.5109393877503648,1466.6000374707173,1498.997359053777,1464.7879505564422,1500.8094459680522
game_559,559,rwanda,panama,0,0.4673227233470578,0.5326772766529422,0.4673227233470578,1468.133868481639,1530.8727772087923,1466.680234143837,1532.3264115465943
game_560,560,china,serbia,1,0.5694169752655499,0.4305830247344501,0.5694169752655499,1513.3266971949115,1504.7772948731856,1517.0774334874925,1501.0265585806046
game_561,561,rwanda,canada,0,0.5017242581898566,0.49827574181014345,0.5017242581898566,1466.680234143837,1505.482092086711,1464.2424989712833,1507.9198272592646
game_562,562,guatemala,pakistan,1,0.5196272223516667,0.4803727776483333,0.5196272223516667,1508.2724123793591,1534.627009731556,1508.8647904449472,1534.034631665968
game_563,563,philippines,saudi_arabia,1,0.5862681892467274,0.4137318107532726,0.5862681892467274,1499.7078105640278,1479.1568440917652,1503.7000244154071,1475.1646302403858
game_564,564,morocco,usa,0,0.5947067123447827,0.4052932876552173,0.5947067123447827,1491.4013222288615,1464.7879505564422,1490.2740917179715,1465.9151810673322
game_565,565,iceland,india,1,0.5361116785529105,0.46388832144708947,0.5361116785529105,1506.3859364719597,1521.2492049614364,1509.6439407248436,1517.9912007085525
game_566,566,oman,singapore,1,0.48787617928443244,0.5121238207155676,0.48787617928443244,1463.5109747111599,1511.9371198470378,1466.231755380308,1509.2163391778897
game_567,567,france,panama,1,0.5122056425175902,0.48779435748240985,0.5122056425175902,1500.8094459680522,1532.3264115465943,1501.9773150560748,1531.1585424585717
game_568,568,ethiopia,vietnam,1,0.5685190114455881,0.43148098855441186,0.5685190114455881,1493.2212297518404,1485.3078988951618,1496.9690106706096,1481.5601179763926
game_569,569,mexico,uk,1,0.5429578277235373,0.4570421722764627,0.5429578277235373,1491.6572760657095,1501.733346691082,1495.8506055358705,1497.540017220921
game_570,570,netherlands,indonesia,1,0.636769835434455,0.363230164565545,0.636769835434455,1540.989827868925,1483.4695979948895,1542.2145899875723,1482.2448358762422
game_571,571,new_zealand,germany,0,0.5399454712987426,0.4600545287012574,0.5399454712987426,1476.55139865117,1488.7351615431082,1475.5157813720791,1489.7707788221992
game_572,572,south_korea,thailand,0,0.5092662995470041,0.4907337004529959,0.5092662995470041,1490.5922570592136,1524.152635329317,1488.6379343791657,1526.106958009365
game_573,573,uae,peru,0,0.4718588639162105,0.5281411360837895,0.4718588639162105,1490.2388655055597,1549.8140165433447,1489.1654812098993,1550.887400839005
game_574,574,mongolia,switzerland,0,0.46032798295974414,0.5396720170402558,0.46032798295974414,1430.788591085297,1498.4136005260887,1428.7541694365577,1500.4480221748279
game_575,575,kazakhstan,brazil,0,0.4748642446372944,0.5251357553627056,0.4748642446372944,1496.2073437102156,1553.6881914221804,1493.6022559171095,1556.2932792152865
game_576,576,india,new_zealand,0,0.6165113427847364,0.3834886572152636,0.6165113427847364,1517.9912007085525,1475.5157813720791,1514.7441210228938,1478.7628610577378
game_577,577,switzerland,saudi_arabia,0,0.5928600569468261,0.4071399430531739,0.5928600569468261,1500.4480221748279,1475.1646302403858,1495.4261757016147,1480.186476713599
game_578,578,usa,peru,0,0.4356388258879713,0.5643611741120287,0.4356388258879713,1465.9151810673322,1550.887400839005,1463.7112463654457,1553.0913355408916
game_579,579,iceland,serbia,1,0.569512917810714,0.430487082189286,0.569512917810714,1509.6439407248436,1501.0265585806046,1513.484155711816,1497.1863435936323
game_580,580,germany,kazakhstan,1,0.5518634739360654,0.4481365260639346,0.5518634739360654,1489.7707788221992,1493.6022559171095,1493.5880845344334,1489.7849502048753
game_581,581,brazil,china,0,0.612065564528152,0.387934435471848,0.612065564528152,1556.2932792152865,1517.0774334874925,1554.9331593077404,1518.4375533950385
game_582,582,rwanda,pakistan,1,0.45723044901870025,0.5427695509812998,0.45723044901870025,1464.2424989712833,1534.034631665968,1466.8561973063875,1531.4209333308638
game_583,583,uk,morocco,1,0.5676045844232915,0.43239541557670846,0.5676045844232915,1497.540017220921,1490.2740917179715,1499.5530749184388,1488.2610340204537
game_584,584,guatemala,mexico,0,0.5757068982169624,0.4242931017830376,0.5757068982169624,1508.8647904449472,1495.8506055358705,1506.0165175706702,1498.6988784101475
game_585,585,france,oman,0,0.6073118169787424,0.39268818302125763,0.6073118169787424,1501.9773150560748,1466.231755380308,1500.5645886885159,1467.6444817478668
game_586,586,ethiopia,indonesia,1,0.5781095432593545,0.4218904567406455,0.5781095432593545,1496.9690106706096,1482.2448358762422,1499.1046545137408,1480.109192033111
game_587,587,netherlands,panama,1,0.5729511951034072,0.4270488048965928,0.5729511951034072,1542.2145899875723,1531.1585424585717,1543.2821374800571,1530.0909949660868
game_588,588,south_korea,canada,1,0.5297804623004574,0.4702195376995426,0.5297804623004574,1488.6379343791657,1507.9198272592646,1490.9871168294953,1505.570644808935
game_589,589,singapore,vietnam,1,0.596152822755779,0.40384717724422103,0.596152822755779,1509.2163391778897,1481.5601179763926,1510.525140437523,1480.2513167167592
game_590,590,mongolia,thailand,1,0.41820432337012836,0.5817956766298716,0.41820432337012836,1428.7541694365577,1526.106958009365,1433.448546791758,1521.4125806541647
game_591,591,uae,philippines,1,0.5365822523145377,0.4634177476854623,0.5365822523145377,1489.1654812098993,1503.7000244154071,1490.9335564423461,1501.9319491829604
game_592,592,peru,thailand,0,0.6017149998459542,0.3982850001540458,0.6017149998459542,1553.0913355408916,1521.4125806541647,1546.1392102659574,1528.3647059290988
game_593,593,usa,ethiopia,1,0.5066290301300672,0.4933709698699328,0.5066290301300672,1463.7112463654457,1499.1046545137408,1467.872282669702,1494.9436182094846
game_594,594,saudi_arabia,netherlands,1,0.46681154325071667,0.5331884567492833,0.46681154325071667,1480.186476713599,1543.2821374800571,1482.1079566393867,1541.3606575542694
game_595,595,india,oman,1,0.6227849504965767,0.3772150495034233,0.6227849504965767,1514.7441210228938,1467.6444817478668,1519.2390670642178,1463.1495357065428
game_596,596,serbia,iceland,1,0.5340573721232007,0.4659426278767993,0.5340573721232007,1497.1863435936323,1513.484155711816,1502.779617403797,1507.8908819016513
game_597,597,pakistan,canada,0,0.5936475078266011,0.40635249217339886,0.5936475078266011,1531.4209333308638,1505.570644808935,1528.2362280457799,1508.755350094019
game_598,598,uae,china,1,0.5179754437322031,0.48202455626779694,0.5179754437322031,1490.9335564423461,1518.4375533950385,1491.4094838283663,1517.9616260090183
game_599,599,morocco,mexico,0,0.5424409904374236,0.45755900956257645,0.5424409904374236,1488.2610340204537,1498.6988784101475,1486.256545888725,1500.7033665418762
game_600,600,mongolia,indonesia,0,0.49041573508923675,0.5095842649107633,0.49041573508923675,1433.448546791758,1480.109192033111,1430.9844542539245,1482.5732845709445
game_601,601,germany,rwanda,1,0.5948711401384222,0.40512885986157776,0.5948711401384222,1493.5880845344334,1466.8561973063875,1495.5713549768564,1464.8729268639645
game_602,602,panama,brazil,1,0.5218000495042153,0.4781999504957847,0.5218000495042153,1530.0909949660868,1554.9331593077404,1536.1451749964633,1548.878979277364
game_603,603,vietnam,south_korea,0,0.542015256227822,0.457984743772178,0.542015256227822,1480.2513167167592,1490.9871168294953,1476.0605754239552,1495.1778581222993
game_604,604,philippines,singapore,1,0.545075320973695,0.45492467902630496,0.545075320973695,1501.9319491829604,1510.525140437523,1503.693312197928,1508.7637774225554
game_605,605,guatemala,france,0,0.5650399711138603,0.4349600288861397,0.5650399711138603,1506.0165175706702,1500.5645886885159,1502.9109360862521,1503.670170172934
game_606,606,new_zealand,uk,0,0.527616968478836,0.472383031521164,0.527616968478836,1478.7628610577378,1499.5530749184388,1476.7550112240306,1501.560924752146
game_607,607,thailand,canada,1,0.5849528300708979,0.41504716992910207,0.5849528300708979,1528.3647059290988,1508.755350094019,1535.2112935536652,1501.9087624694525
game_608,608,france,philippines,0,0.5572787670253586,0.4427212329746414,0.5572787670253586,1503.670170172934,1503.693312197928,1500.7066788042969,1506.656803566565
game_609,609,panama,saudi_arabia,0,0.632119835226687,0.367880164773313,0.632119835226687,1536.1451749964633,1482.1079566393867,1534.5321600333607,1483.7209716024893
game_610,610,china,india,0,0.5554966451843791,0.44450335481562087,0.5554966451843791,1517.9616260090183,1519.2390670642178,1511.8798101330326,1525.3208829402035
game_611,611,morocco,iceland,0,0.5264057249560444,0.47359427504395557,0.5264057249560444,1486.256545888725,1507.8908819016513,1485.0171419722437,1509.1302858181325
game_612,612,serbia,ethiopia,1,0.5684098088551622,0.43159019114483776,0.5684098088551622,1502.779617403797,1494.9436182094846,1504.3905519999173,1493.3326836133642
game_613,613,mexico,uae,1,0.5704674036077134,0.4295325963922866,0.5704674036077134,1500.7033665418762,1491.4094838283663,1506.090259438453,1486.0225909317896
game_614,614,pakistan,netherlands,1,0.5386000957536037,0.4613999042463963,0.5386000957536037,1528.2362280457799,1541.3606575542694,1528.8019707565475,1540.7949148435018
game_615,615,rwanda,usa,1,0.5530478118043476,0.4469521881956524,0.5530478118043476,1464.8729268639645,1467.872282669702,1466.855468887031,1465.8897406466353
game_616,616,germany,brazil,0,0.48085814909551045,0.5191418509044896,0.48085814909551045,1495.5713549768564,1548.878979277364,1492.9169478118101,1551.5333864424101
game_617,617,switzerland,oman,0,0.6025395285626475,0.3974604714373525,0.6025395285626475,1495.4261757016147,1463.1495357065428,1493.9140631730615,1464.661648235096
game_618,618,uk,new_zealand,0,0.5921964423604629,0.40780355763953713,0.5921964423604629,1501.560924752146,1476.7550112240306,1498.5276562086622,1479.7882797675145
game_619,619,indonesia,vietnam,0,0.5665401251372734,0.43345987486272664,0.5665401251372734,1482.5732845709445,1476.0605754239552,1479.2320172501088,1479.4018427447909
game_620,620,singapore,peru,0,0.5037769839127122,0.4962230160872878,0.5037769839127122,1508.7637774225554,1546.1392102659574,1504.819549756359,1550.0834379321539
game_621,621,mongolia,kazakhstan,1,0.4729702884271444,0.5270297115728556,0.4729702884271444,1430.9844542539245,1489.7849502048753,1436.047811774654,1484.7215926841457
game_622,622,guatemala,south_korea,0,0.568264460076788,0.431735539923212,0.568264460076788,1502.9109360862521,1495.1778581222993,1500.2430155807454,1497.845778627806
game_623,623,usa,saudi_arabia,0,0.5318601973192312,0.4681398026807688,0.5318601973192312,1465.8897406466353,1483.7209716024893,1462.5409224768925,1487.069789772232
game_624,624,uae,thailand,1,0.48677947619288103,0.513220523807119,0.48677947619288103,1486.0225909317896,1535.2112935536652,1486.6785375321033,1534.5553469533515
game_625,625,mongolia,panama,0,0.4166203083083056,0.5833796916916945,0.4166203083083056,1436.047811774654,1534.5321600333607,1433.7842951503367,1536.795676657678
game_626,626,france,new_zealand,1,0.5867811323399432,0.4132188676600568,0.5867811323399432,1500.7066788042969,1479.7882797675145,1502.5799489906979,1477.9150095811135
game_627,627,rwanda,canada,0,0.5071184017920087,0.49288159820799127,0.5071184017920087,1466.855468887031,1501.9087624694525,1461.4771210237398,1507.2871103327439
game_628,628,serbia,germany,1,0.573539212122906,0.42646078787709396,0.573539212122906,1504.3905519999173,1492.9169478118101,1509.8490195902446,1487.458480221483
game_629,629,singapore,morocco,1,0.5852226084542312,0.41477739154576876,0.5852226084542312,1504.819549756359,1485.0171419722437,1506.4131087162705,1483.4235830123323
game_630,630,guatemala,south_korea,1,0.5607134641355175,0.4392865358644825,0.5607134641355175,1500.2430155807454,1497.845778627806,1505.1076459589967,1492.9811482495547
game_631,631,brazil,pakistan,0,0.5893093628867486,0.4106906371132514,0.5893093628867486,1551.5333864424101,1528.8019707565475,1546.913774037225,1533.4215831617325
game_632,632,india,china,1,0.5763070428654976,0.4236929571345024,0.5763070428654976,1525.3208829402035,1511.8798101330326,1525.7885016867403,1511.4121913864958
game_633,633,uk,ethiopia,0,0.5646764035174595,0.4353235964825405,0.5646764035174595,1498.5276562086622,1493.3326836133642,1497.4416723147644,1494.418667507262
game_634,634,kazakhstan,philippines,1,0.5259739192132858,0.47402608078671415,0.5259739192132858,1484.7215926841457,1506.656803566565,1485.9822485403845,1505.3961477103262
game_635,635,iceland,peru,0,0.4986283072855217,0.5013716927144782,0.4986283072855217,1509.1302858181325,1550.0834379321539,1504.196952681579,1555.0167710687074
game_636,636,switzerland,netherlands,0,0.49009895289495176,0.5099010471050482,0.49009895289495176,1493.9140631730615,1540.7949148435018,1491.7863032930575,1542.922674723506
game_637,637,indonesia,oman,0,0.5778935858051178,0.42210641419488215,0.5778935858051178,1479.2320172501088,1464.661648235096,1476.8837858660183,1467.0098796191864
game_638,638,thailand,mongolia,1,0.6921826575057218,0.30781734249427817,0.6921826575057218,1534.5553469533515,1433.7842951503367,1537.9546140891437,1430.3850280145446
game_639,639,saudi_arabia,south_korea,1,0.5489006842382849,0.45109931576171514,0.5489006842382849,1487.069789772232,1492.9811482495547,1489.2387872833654,1490.8121507384215
game_640,640,canada,rwanda,0,0.6210393344437377,0.3789606655562623,0.6210393344437377,1507.2871103327439,1461.4771210237398,1505.9997141158508,1462.7645172406328
game_641,641,switzerland,pakistan,1,0.4976466604726365,0.5023533395273635,0.4976466604726365,1491.7863032930575,1533.4215831617325,1492.69153248758,1532.51635396721
game_642,642,panama,serbia,1,0.5951690563114113,0.40483094368858874,0.5951690563114113,1536.795676657678,1509.8490195902446,1542.9602826371772,1503.6844136107454
game_643,643,iceland,uae,1,0.5820276354175928,0.41797236458240716,0.5820276354175928,1504.196952681579,1486.6785375321033,1508.925424129595,1481.9500660840872
game_644,644,india,indonesia,0,0.6252228780802305,0.37477712191976953,0.6252228780802305,1525.7885016867403,1476.8837858660183,1517.7833779424795,1484.8889096102791
game_645,645,morocco,brazil,0,0.4662463129705355,0.5337536870294646,0.4662463129705355,1483.4235830123323,1546.913774037225,1482.4602274643455,1547.8771295852118
game_646,646,singapore,germany,1,0.5840375098898813,0.41596249011011865,0.5840375098898813,1506.4131087162705,1487.458480221483,1506.717089746343,1487.1544991914104
game_647,647,ethiopia,kazakhstan,1,0.5692575059719569,0.4307424940280431,0.5692575059719569,1494.418667507262,1485.9822485403845,1498.009071276643,1482.3918447710034
game_648,648,oman,china,0,0.4936649031254105,0.5063350968745894,0.4936649031254105,1467.0098796191864,1511.4121913864958,1465.921877285432,1512.5001937202503
game_649,649,new_zealand,vietnam,0,0.5551989981973222,0.4448010018026778,0.5551989981973222,1477.9150095811135,1479.4018427447909,1476.9496297060948,1480.3672226198096
game_650,650,guatemala,uk,1,0.5681696867952195,0.4318303132047805,0.5681696867952195,1505.1076459589967,1497.4416723147644,1505.3049634401677,1497.2443548335934
game_651,651,philippines,france,1,0.5613074213602056,0.4386925786397944,0.5613074213602056,1505.3961477103262,1502.5799489906979,1510.8070781290626,1497.1690185719615
game_652,652,mexico,peru,0,0.48715654301560407,0.5128434569843959,0.48715654301560407,1506.090259438453,1555.0167710687074,1505.55203860442,1555.5549919027403
game_653,653,rwanda,serbia,0,0.49867616580036217,0.5013238341996378,0.49867616580036217,1462.7645172406328,1503.6844136107454,1460.88525514634,1505.5636757050383
game_654,654,panama,saudi_arabia,1,0.6316970966417081,0.36830290335829186,0.6316970966417081,1542.9602826371772,1489.2387872833654,1544.877437241445,1487.3216326790975
game_655,655,ethiopia,thailand,0,0.5000783701919471,0.4999216298080529,0.5000783701919471,1498.009071276643,1537.9546140891437,1497.291161921344,1538.6725234444427
game_656,656,new_zealand,morocco,0,0.5494718439971105,0.45052815600288953,0.5494718439971105,1476.9496297060948,1482.4602274643455,1474.2682012002676,1485.1416559701727
game_657,657,china,indonesia,0,0.5960905431129105,0.40390945688708946,0.5960905431129105,1512.5001937202503,1484.8889096102791,1509.701751709103,1487.6873516214264
game_658,658,germany,pakistan,0,0.4922842832347156,0.5077157167652844,0.4922842832347156,1487.1544991914104,1532.51635396721,1482.2454962015465,1537.425356957074
game_659,659,peru,switzerland,1,0.6438536417020753,0.35614635829792474,0.6438536417020753,1555.5549919027403,1492.69153248758,1555.8653409940166,1492.3811833963036
game_660,660,oman,guatemala,0,0.5008878094568174,0.49911219054318257,0.5008878094568174,1465.921877285432,1505.3049634401677,1463.6102801643124,1507.6165605612873
game_661,661,mexico,philippines,1,0.549835994799639,0.45016400520036104,0.549835994799639,1505.55203860442,1510.8070781290626,1508.4248779665133,1507.9342387669692
game_662,662,france,usa,0,0.6057766803402652,0.3942233196597348,0.6057766803402652,1497.1690185719615,1462.5409224768925,1495.1394093831784,1464.5705316656756
game_663,663,canada,mongolia,0,0.6605018959235481,0.33949810407645187,0.6605018959235481,1505.9997141158508,1430.3850280145446,1504.5253390210116,1431.8594031093837
game_664,664,netherlands,india,1,0.592659824524107,0.40734017547589296,0.592659824524107,1542.922674723506,1517.7833779424795,1543.0671970269254,1517.63885563906
game_665,665,iceland,kazakhstan,1,0.5945959969806413,0.40540400301935875,0.5945959969806413,1508.925424129595,1482.3918447710034,1509.2466516092998,1482.0706172912987
game_666,666,vietnam,brazil,1,0.46049259023911504,0.539507409760885,0.46049259023911504,1480.3672226198096,1547.8771295852118,1486.0144687318186,1542.2298834732028
game_667,667,uk,uae,1,0.5789097745065724,0.42109022549342756,0.5789097745065724,1497.2443548335934,1481.9500660840872,1499.3850900084155,1479.809330909265
game_668,668,south_korea,singapore,1,0.5346200952021579,0.4653799047978421,0.5346200952021579,1490.8121507384215,1506.717089746343,1496.8019828806478,1500.7272576041166
game_669,669,uae,usa,0,0.5788319056959563,0.42116809430404367,0.5788319056959563,1479.809330909265,1464.5705316656756,1478.7598649900565,1465.6199975848842
game_670,670,thailand,south_korea,0,0.6156877862446858,0.3843122137553142,0.6156877862446858,1538.6725234444427,1496.8019828806478,1537.3291131842866,1498.145393140804
game_671,671,rwanda,vietnam,0,0.5213877229610991,0.47861227703890086,0.5213877229610991,1460.88525514634,1486.0144687318186,1460.205204508162,1486.6945193699964
game_672,672,ethiopia,new_zealand,1,0.5897154828136427,0.4102845171863573,0.5897154828136427,1497.291161921344,1474.2682012002676,1500.1334962797473,1471.4258668418643
game_673,673,kazakhstan,indonesia,1,0.5493205919546189,0.4506794080453811,0.5493205919546189,1482.0706172912987,1487.6873516214264,1484.4091866630956,1485.3487822496295
game_674,674,iceland,mexico,1,0.5584784046552498,0.4415215953447502,0.5584784046552498,1509.2466516092998,1508.4248779665133,1510.3012137021587,1507.3703158736544
game_675,675,china,switzerland,1,0.5817505481885866,0.4182494518114134,0.5817505481885866,1509.701751709103,1492.3811833963036,1514.316869901255,1487.7660652041518
game_676,676,pakistan,oman,1,0.6581750685596823,0.34182493144031767,0.6581750685596823,1537.425356957074,1463.6102801643124,1543.0716494112312,1457.9639877101552
game_677,677,philippines,canada,1,0.562147386368411,0.437852613631589,0.562147386368411,1507.9342387669692,1504.5253390210116,1509.9706414345414,1502.4889363534394
game_678,678,serbia,india,0,0.5401007334935581,0.45989926650644186,0.5401007334935581,1505.5636757050383,1517.63885563906,1502.9525469490861,1520.2499843950122
game_679,679,germany,saudi_arabia,1,0.5500908861165609,0.4499091138834391,0.5500908861165609,1482.2454962015465,1487.3216326790975,1484.1104323424313,1485.4566965382128
game_680,680,singapore,panama,0,0.49402769545070246,0.5059723045492975,0.49402769545070246,1500.7272576041166,1544.877437241445,1493.0379429502652,1552.5667518952964
game_681,681,peru,netherlands,0,0.575403089661804,0.424596910338196,0.575403089661804,1555.8653409940166,1543.0671970269254,1554.5078573242677,1544.4246806966744
game_682,682,france,morocco,1,0.5714599503523198,0.4285400496476802,0.5714599503523198,1495.1394093831784,1485.1416559701727,1497.4788252797725,1482.8022400735786
game_683,683,mongolia,uk,1,0.46047002295113637,0.5395299770488636,0.46047002295113637,1431.8594031093837,1499.3850900084155,1434.1197268034744,1497.124766314325
game_684,684,canada,rwanda,1,0.6162504278979543,0.38374957210204574,0.6162504278979543,1502.4889363534394,1460.205204508162,1503.1461621635945,1459.547978698007
game_685,685,china,thailand,1,0.5244278837060462,0.4755721162939538,0.5244278837060462,1514.316869901255,1537.3291131842866,1516.8480031719039,1534.7979799136376
game_686,686,vietnam,guatemala,0,0.5274278285246486,0.47257217147535135,0.5274278285246486,1486.6945193699964,1507.6165605612873,1479.1398300003225,1515.1712499309613
game_687,687,mexico,saudi_arabia,1,0.5881695309091675,0.41183046909083254,0.5881695309091675,1507.3703158736544,1485.4566965382128,1508.034457272807,1484.7925551390601
game_688,688,usa,south_korea,1,0.5107551612371857,0.4892448387628143,0.5107551612371857,1465.6199975848842,1498.145393140804,1470.819222323082,1492.9461684026062
game_689,689,singapore,indonesia,0,0.5682024350792308,0.43179756492076915,0.5682024350792308,1493.0379429502652,1485.3487822496295,1490.4993430144389,1487.8873821854559
game_690,690,ethiopia,germany,0,0.5799321041098082,0.4200678958901918,0.5799321041098082,1500.1334962797473,1484.1104323424313,1497.665007173106,1486.5789214490726
game_691,691,peru,panama,0,0.5600666140323282,0.43993338596767184,0.5600666140323282,1554.5078573242677,1552.5667518952964,1550.3007693858056,1556.7738398337585
game_692,692,new_zealand,france,0,0.5200606318649749,0.47993936813502514,0.5200606318649749,1471.4258668418643,1497.4788252797725,1468.5695691038366,1500.3351230178002
game_693,693,uk,pakistan,1,0.4914425829556304,0.5085574170443696,0.4914425829556304,1497.124766314325,1543.0716494112312,1501.8021267087654,1538.3942890167907
game_694,694,uae,kazakhstan,0,0.5492741508801142,0.4507258491198858,0.5492741508801142,1478.7598649900565,1484.4091866630956,1471.7231888401323,1491.4458628130199
game_695,695,netherlands,morocco,0,0.6422138283706941,0.3577861716293059,0.6422138283706941,1544.4246806966744,1482.8022400735786,1542.8829804612012,1484.3439403090517
game_696,696,iceland,india,0,0.5431396690346743,0.45686033096532574,0.5431396690346743,1510.3012137021587,1520.2499843950122,1508.185415494951,1522.36578260222
game_697,697,serbia,mongolia,0,0.6516936255558222,0.3483063744441778,0.6516936255558222,1502.9525469490861,1434.1197268034744,1501.5164380649119,1435.5558356876486
game_698,698,switzerland,oman,1,0.5991231886712794,0.40087681132872055,0.5991231886712794,1487.7660652041518,1457.9639877101552,1493.2458819514816,1452.4841709628254
game_699,699,kazakhstan,usa,0,0.5863738470084631,0.41362615299153693,0.5863738470084631,1491.4458628130199,1470.819222323082,1489.007476465824,1473.2576086702777
game_700,700,philippines,thailand,0,0.5218213450365875,0.4781786549634125,0.5218213450365875,1509.9706414345414,1534.7979799136376,1507.4411058236594,1537.3275155245196
game_701,701,rwanda,vietnam,0,0.5293359551933318,0.47066404480666824,0.5293359551933318,1459.547978698007,1479.1398300003225,1457.5725923576374,1481.115216340692
game_702,702,mongolia,ethiopia,1,0.46822522315303516,0.5317747768469648,0.46822522315303516,1435.5558356876486,1497.665007173106,1439.8291449678159,1493.3916978929387
game_703,703,netherlands,peru,0,0.5467525955763098,0.45324740442369016,0.5467525955763098,1542.8829804612012,1550.3007693858056,1540.6973272298715,1552.4864226171353
game_704,704,indonesia,mexico,0,0.5285396005269026,0.47146039947309737,0.5285396005269026,1487.8873821854559,1508.034457272807,1485.180553934072,1510.741285524191
game_705,705,new_zealand,india,0,0.4801560815245711,0.5198439184754289,0.4801560815245711,1468.5695691038366,1522.36578260222,1467.7992757150146,1523.136075991042
game_706,706,pakistan,canada,0,0.606628719197809,0.39337128080219097,0.606628719197809,1538.3942890167907,1503.1461621635945,1529.4130630538373,1512.1273881265479
game_707,707,germany,switzerland,1,0.5478234591742076,0.4521765408257924,0.5478234591742076,1486.5789214490726,1493.2458819514816,1491.686632413911,1488.1381709866432
game_708,708,singapore,china,1,0.5196357534899705,0.4803642465100295,0.5196357534899705,1490.4993430144389,1516.8480031719039,1492.8845470196484,1514.4627991666944
game_709,709,oman,france,0,0.4887034944375351,0.511296505562465,0.4887034944375351,1452.4841709628254,1500.3351230178002,1451.4935521774655,1501.32574180316
game_710,710,iceland,uk,0,0.5663571637735866,0.4336428362264134,0.5663571637735866,1508.185415494951,1501.8021267087654,1501.968828094818,1508.0187141088984
game_711,711,guatemala,serbia,0,0.5766074456367539,0.4233925543632461,0.5766074456367539,1515.1712499309613,1501.5164380649119,1513.1368621884226,1503.5508258074506
game_712,712,brazil,saudi_arabia,1,0.6366594501900941,0.36334054980990593,0.6366594501900941,1542.2298834732028,1484.7925551390601,1544.0413014636697,1482.9811371485932
game_713,713,south_korea,panama,0,0.4657628848097407,0.5342371151902593,0.4657628848097407,1492.9461684026062,1556.7738398337585,1491.8713462602927,1557.848661976072
game_714,714,rwanda,brazil,0,0.43352207561979716,0.5664779243802028,0.43352207561979716,1457.5725923576374,1544.0413014636697,1453.1686192539319,1548.4452745673752
game_715,715,pakistan,serbia,1,0.5936641001048688,0.4063358998951312,0.5936641001048688,1529.4130630538373,1503.5508258074506,1531.9476401843128,1501.016248676975
game_716,716,india,germany,0,0.6013986087794314,0.3986013912205686,0.6013986087794314,1523.136075991042,1491.686632413911,1521.048488924998,1493.7742194799548
game_717,717,panama,ethiopia,1,0.6459542687813824,0.3540457312186176,0.6459542687813824,1557.848661976072,1493.3916978929387,1561.725274164147,1489.5150857048636
game_718,718,morocco,saudi_arabia,1,0.5592462178163017,0.4407537821836983,0.5592462178163017,1484.3439403090517,1482.9811371485932,1489.9754124377364,1477.3496650199086
game_719,719,indonesia,oman,0,0.6044822115233978,0.39551778847660224,0.6044822115233978,1485.180553934072,1451.4935521774655,1480.365651800464,1456.3084543110733
game_720,720,peru,china,1,0.6104347609768612,0.3895652390231388,0.6104347609768612,1552.4864226171353,1514.4627991666944,1553.6213894922457,1513.327832291584
game_721,721,netherlands,kazakhstan,1,0.6289719999350748,0.3710280000649252,0.6289719999350748,1540.6973272298715,1489.007476465824,1545.3977023359207,1484.3071013597748
game_722,722,new_zealand,philippines,0,0.5005154477252743,0.49948455227472566,0.5005154477252743,1467.7992757150146,1507.4411058236594,1467.1077436833375,1508.1326378553365
game_723,723,usa,iceland,0,0.5162401465989828,0.48375985340101724,0.5162401465989828,1473.2576086702777,1501.968828094818,1471.3968704981032,1503.8295662669925
game_724,724,thailand,uk,0,0.5984410152737394,0.4015589847262606,0.5984410152737394,1537.3275155245196,1508.0187141088984,1535.5506132019154,1509.7956164315026
game_725,725,switzerland,mexico,1,0.5250152278788142,0.47498477212118584,0.5250152278788142,1488.1381709866432,1510.741285524191,1491.9999738858837,1506.8794826249505
game_726,726,guatemala,mongolia,1,0.6575176876543917,0.34248231234560833,0.6575176876543917,1513.1368621884226,1439.8291449678159,1514.9443708889225,1438.021636267316
game_727,727,france,canada,1,0.5419211635306679,0.4580788364693321,0.5419211635306679,1501.32574180316,1512.1273881265479,1503.8559900737748,1509.5971398559332
game_728,728,vietnam,south_korea,1,0.5419862057281188,0.45801379427188116,0.5419862057281188,1481.115216340692,1491.8713462602927,1482.531480638681,1490.455081962304
game_729,729,singapore,uae,0,0.5871202047473711,0.41287979525262886,0.5871202047473711,1492.8845470196484,1471.7231888401323,1490.4617952548822,1474.1459406048984
game_730,730,pakistan,rwanda,1,0.6645744768765042,0.33542552312349583,0.6645744768765042,1531.9476401843128,1453.1686192539319,1537.202156462946,1447.9141029752986
game_731,731,morocco,serbia,0,0.5415793416158987,0.4584206583841013,0.5415793416158987,1489.9754124377364,1501.016248676975,1489.1622721720537,1501.8293889426577
game_732,732,saudi_arabia,india,1,0.4946771656021653,0.5053228343978347,0.4946771656021653,1477.3496650199086,1521.048488924998,1479.938318323743,1518.4598356211636
game_733,733,panama,switzerland,1,0.6528588775870687,0.34714112241293127,0.6528588775870687,1561.725274164147,1491.9999738858837,1565.2837504005802,1488.4414976494506
game_734,734,usa,oman,0,0.5786208523985127,0.4213791476014873,0.5786208523985127,1471.3968704981032,1456.3084543110733,1469.5709540208497,1458.1343707883268
game_735,735,ethiopia,china,1,0.5232784892321459,0.4767215107678541,0.5232784892321459,1489.5150857048636,1513.327832291584,1491.3477981640879,1511.4951198323597
game_736,736,germany,indonesia,0,0.5762613530982879,0.42373864690171215,0.5762613530982879,1493.7742194799548,1480.365651800464,1489.3561038799744,1484.7837674004445
game_737,737,vietnam,philippines,0,0.5207097452279916,0.4792902547720084,0.5207097452279916,1482.531480638681,1508.1326378553365,1481.846621518518,1508.8174969754994
game_738,738,iceland,mongolia,1,0.6477307735185235,0.3522692264814765,0.6477307735185235,1503.8295662669925,1438.021636267316,1504.9099205568732,1436.9412819774352
game_739,739,netherlands,uk,1,0.6071148351142462,0.39288516488575376,0.6071148351142462,1545.3977023359207,1509.7956164315026,1547.5024777451129,1507.6908410223105
game_740,740,new_zealand,uae,1,0.5472940406332133,0.4527059593667867,0.5472940406332133,1467.1077436833375,1474.1459406048984,1475.0421621565843,1466.2115221316517
game_741,741,thailand,guatemala,1,0.5863453673983751,0.41365463260162494,0.5863453673983751,1535.5506132019154,1514.9443708889225,1535.852207807802,1514.642776283036
game_742,742,kazakhstan,france,0,0.529397570043883,0.470602429956117,0.529397570043883,1484.3071013597748,1503.8559900737748,1481.9710866841854,1506.1920047493643
game_743,743,south_korea,mexico,1,0.5338760372963501,0.46612396270364986,0.5338760372963501,1490.455081962304,1506.8794826249505,1491.4774771352045,1505.8570874520499
game_744,744,singapore,canada,0,0.529990608766963,0.470009391233037,0.529990608766963,1490.4617952548822,1509.5971398559332,1487.821357429583,1512.2375776812323
game_745,745,peru,brazil,1,0.5646497190441084,0.43535028095589157,0.5646497190441084,1553.6213894922457,1548.4452745673752,1560.3707508490127,1541.6959132106083
game_746,746,guatemala,vietnam,0,0.6032555064386134,0.39674449356138664,0.6032555064386134,1514.642776283036,1481.846621518518,1512.7480676811906,1483.7413301203635
game_747,747,brazil,germany,1,0.6298447087151822,0.37015529128481783,0.6298447087151822,1541.6959132106083,1489.3561038799744,1543.2656460256146,1487.786371064968
game_748,748,south_korea,china,1,0.5287252578848218,0.47127474211517817,0.5287252578848218,1491.4774771352045,1511.4951198323597,1497.7915916448403,1505.1810053227239
game_749,749,usa,indonesia,1,0.5356112307656274,0.46438876923437256,0.5356112307656274,1469.5709540208497,1484.7837674004445,1470.8919243367998,1483.4627970844945
game_750,750,guatemala,germany,0,0.5924129917062473,0.4075870082937527,0.5924129917062473,1512.7480676811906,1487.786371064968,1506.2757370864379,1494.2587016597208
game_751,751,ethiopia,thailand,1,0.4935179966088037,0.5064820033911963,0.4935179966088037,1491.3477981640879,1535.852207807802,1492.3932290348985,1534.8067769369914
game_752,752,philippines,india,1,0.5435773439874283,0.4564226560125717,0.5435773439874283,1508.8174969754994,1518.4598356211636,1509.70228890852,1517.575043688143
game_753,753,morocco,rwanda,1,0.6148397203439925,0.3851602796560075,0.6148397203439925,1489.1622721720537,1447.9141029752986,1489.4942308650157,1447.5821442823367
game_754,754,vietnam,pakistan,0,0.4806380005027798,0.5193619994972202,0.4806380005027798,1483.7413301203635,1537.202156462946,1481.0965885054925,1539.846898077817
game_755,755,saudi_arabia,singapore,1,0.5460888180406365,0.45391118195936353,0.5460888180406365,1479.938318323743,1487.821357429583,1482.1168723016267,1485.6428034516994
game_756,756,netherlands,oman,1,0.6780233471577594,0.32197665284224064,0.6780233471577594,1547.5024777451129,1458.1343707883268,1552.0713854204078,1453.565463113032
game_757,757,uk,iceland,1,0.5612574145376898,0.43874258546231015,0.5612574145376898,1507.6908410223105,1504.9099205568732,1509.7589592533134,1502.8418023258703
game_758,758,france,china,0,0.5587469803073655,0.44125301969263453,0.5587469803073655,1506.1920047493643,1505.1810053227239,1504.2833948558061,1507.089615216282
game_759,759,serbia,panama,1,0.4662976412346753,0.5337023587653247,0.4662976412346753,1501.8293889426577,1565.2837504005802,1503.802537117544,1563.3106022256939
game_760,760,peru,mongolia,1,0.7192563078560216,0.28074369214397843,0.7192563078560216,1560.3707508490127,1436.9412819774352,1561.9079751195993,1435.4040577068486
game_761,761,brazil,canada,1,0.6008169978629576,0.3991830021370424,0.6008169978629576,1543.2656460256146,1512.2375776812323,1543.8352438496133,1511.6679798572336
game_762,762,kazakhstan,new_zealand,1,0.5671284049668043,0.4328715950331957,0.5671284049668043,1481.9710866841854,1475.0421621565843,1486.7111568930345,1470.302091947735
game_763,763,uae,mexico,1,0.5005100723291136,0.4994899276708864,0.5005100723291136,1466.2115221316517,1505.8570874520499,1468.7781738590513,1503.2904357246503
game_764,764,south_korea,switzerland,1,0.5705466895590422,0.4294533104409578,0.5705466895590422,1497.7915916448403,1488.4414976494506,1500.1280202068638,1486.1050690874272
game_765,765,peru,usa,1,0.6800907783629374,0.3199092216370626,0.6800907783629374,1561.9079751195993,1470.8919243367998,1563.602338475498,1469.197560980901
game_766,766,china,switzerland,1,0.5868734550155721,0.4131265449844279,0.5868734550155721,1507.089615216282,1486.1050690874272,1512.6758436593227,1480.5188406443865
game_767,767,saudi_arabia,pakistan,0,0.4745065677871555,0.5254934322128445,0.4745065677871555,1482.1168723016267,1539.846898077817,1475.463510334634,1546.5002600448097
game_768,768,rwanda,mexico,0,0.47740934210831837,0.5225906578916817,0.47740934210831837,1447.5821442823367,1503.2904357246503,1443.8797811890356,1506.9927988179513
game_769,769,uk,guatemala,1,0.5622526897052719,0.43774731029472813,0.5622526897052719,1509.7589592533134,1506.2757370864379,1515.3652550755876,1500.6694412641637
game_770,770,serbia,thailand,1,0.5129430473927442,0.4870569526072558,0.5129430473927442,1503.802537117544,1534.8067769369914,1505.4430150341564,1533.166299020379
game_771,771,india,philippines,0,0.5684617134592003,0.43153828654079973,0.5684617134592003,1517.575043688143,1509.70228890852,1515.8036900857635,1511.4736425108995
game_772,772,kazakhstan,oman,0,0.6037369808290421,0.39626301917095785,0.6037369808290421,1486.7111568930345,1453.565463113032,1484.579604005284,1455.6970160007825
game_773,773,morocco,indonesia,0,0.5658596555871424,0.43414034441285765,0.5658596555871424,1489.4942308650157,1483.4627970844945,1487.6082967517932,1485.348731197717
game_774,774,singapore,ethiopia,0,0.5477044393952826,0.45229556060471743,0.5477044393952826,1485.6428034516994,1492.3932290348985,1483.1695904721093,1494.8664420144885
game_775,775,new_zealand,south_korea,1,0.5146374824960959,0.48536251750390413,0.5146374824960959,1470.302091947735,1500.1280202068638,1470.8788471392634,1499.5512650153355
game_776,776,france,vietnam,1,0.5899436648424538,0.41005633515754625,0.5899436648424538,1504.2833948558061,1481.0965885054925,1506.5540674854085,1478.8259158758901
game_777,777,uae,mongolia,0,0.6040515139320081,0.39594848606799193,0.6040515139320081,1468.7781738590513,1435.4040577068486,1467.512641954822,1436.669589611078
game_778,778,germany,panama,1,0.4582881252560909,0.5417118747439091,0.4582881252560909,1494.2587016597208,1563.3106022256939,1500.3728292059257,1557.196474679489
game_779,779,netherlands,canada,1,0.6136874986200522,0.38631250137994777,0.6136874986200522,1552.0713854204078,1511.6679798572336,1556.2696651919548,1507.4697000856866
game_780,780,brazil,iceland,1,0.6144924175350768,0.3855075824649232,0.6144924175350768,1543.8352438496133,1502.8418023258703,1550.6112641858003,1496.0657819896833
game_781,781,thailand,rwanda,1,0.6779208071583172,0.32207919284168285,0.6779208071583172,1533.166299020379,1443.8797811890356,1533.744585381759,1443.3014948276557
game_782,782,oman,usa,1,0.538062003240482,0.46193799675951797,0.538062003240482,1455.6970160007825,1469.197560980901,1459.370526066373,1465.5240509153105
game_783,783,mongolia,philippines,0,0.45007981063231317,0.5499201893676868,0.45007981063231317,1436.669589611078,1511.4736425108995,1434.215138901008,1513.9280932209695
game_784,784,pakistan,singapore,1,0.6444701165809871,0.3555298834190129,0.6444701165809871,1546.5002600448097,1483.1695904721093,1549.4085568610294,1480.2612936558896
game_785,785,china,guatemala,1,0.5742892140670609,0.4257107859329391,0.5742892140670609,1512.6758436593227,1500.6694412641637,1517.1249068126613,1496.220378110825
game_786,786,indonesia,panama,1,0.4542953523970524,0.5457046476029477,0.4542953523970524,1485.348731197717,1557.196474679489,1487.0534447396983,1555.4917611375076
game_787,787,iceland,peru,1,0.4604544781704377,0.5395455218295623,0.4604544781704377,1496.0657819896833,1563.602338475498,1498.7825964805356,1560.8855239846457
game_788,788,germany,serbia,0,0.5500993638264371,0.4499006361735629,0.5500993638264371,1500.3728292059257,1505.4430150341564,1498.2873282343303,1507.5285160057517
game_789,789,mexico,switzerland,0,0.5945132636686004,0.40548673633139964,0.5945132636686004,1506.9927988179513,1480.5188406443865,1502.206210339118,1485.30542912322
game_790,790,canada,kazakhstan,1,0.5895304185544009,0.4104695814455991,0.5895304185544009,1507.4697000856866,1484.579604005284,1511.9663125232414,1480.082991567729
game_791,791,uk,france,1,0.5697864142354792,0.43021358576452084,0.5697864142354792,1515.3652550755876,1506.5540674854085,1515.7305102024047,1506.1888123585913
game_792,792,morocco,uae,0,0.5856323055535004,0.41436769444649957,0.5856323055535004,1487.6082967517932,1467.512641954822,1480.1411197593309,1474.9798189472842
game_793,793,new_zealand,ethiopia,1,0.5230274018707,0.47697259812930004,0.5230274018707,1470.8788471392634,1494.8664420144885,1475.0430063876868,1490.702282766065
game_794,794,saudi_arabia,vietnam,1,0.5525311652226216,0.4474688347773784,0.5525311652226216,1475.463510334634,1478.8259158758901,1476.548876624696,1477.7405495858281
game_795,795,south_korea,netherlands,0,0.4759588408447011,0.5240411591552989,0.4759588408447011,1499.5512650153355,1556.2696651919548,1495.5171190022809,1560.3038112050094
game_796,796,rwanda,guatemala,0,0.48141679614333216,0.5185832038566678,0.48141679614333216,1443.3014948276557,1496.220378110825,1441.5090152113817,1498.0128577270991
game_797,797,mongolia,serbia,1,0.4522045785700238,0.5477954214299763,0.4522045785700238,1434.215138901008,1507.5285160057517,1435.5807843439704,1506.1628705627893
game_798,798,saudi_arabia,philippines,1,0.5037715389648858,0.4962284610351142,0.5037715389648858,1476.548876624696,1513.9280932209695,1479.069675784836,1511.4072940608296
game_799,799,thailand,panama,1,0.5262437856527277,0.47375621434727233,0.5262437856527277,1533.744585381759,1555.4917611375076,1538.6242953709998,1550.6120511482668
game_800,800,ethiopia,morocco,1,0.5722540154874799,0.4277459845125201,0.5722540154874799,1490.702282766065,1480.1411197593309,1491.3216858569751,1479.5217166684208
game_801,801,china,indonesia,1,0.5994955706495932,0.40050442935040675,0.5994955706495932,1517.1249068126613,1487.0534447396983,1518.356270993888,1485.8220805584715
game_802,802,india,new_zealand,1,0.6141749670431623,0.3858250329568377,0.6141749670431623,1515.8036900857635,1475.0430063876868,1517.6821390507948,1473.1645574226554
game_803,803,south_korea,pakistan,1,0.48001925999913264,0.5199807400008674,0.48001925999913264,1495.5171190022809,1549.4085568610294,1499.448257508027,1545.4774183552834
game_804,804,switzerland,peru,0,0.4489743773481362,0.5510256226518637,0.4489743773481362,1485.30542912322,1560.8855239846457,1481.6384529314955,1564.5525001763701
game_805,805,uk,oman,0,0.6352236365672992,0.3647763634327008,0.6352236365672992,1515.7305102024047,1459.370526066373,1514.3619397600596,1460.7390965087181
game_806,806,france,germany,0,0.5685022827159275,0.4314977172840725,0.5685022827159275,1506.1888123585913,1498.2873282343303,1504.6769837835639,1499.7991568093578
game_807,807,usa,kazakhstan,1,0.5365473293361005,0.4634526706638995,0.5365473293361005,1465.5240509153105,1480.082991567729,1469.5586736437142,1476.0483688393253
game_808,808,canada,brazil,0,0.5019500614262743,0.4980499385737257,0.5019500614262743,1511.9663125232414,1550.6112641858003,1505.9627011599237,1556.614875549118
game_809,809,iceland,vietnam,0,0.5869537048974335,0.4130462951025665,0.5869537048974335,1498.7825964805356,1477.7405495858281,1497.4127979478435,1479.1103481185203
game_810,810,mexico,singapore,0,0.588213170164484,0.41178682983551596,0.588213170164484,1502.206210339118,1480.2612936558896,1501.1030450232329,1481.3644589717746
game_811,811,netherlands,uae,1,0.6729202703604956,0.3270797296395044,0.6729202703604956,1560.3038112050094,1474.9798189472842,1560.8295838296008,1474.4540463226929
game_812,812,thailand,singapore,0,0.6364230673281444,0.36357693267185565,0.6364230673281444,1538.6242953709998,1481.3644589717746,1531.1141913443912,1488.8745629983832
game_813,813,ethiopia,serbia,0,0.5361432937500461,0.4638567062499539,0.5361432937500461,1491.3216858569751,1506.1628705627893,1490.4169237799927,1507.0676326397718
game_814,814,saudi_arabia,philippines,0,0.5110252662639402,0.4889747337360598,0.5110252662639402,1479.069675784836,1511.4072940608296,1478.2883865839576,1512.188583261708
game_815,815,usa,france,0,0.507024854161059,0.492975145838941,0.507024854161059,1469.5586736437142,1504.6769837835639,1467.8308847190276,1506.4047727082504
game_816,816,peru,india,0,0.6224748404700678,0.37752515952993215,0.6224748404700678,1564.5525001763701,1517.6821390507948,1561.1270692320022,1521.1075699951627
game_817,817,south_korea,germany,1,0.5568132262833971,0.44318677371660287,0.5568132262833971,1499.448257508027,1499.7991568093578,1505.65984154582,1493.5875727715647
game_818,818,kazakhstan,uae,1,0.5595746969239965,0.44042530307600347,0.5595746969239965,1476.0483688393253,1474.4540463226929,1477.0587982838656,1473.4436168781526
game_819,819,indonesia,iceland,0,0.540793368664185,0.45920663133581496,0.540793368664185,1485.8220805584715,1497.4127979478435,1484.3759826280243,1498.8588958782907
game_820,820,switzerland,rwanda,1,0.613313543821384,0.38668645617861597,0.613313543821384,1481.6384529314955,1441.5090152113817,1481.6114079499134,1441.5360601929638
game_821,821,canada,pakistan,1,0.5006983776407455,0.49930162235925446,0.5006983776407455,1505.9627011599237,1545.4774183552834,1509.8390480698242,1541.6010714453828
game_822,822,uk,china,1,0.5516316183435807,0.44836838165641935,0.5516316183435807,1514.3619397600596,1518.356270993888,1515.520290273181,1517.1979204807667
game_823,823,new_zealand,panama,0,0.44631644568311263,0.5536835543168874,0.44631644568311263,1473.1645574226554,1550.6120511482668,1470.7669459221781,1553.009662648744
game_824,824,vietnam,guatemala,0,0.5303244662660445,0.46967553373395554,0.5303244662660445,1479.1103481185203,1498.0128577270991,1478.199816172989,1498.9233896726305
game_825,825,morocco,netherlands,0,0.44083173287351257,0.5591682671264875,0.44083173287351257,1479.5217166684208,1560.8295838296008,1476.9323677542043,1563.4189327438173
game_826,826,mongolia,brazil,1,0.38545215172711256,0.6145478482728874,0.38545215172711256,1435.5807843439704,1556.614875549118,1437.4709778001854,1554.724682092903
game_827,827,south_korea,thailand,0,0.5209206519277308,0.47907934807226915,0.5209206519277308,1505.65984154582,1531.1141913443912,1502.7761771917008,1533.9978556985104
game_828,828,uk,morocco,0,0.6112069583777685,0.3887930416222315,0.6112069583777685,1515.520290273181,1476.9323677542043,1513.890295509851,1478.5623625175342
game_829,829,china,rwanda,0,0.6605627868536299,0.3394372131463701,0.6605627868536299,1517.1979204807667,1441.5360601929638,1515.3012585545885,1443.432722119142
game_830,830,new_zealand,mongolia,1,0.603943915307713,0.39605608469228704,0.603943915307713,1470.7669459221781,1437.4709778001854,1474.7394920515433,1433.4984316708203
game_831,831,pakistan,usa,1,0.6581169293857116,0.34188307061428835,0.6581169293857116,1541.6010714453828,1467.8308847190276,1546.921782588712,1462.5101735756984
game_832,832,vietnam,saudi_arabia,0,0.5571858416945076,0.4428141583054924,0.5571858416945076,1478.199816172989,1478.2883865839576,1475.63220247542,1480.8560002815266
game_833,833,oman,peru,0,0.4139594132453255,0.5860405867546745,0.4139594132453255,1460.7390965087181,1561.1270692320022,1455.763253886079,1566.1029118546414
game_834,834,mexico,ethiopia,1,0.5724300803877204,0.42756991961227964,0.5724300803877204,1501.1030450232329,1490.4169237799927,1502.7243862106477,1488.7955825925778
game_835,835,indonesia,kazakhstan,1,0.5676770018002713,0.43232299819972875,0.5676770018002713,1484.3759826280243,1477.0587982838656,1486.4030808322354,1475.0317000796545
game_836,836,panama,iceland,1,0.6322718217355159,0.3677281782644841,0.6322718217355159,1553.009662648744,1498.8588958782907,1554.5218140873055,1497.3467444397293
game_837,837,singapore,serbia,0,0.5313415496660633,0.4686584503339367,0.5313415496660633,1488.8745629983832,1507.0676326397718,1484.2983963937322,1511.6437992444228
game_838,838,france,switzerland,0,0.5921789971366517,0.4078210028633483,0.5921789971366517,1506.4047727082504,1481.6114079499134,1504.0715728800299,1483.944607778134
game_839,839,guatemala,uae,0,0.5931328951145308,0.4068671048854692,0.5931328951145308,1498.9233896726305,1473.4436168781526,1497.773625336863,1474.59338121392
game_840,840,canada,india,0,0.541253923817446,0.45874607618255403,0.541253923817446,1509.8390480698242,1521.1075699951627,1504.643632475824,1526.302985589163
game_841,841,philippines,brazil,0,0.496350325218991,0.5036496747810091,0.496350325218991,1512.188583261708,1554.724682092903,1511.5804325071097,1555.3328328475013
game_842,842,netherlands,germany,1,0.6529972313267204,0.3470027686732796,0.6529972313267204,1563.4189327438173,1493.5875727715647,1565.7982506433414,1491.2082548720407
game_843,843,usa,china,1,0.48160046113828264,0.5183995388617173,0.48160046113828264,1462.5101735756984,1515.3012585545885,1463.410781914351,1514.400650215936
game_844,844,saudi_arabia,thailand,1,0.48109636438432607,0.518903635615674,0.48109636438432607,1480.8560002815266,1533.9978556985104,1481.925200871263,1532.928655108774
game_845,845,kazakhstan,pakistan,0,0.45423493142887594,0.5457650685711241,0.45423493142887594,1475.0317000796545,1546.921782588712,1472.7458391390783,1549.2076435292881
game_846,846,peru,singapore,1,0.6684456078922002,0.3315543921077998,0.6684456078922002,1566.1029118546414,1484.2983963937322,1566.0660996282859,1484.3352086200878
game_847,847,germany,panama,0,0.46649935681785804,0.533500643182142,0.46649935681785804,1491.2082548720407,1554.5218140873055,1490.3893617858826,1555.3407071734637
game_848,848,indonesia,morocco,1,0.5684164730713408,0.4315835269286592,0.5684164730713408,1486.4030808322354,1478.5623625175342,1488.6323924513413,1476.3330508984284
game_849,849,india,guatemala,1,0.5973623147996637,0.40263768520033627,0.5973623147996637,1526.302985589163,1497.773625336863,1532.0785123974777,1491.9980985285483
game_850,850,mongolia,rwanda,0,0.543160352581067,0.456839647418933,0.543160352581067,1433.4984316708203,1443.432722119142,1432.4929754082827,1444.4381783816796
game_851,851,new_zealand,mexico,1,0.5172842375398149,0.4827157624601851,0.5172842375398149,1474.7394920515433,1502.7243862106477,1475.7583353138562,1501.7055429483348
game_852,852,france,ethiopia,1,0.5788840965807768,0.4211159034192232,0.5788840965807768,1504.0715728800299,1488.7955825925778,1506.186197652361,1486.6809578202467
game_853,853,oman,vietnam,1,0.5289385343697349,0.4710614656302651,0.5289385343697349,1455.763253886079,1475.63220247542,1459.621074687564,1471.7743816739348
game_854,854,serbia,canada,1,0.5672290800033266,0.4327709199966734,0.5672290800033266,1511.6437992444228,1504.643632475824,1515.1442984372156,1501.1431332830311
game_855,855,iceland,philippines,1,0.5370128725895417,0.46298712741045833,0.5370128725895417,1497.3467444397293,1511.5804325071097,1499.852168005035,1509.0750089418038
game_856,856,switzerland,uae,1,0.5705482870089371,0.4294517129910629,0.5705482870089371,1483.944607778134,1474.59338121392,1485.5330365734578,1473.0049524185963
game_857,857,brazil,south_korea,1,0.6301356831073467,0.3698643168926533,0.6301356831073467,1555.3328328475013,1502.7761771917008,1558.4254157947548,1499.6835942444472
game_858,858,saudi_arabia,germany,0,0.5452594952599362,0.4547405047400638,0.5452594952599362,1481.925200871263,1490.3893617858826,1477.2912544069613,1495.0233082501843
game_859,859,morocco,uae,0,0.5620328971601647,0.4379671028398353,0.5620328971601647,1476.3330508984284,1473.0049524185963,1475.432958870348,1473.9050444466766
game_860,860,uk,serbia,1,0.555529959572958,0.44447004042704197,0.555529959572958,1513.890295509851,1515.1442984372156,1520.258686434168,1508.7759075128986
game_861,861,thailand,netherlands,1,0.5102600364531484,0.48973996354685156,0.5102600364531484,1532.928655108774,1565.7982506433414,1534.5517271463182,1564.175178605797
game_862,862,rwanda,new_zealand,1,0.5124887002026706,0.48751129979732943,0.5124887002026706,1444.4381783816796,1475.7583353138562,1446.6220644677178,1473.574449227818
game_863,863,pakistan,philippines,1,0.6133179081850044,0.3866820918149956,0.6133179081850044,1549.2076435292881,1509.0750089418038,1550.022763406525,1508.259889064567
game_864,864,oman,france,1,0.49055315290618856,0.5094468470938114,0.49055315290618856,1459.621074687564,1506.186197652361,1461.807099025036,1504.000173314889
game_865,865,singapore,usa,0,0.5867895455177237,0.41321045448227633,0.5867895455177237,1484.3352086200878,1463.410781914351,1481.445717214564,1466.3002733198748
game_866,866,panama,indonesia,1,0.6489125073546378,0.3510874926453622,0.6489125073546378,1555.3407071734637,1488.6323924513413,1557.190303327407,1486.782796297398
game_867,867,mexico,south_korea,0,0.560181274591154,0.43981872540884603,0.560181274591154,1501.7055429483348,1499.6835942444472,1499.6488133102296,1501.7403238825525
game_868,868,guatemala,india,1,0.4998842751421498,0.5001157248578503,0.4998842751421498,1491.9980985285483,1532.0785123974777,1494.2936774449493,1529.7829334810767
game_869,869,iceland,china,0,0.5365622997959406,0.4634377002040594,0.5365622997959406,1499.852168005035,1514.400650215936,1497.4605460828484,1516.7922721381226
game_870,870,switzerland,brazil,0,0.45280497632252437,0.5471950236774756,0.45280497632252437,1485.5330365734578,1558.4254157947548,1482.5201588871632,1561.4382934810494
game_871,871,kazakhstan,mongolia,0,0.6134820318017179,0.3865179681982821,0.6134820318017179,1472.7458391390783,1432.4929754082827,1465.7564409334373,1439.4823736139238
game_872,872,ethiopia,vietnam,1,0.5783656128068154,0.4216343871931846,0.5783656128068154,1486.6809578202467,1471.7743816739348,1488.834072131428,1469.6212673627535
game_873,873,india,pakistan,1,0.5284065484590077,0.4715934515409923,0.5284065484590077,1529.7829334810767,1550.022763406525,1530.1828463156555,1549.6228505719462
game_874,874,saudi_arabia,china,0,0.5007180927149651,0.49928190728503485,0.5007180927149651,1477.2912544069613,1516.7922721381226,1475.6752522352588,1518.4082743098252
game_875,875,peru,uk,1,0.6210358443672391,0.37896415563276087,0.6210358443672391,1566.0660996282859,1520.258686434168,1568.1804980763222,1518.1442879861318
game_876,876,iceland,morocco,1,0.5883284346119357,0.41167156538806426,0.5883284346119357,1497.4605460828484,1475.432958870348,1498.7031956576225,1474.190309295574
game_877,877,serbia,canada,1,0.5681227965005956,0.4318772034994044,0.5681227965005956,1508.7759075128986,1501.1431332830311,1511.5545152592088,1498.364525536721
game_878,878,kazakhstan,germany,0,0.5154413077857,0.48455869221430004,0.5154413077857,1465.7564409334373,1495.0233082501843,1464.6031066488965,1496.176642534725
game_879,879,rwanda,oman,1,0.5356510046892665,0.4643489953107335,0.5356510046892665,1446.6220644677178,1461.807099025036,1450.5072411403885,1457.9219223523653
game_880,880,south_korea,usa,0,0.6068923272915648,0.39310767270843516,0.6068923272915648,1501.7403238825525,1466.3002733198748,1499.8582659261378,1468.1823312762895
game_881,881,guatemala,new_zealand,0,0.5865031092553623,0.4134968907446377,0.5865031092553623,1494.2936774449493,1473.574449227818,1493.2108172978408,1474.6573093749264
game_882,882,panama,mexico,0,0.6367981414669828,0.36320185853301723,0.6367981414669828,1557.190303327407,1499.6488133102296,1555.422896964857,1501.4162196727796
game_883,883,brazil,philippines,1,0.6309694495999973,0.36903055040000265,0.6309694495999973,1561.4382934810494,1508.259889064567,1562.7955505483733,1506.9026319972431
game_884,884,vietnam,ethiopia,0,0.5298795341970908,0.4701204658029092,0.5298795341970908,1469.6212673627535,1488.834072131428,1467.3925673797128,1491.0627721144688
game_885,885,uae,switzerland,0,0.5450440272062519,0.4549559727937481,0.5450440272062519,1473.9050444466766,1482.5201588871632,1472.8229297749867,1483.602273558853
game_886,886,indonesia,netherlands,1,0.44639484444126465,0.5536051555587354,0.44639484444126465,1486.782796297398,1564.175178605797,1489.2816192712207,1561.6763556319743
game_887,887,france,singapore,0,0.5890628001694891,0.4109371998305109,0.5890628001694891,1504.000173314889,1481.445717214564,1502.2829609866196,1483.1629295428334
game_888,888,mongolia,thailand,0,0.421405902908849,0.578594097091151,0.421405902908849,1439.4823736139238,1534.5517271463182,1434.895324490384,1539.138776269858
game_889,889,saudi_arabia,rwanda,0,0.5926997279535288,0.40730027204647123,0.5926997279535288,1475.6752522352588,1450.5072411403885,1473.2497268780016,1452.9327664976456
game_890,890,thailand,uae,1,0.6483976254220332,0.35160237457796684,0.6483976254220332,1539.138776269858,1472.8229297749867,1544.6066918076253,1467.3550142372194
game_891,891,usa,panama,1,0.43243124443987596,0.5675687555601241,0.43243124443987596,1468.1823312762895,1555.422896964857,1469.844663325942,1553.7605649152044
game_892,892,oman,new_zealand,0,0.5334305194363723,0.4665694805636277,0.5334305194363723,1457.9219223523653,1474.6573093749264,1456.2020498507284,1476.3771818765633
game_893,893,germany,serbia,0,0.5353748882466746,0.46462511175332544,0.5353748882466746,1496.176642534725,1511.5545152592088,1494.893271813095,1512.8378859808388
game_894,894,morocco,peru,0,0.42292130805180206,0.5770786919481979,0.42292130805180206,1474.190309295574,1568.1804980763222,1471.4357700417856,1570.9350373301106
game_895,895,singapore,pakistan,0,0.4619945615424367,0.5380054384575633,0.4619945615424367,1483.1629295428334,1549.6228505719462,1478.6787380381663,1554.1070420766132
game_896,896,indonesia,india,1,0.49870303293519114,0.5012969670648089,0.49870303293519114,1489.2816192712207,1530.1828463156555,1492.0742367667858,1527.3902288200904
game_897,897,kazakhstan,guatemala,0,0.5163889491075673,0.4836110508924327,0.5163889491075673,1464.6031066488965,1493.2108172978408,1458.0014451325378,1499.8124788141995
game_898,898,china,switzerland,1,0.6060212208382487,0.3939787791617513,0.6060212208382487,1518.4082743098252,1483.602273558853,1523.4436149655269,1478.5669329031514
game_899,899,mexico,philippines,0,0.5495063086546581,0.4504936913453419,0.5495063086546581,1501.4162196727796,1506.9026319972431,1500.5191576917045,1507.7996939783181
game_900,900,mongolia,iceland,0,0.4657912461862388,0.5342087538137612,0.4657912461862388,1434.895324490384,1498.7031956576225,1433.7185753969054,1499.879944751101
game_901,901,vietnam,france,1,0.5073527846036419,0.49264721539635814,0.5073527846036419,1467.3925673797128,1502.2829609866196,1469.2108050889606,1500.4647232773718
game_902,902,netherlands,uk,1,0.6179483890367485,0.38205161096325146,0.6179483890367485,1561.6763556319743,1518.1442879861318,1562.06376456581,1517.756879052296
game_903,903,brazil,canada,1,0.6459201195665729,0.3540798804334271,0.6459201195665729,1562.7955505483733,1498.364525536721,1565.618590257617,1495.5414858274773
game_904,904,south_korea,ethiopia,1,0.5697642689050416,0.4302357310949584,0.5697642689050416,1499.8582659261378,1491.0627721144688,1500.6758498927572,1490.2451881478494
game_905,905,uk,india,1,0.5435901817322522,0.45640981826774785,0.5435901817322522,1517.756879052296,1527.3902288200904,1524.1024459386517,1521.0446619337347
game_906,906,panama,saudi_arabia,0,0.6667930918883413,0.33320690811165865,0.6667930918883413,1553.7605649152044,1473.2497268780016,1551.5141647488451,1475.496127044361
game_907,907,china,morocco,1,0.629399080883845,0.370600919116155,0.629399080883845,1523.4436149655269,1471.4357700417856,1528.725601110814,1466.1537838964985
game_908,908,germany,canada,0,0.5563908392699076,0.4436091607300924,0.5563908392699076,1494.893271813095,1495.5414858274773,1490.9352257605258,1499.4995318800466
game_909,909,serbia,indonesia,0,0.5865651214293405,0.4134348785706595,0.5865651214293405,1512.8378859808388,1492.0742367667858,1508.7108334589618,1496.2012892886628
game_910,910,singapore,new_zealand,1,0.5605777941292673,0.43942220587073266,0.5605777941292673,1478.6787380381663,1476.3771818765633,1479.4225646255247,1475.633355289205
game_911,911,kazakhstan,peru,0,0.3965551557136454,0.6034448442863546,0.3965551557136454,1458.0014451325378,1570.9350373301106,1453.0541251843288,1575.8823572783197
game_912,912,philippines,south_korea,1,0.5674038397901288,0.43259616020987124,0.5674038397901288,1507.7996939783181,1500.6758498927572,1508.8214017225869,1499.6541421484885
game_913,913,iceland,rwanda,0,0.6225787506120203,0.3774212493879797,0.6225787506120203,1499.879944751101,1452.9327664976456,1498.4588755545842,1454.3538356941624
game_914,914,mongolia,thailand,0,0.3993762363859522,0.6006237636140478,0.3993762363859522,1433.7185753969054,1544.6066918076253,1431.5444340190604,1546.7808331854703
game_915,915,ethiopia,switzerland,1,0.5738273326732158,0.42617266732678416,0.5738273326732158,1490.2451881478494,1478.5669329031514,1490.452798635154,1478.3593224158467
game_916,916,oman,netherlands,1,0.40633662548985366,0.5936633745101463,0.40633662548985366,1456.2020498507284,1562.06376456581,1457.7542741178315,1560.511540298707
game_917,917,guatemala,mexico,0,0.5563077701996547,0.4436922298003453,0.5563077701996547,1499.8124788141995,1500.5191576917045,1496.7603236323562,1503.5713128735479
game_918,918,pakistan,vietnam,1,0.6723780784347445,0.3276219215652555,0.6723780784347445,1554.1070420766132,1469.2108050889606,1555.2747608866075,1468.0430862789663
game_919,919,usa,brazil,1,0.4204173098837942,0.5795826901162058,0.4204173098837942,1469.844663325942,1565.618590257617,1473.6131680206913,1561.8500855628677
game_920,920,uae,france,0,0.5099146260004752,0.4900853739995248,0.5099146260004752,1467.3550142372194,1500.4647232773718,1464.9363983084277,1502.8833392061636
game_921,921,usa,china,0,0.4782651662065412,0.5217348337934589,0.4782651662065412,1473.6131680206913,1528.725601110814,1466.6062383078815,1535.7325308236238
game_922,922,pakistan,ethiopia,0,0.6464346369214113,0.35356536307858866,0.6464346369214113,1555.2747608866075,1490.452798635154,1552.7660513247044,1492.9615081970571
game_923,923,saudi_arabia,guatemala,0,0.5269368826697016,0.4730631173302984,0.5269368826697016,1475.496127044361,1496.7603236323562,1473.7517657686371,1498.50468490808
game_924,924,south_korea,peru,1,0.44805154782773776,0.5519484521722622,0.44805154782773776,1499.6541421484885,1575.8823572783197,1501.4307850938644,1574.1057143329438
game_925,925,rwanda,kazakhstan,1,0.5591566931080683,0.44084330689193174,0.5591566931080683,1454.3538356941624,1453.0541251843288,1458.4790580136557,1448.9289028648354
game_926,926,mongolia,india,1,0.42924156446811057,0.5707584355318894,0.42924156446811057,1431.5444340190604,1521.0446619337347,1432.8974102352602,1519.691685717535
game_927,927,indonesia,uae,1,0.6011439117777586,0.3988560882222414,0.6011439117777586,1496.2012892886628,1464.9363983084277,1499.2904294549608,1461.8472581421297
game_928,928,morocco,switzerland,1,0.5399143335104515,0.4600856664895485,0.5399143335104515,1466.1537838964985,1478.3593224158467,1467.2015738190712,1477.311532493274
game_929,929,thailand,mexico,1,0.6175099407382868,0.3824900592617132,0.6175099407382868,1546.7808331854703,1503.5713128735479,1548.561562269495,1501.7905837895232
game_930,930,oman,uk,1,0.4621544563218416,0.5378455436781584,0.4621544563218416,1457.7542741178315,1524.1024459386517,1460.6061439097357,1521.2505761467476
game_931,931,panama,vietnam,1,0.6705683328333987,0.3294316671666013,0.6705683328333987,1551.5141647488451,1468.0430862789663,1556.141662298646,1463.4155887291654
game_932,932,new_zealand,canada,1,0.5232017633938691,0.47679823660613085,0.5232017633938691,1475.633355289205,1499.4995318800466,1477.596535444463,1497.5363517247886
game_933,933,philippines,serbia,0,0.5574686579473883,0.4425313420526117,0.5574686579473883,1508.8214017225869,1508.7108334589618,1506.0223632231587,1511.50987195839
game_934,934,germany,france,1,0.5402824153050522,0.45971758469494783,0.5402824153050522,1490.9352257605258,1502.8833392061636,1491.6973648612127,1502.1212001054766
game_935,935,netherlands,brazil,1,0.5554097907931914,0.4445902092068086,0.5554097907931914,1560.511540298707,1561.8500855628677,1564.3127387726609,1558.0488870889137
game_936,936,iceland,singapore,0,0.5841517351381665,0.41584826486183346,0.5841517351381665,1498.4588755545842,1479.4225646255247,1496.4620788273164,1481.4193613527925
game_937,937,iceland,thailand,1,0.4825944794567755,0.5174055205432244,0.4825944794567755,1496.4620788273164,1548.561562269495,1497.1283286976015,1547.8953123992098
game_938,938,morocco,canada,1,0.5139057857332701,0.48609421426672994,0.5139057857332701,1467.2015738190712,1497.5363517247886,1468.430487018387,1496.3074385254727
game_939,939,rwanda,indonesia,1,0.49883234475665883,0.5011676552433412,0.49883234475665883,1458.4790580136557,1499.2904294549608,1463.9172055441345,1493.852281924482
game_940,940,france,mongolia,1,0.6522043131341537,0.3477956868658463,0.6522043131341537,1502.1212001054766,1432.8974102352602,1504.0117243647396,1431.0068859759972
game_941,941,peru,uae,0,0.7060902114015489,0.29390978859845107,0.7060902114015489,1574.1057143329438,1461.8472581421297,1572.0230382039188,1463.9299342711547
game_942,942,usa,new_zealand,1,0.5416515693911461,0.4583484306088539,0.5416515693911461,1466.6062383078815,1477.596535444463,1467.6504144264954,1476.552359325849
game_943,943,south_korea,saudi_arabia,1,0.5961844181645991,0.4038155818354009,0.5961844181645991,1501.4307850938644,1473.7517657686371,1503.144332174503,1472.0382186879986
game_944,944,china,netherlands,0,0.5164284860477492,0.48357151395225084,0.5164284860477492,1535.7325308236238,1564.3127387726609,1533.0958125663058,1566.949457029979
game_945,945,pakistan,germany,0,0.6414810503098339,0.35851894969016607,0.6414810503098339,1552.7660513247044,1491.6973648612127,1550.9648975406435,1493.4985186452736
game_946,946,oman,philippines,0,0.4922060651959968,0.5077939348040033,0.4922060651959968,1460.6061439097357,1506.0223632231587,1458.0178999685718,1508.6106071643226
game_947,947,india,singapore,1,0.6107751564701792,0.3892248435298208,0.6107751564701792,1519.691685717535,1481.4193613527925,1523.8090345547123,1477.3020125156152
game_948,948,ethiopia,panama,1,0.46669048526132273,0.5333095147386773,0.46669048526132273,1492.9615081970571,1556.141662298646,1498.8391862206859,1550.2639842750173
game_949,949,serbia,brazil,1,0.4905907117409881,0.5094092882590119,0.4905907117409881,1511.50987195839,1558.0488870889137,1513.1355396146503,1556.4232194326535
game_950,950,vietnam,guatemala,1,0.5070668880817458,0.4929331119182542,0.5070668880817458,1463.4155887291654,1498.50468490808,1464.014032414441,1497.9062412228043
game_951,951,mexico,kazakhstan,1,0.6305448200417599,0.36945517995824007,0.6305448200417599,1501.7905837895232,1448.9289028648354,1503.8267183534447,1446.892768300914
game_952,952,uk,switzerland,1,0.6185013297351497,0.3814986702648503,0.6185013297351497,1521.2505761467476,1477.311532493274,1523.3462903465054,1475.2158182935161
game_953,953,thailand,peru,1,0.5228261612649272,0.4771738387350728,0.5228261612649272,1547.8953123992098,1572.0230382039188,1551.138125404341,1568.7802251987875
game_954,954,saudi_arabia,usa,1,0.5635338898307127,0.43646611016928727,0.5635338898307127,1472.0382186879986,1467.6504144264954,1476.103135383378,1463.585497731116
game_955,955,morocco,mongolia,1,0.6096130712087058,0.3903869287912942,0.6096130712087058,1468.430487018387,1431.0068859759972,1470.3867258365144,1429.05064715787
game_956,956,guatemala,rwanda,0,0.6048978176780246,0.39510218232197536,0.6048978176780246,1497.9062412228043,1463.9172055441345,1495.640163565751,1466.1832832011878
game_957,957,iceland,pakistan,1,0.48009809725967273,0.5199019027403273,0.48009809725967273,1497.1283286976015,1550.9648975406435,1503.5580212854513,1544.5352049527937
game_958,958,singapore,indonesia,1,0.5336957246851365,0.4663042753148635,0.5336957246851365,1477.3020125156152,1493.852281924482,1478.0417808861444,1493.1125135539528
game_959,959,south_korea,germany,1,0.5709637419335009,0.42903625806649914,0.5709637419335009,1503.144332174503,1493.4985186452736,1507.2745199832946,1489.368330836482
game_960,960,china,kazakhstan,0,0.6740330437559378,0.32596695624406224,0.6740330437559378,1533.0958125663058,1446.892768300914,1529.0828243027302,1450.9057565644896
game_961,961,philippines,ethiopia,0,0.5711408552425461,0.4288591447574539,0.5711408552425461,1508.6106071643226,1498.8391862206859,1505.7082565283852,1501.7415368566233
game_962,962,serbia,uae,0,0.6256286447792593,0.3743713552207407,0.6256286447792593,1513.1355396146503,1463.9299342711547,1510.4237974047267,1466.6416764810783
game_963,963,canada,mexico,1,0.5466078114849496,0.45339218851505037,0.5466078114849496,1496.3074385254727,1503.8267183534447,1498.010888633568,1502.1232682453494
game_964,964,netherlands,switzerland,1,0.6809888291704337,0.3190111708295663,0.6809888291704337,1566.949457029979,1475.2158182935161,1568.2978804489264,1473.8673948745686
game_965,965,vietnam,new_zealand,0,0.5394384282521847,0.4605615717478153,0.5394384282521847,1464.014032414441,1476.552359325849,1462.3985840352946,1478.1678077049955
game_966,966,oman,india,1,0.46295160068191177,0.5370483993180882,0.46295160068191177,1458.0178999685718,1523.8090345547123,1463.1033678360523,1518.7235666872318
game_967,967,france,brazil,0,0.4821460169004408,0.5178539830995592,0.4821460169004408,1504.0117243647396,1556.4232194326535,1502.4319074618827,1558.0030363355104
game_968,968,uk,panama,1,0.5188180591613611,0.48118194083863886,0.5188180591613611,1523.3462903465054,1550.2639842750173,1526.5603308491268,1547.0499437723959
game_969,969,new_zealand,rwanda,1,0.5742584240070949,0.4257415759929051,0.5742584240070949,1478.1678077049955,1466.1832832011878,1479.8356363793598,1464.5154545268235
game_970,970,china,oman,0,0.6479560379877688,0.3520439620122312,0.6479560379877688,1529.0828243027302,1463.1033678360523,1526.607118942501,1465.5790731962813
game_971,971,ethiopia,germany,1,0.574805352679485,0.42519464732051504,0.574805352679485,1501.7415368566233,1489.368330836482,1503.6981130090303,1487.411754684075
game_972,972,philippines,morocco,1,0.6067295470492453,0.3932704529507547,0.6067295470492453,1505.7082565283852,1470.3867258365144,1510.7172817755516,1465.377700589348
game_973,973,france,serbia,1,0.5459334956152039,0.4540665043847961,0.5459334956152039,1502.4319074618827,1510.4237974047267,1504.4456621971733,1508.410042669436
game_974,974,pakistan,panama,0,0.5537372788758455,0.44626272112415455,0.5537372788758455,1544.5352049527937,1547.0499437723959,1542.9452453206336,1548.639903404556
game_975,975,netherlands,saudi_arabia,0,0.6815651891497623,0.3184348108502377,0.6815651891497623,1568.2978804489264,1476.103135383378,1563.6437086254625,1480.757307206842
game_976,976,guatemala,indonesia,0,0.5608983679375861,0.4391016320624139,0.5608983679375861,1495.640163565751,1493.1125135539528,1494.250215831904,1494.5024612877999
game_977,977,india,brazil,1,0.501036925042769,0.498963074957231,0.501036925042769,1518.7235666872318,1558.0030363355104,1520.4014929666089,1556.3251100561333
game_978,978,usa,iceland,0,0.50003954178379,0.49996045821621005,0.50003954178379,1463.585497731116,1503.5580212854513,1462.078810370074,1505.0647086464933
game_979,979,uk,south_korea,1,0.5845005814541382,0.4154994185458618,0.5845005814541382,1526.5603308491268,1507.2745199832946,1530.7443134537339,1503.0905373786875
game_980,980,vietnam,canada,1,0.5063140655992224,0.49368593440077757,0.5063140655992224,1462.3985840352946,1498.010888633568,1466.861912648569,1493.5475600202935
game_981,981,mongolia,mexico,1,0.4525479110574948,0.5474520889425052,0.4525479110574948,1429.05064715787,1502.1232682453494,1429.8811737941692,1501.2927416090502
game_982,982,switzerland,peru,0,0.4216256078264639,0.578374392173536,0.4216256078264639,1473.8673948745686,1568.7802251987875,1468.4659551011212,1574.181664972235
game_983,983,singapore,uae,1,0.5734357223387074,0.42656427766129257,0.5734357223387074,1478.0417808861444,1466.6416764810783,1478.9631095127647,1465.720347854458
game_984,984,kazakhstan,thailand,0,0.41417673090979906,0.585823269090201,0.41417673090979906,1450.9057565644896,1551.138125404341,1448.687547507171,1553.3563344616596
game_985,985,india,iceland,0,0.5789694061831618,0.42103059381683816,0.5789694061831618,1520.4014929666089,1505.0647086464933,1518.5412233921318,1506.9249782209704
game_986,986,morocco,panama,1,0.43806047684360105,0.561939523156399,0.43806047684360105,1465.377700589348,1548.639903404556,1468.4777967626205,1545.5398072312835
game_987,987,saudi_arabia,serbia,1,0.5177616651876731,0.4822383348123269,0.5177616651876731,1480.757307206842,1508.410042669436,1485.213226916324,1503.954122959954
game_988,988,mongolia,peru,0,0.35425175295692946,0.6457482470430705,0.35425175295692946,1429.8811737941692,1574.181664972235,1429.0523213554175,1575.0105174109867
game_989,989,germany,ethiopia,0,0.5340737789434422,0.4659262210565578,0.5340737789434422,1487.411754684075,1503.6981130090303,1485.8614487842938,1505.2484189088116
game_990,990,usa,rwanda,1,0.5538483652839695,0.4461516347160305,0.5538483652839695,1462.078810370074,1464.5154545268235,1466.9253760377403,1459.6688888591573
game_991,991,new_zealand,china,0,0.4902562869499486,0.5097437130500514,0.4902562869499486,1479.8356363793598,1526.607118942501,1477.2515371328038,1529.191218189057
game_992,992,philippines,pakistan,1,0.5111829942746917,0.4888170057253083,0.5111829942746917,1510.7172817755516,1542.9452453206336,1512.692564060206,1540.9699630359792
game_993,993,uk,singapore,0,0.62909471217573,0.37090528782427,0.62909471217573,1530.7443134537339,1478.9631095127647,1529.4739227267141,1480.2335002397845
game_994,994,france,guatemala,0,0.5717386194015482,0.42826138059845176,0.5717386194015482,1504.4456621971733,1494.250215831904,1502.0001601554536,1496.6957178736236
game_995,995,vietnam,mexico,1,0.508013995023495,0.491986004976505,0.508013995023495,1466.861912648569,1501.2927416090502,1468.5597466770055,1499.5949075806136
game_996,996,kazakhstan,indonesia,0,0.4916324476628901,0.5083675523371098,0.4916324476628901,1448.687547507171,1494.5024612877999,1441.717342827106,1501.472665967865
game_997,997,canada,south_korea,0,0.5437192466719148,0.45628075332808515,0.5437192466719148,1493.5475600202935,1503.0905373786875,1488.8990848581518,1507.7390125408292
game_998,998,switzerland,uae,1,0.5612073569069413,0.43879264309305865,0.5612073569069413,1468.4659551011212,1465.720347854458,1471.9627119532772,1462.2235910023019
game_999,999,oman,thailand,0,0.4316731413564074,0.5683268586435926,0.4316731413564074,1465.5790731962813,1553.3563344616596,1463.6705590448685,1555.2648486130724
game_1000,1000,brazil,netherlands,1,0.5468940901278975,0.45310590987210253,0.5468940901278975,1556.3251100561333,1563.6437086254625,1562.2103135138827,1557.758505167713
game_1001,1001,india,morocco,0,0.6267844949375373,0.3732155050624627,0.6267844949375373,1518.5412233921318,1468.4777967626205,1515.8448660948216,1471.1741540599307
game_1002,1002,peru,saudi_arabia,0,0.6785624561703857,0.3214375438296143,0.6785624561703857,1575.0105174109867,1485.213226916324,1573.057621312779,1487.1661230145316
game_1003,1003,china,pakistan,1,0.5405245647345718,0.4594754352654282,0.5405245647345718,1529.191218189057,1540.9699630359792,1529.7251670317678,1540.4360141932684
game_1004,1004,switzerland,uk,0,0.47482065930044587,0.5251793406995542,0.47482065930044587,1471.9627119532772,1529.4739227267141,1467.0722953552495,1534.3643393247419
game_1005,1005,serbia,philippines,1,0.5448679806670261,0.45513201933297387,0.5448679806670261,1503.954122959954,1512.692564060206,1505.4232852044568,1511.2234018157033
game_1006,1006,germany,canada,1,0.5529933415391758,0.4470066584608242,0.5529933415391758,1485.8614487842938,1488.8990848581518,1491.029803932814,1483.7307297096315
game_1007,1007,guatemala,ethiopia,1,0.5451331169066973,0.4548668830933027,0.5451331169066973,1496.6957178736236,1505.2484189088116,1500.5079455996872,1501.436191182748
game_1008,1008,south_korea,oman,1,0.6186770890357353,0.38132291096426474,0.6186770890357353,1507.7390125408292,1463.6705590448685,1510.8869477782562,1460.5226238074415
game_1009,1009,mongolia,new_zealand,0,0.4882025699953048,0.5117974300046952,0.4882025699953048,1429.0523213554175,1477.2515371328038,1422.755998203583,1483.5478602846383
game_1010,1010,netherlands,iceland,0,0.6278209158992446,0.3721790841007554,0.6278209158992446,1557.758505167713,1506.9249782209704,1552.7783701746657,1511.905113214018
game_1011,1011,indonesia,uae,1,0.6121109820092497,0.38788901799075026,0.6121109820092497,1501.472665967865,1462.2235910023019,1503.091452916084,1460.6048040540827
game_1012,1012,mexico,usa,1,0.6030810391839087,0.39691896081609135,0.6030810391839087,1499.5949075806136,1466.9253760377403,1501.7456894384861,1464.7745941798678
game_1013,1013,panama,rwanda,1,0.6736128422622449,0.32638715773775506,0.6736128422622449,1545.5398072312835,1459.6688888591573,1549.4072679791245,1455.8014281113162
game_1014,1014,kazakhstan,france,0,0.4708437940506057,0.5291562059493943,0.4708437940506057,1441.717342827106,1502.0001601554536,1435.0864664155365,1508.631036567023
game_1015,1015,brazil,singapore,1,0.6686653856486372,0.3313346143513628,0.6686653856486372,1562.2103135138827,1480.2335002397845,1564.0119713081233,1478.431842445544
game_1016,1016,thailand,vietnam,1,0.6746677099786185,0.32533229002138153,0.6746677099786185,1555.2648486130724,1468.5597466770055,1556.976440643505,1466.848154646573
game_1017,1017,thailand,switzerland,1,0.6786966054742685,0.32130339452573153,0.6786966054742685,1556.976440643505,1467.0722953552495,1561.578043351909,1462.4706926468455
game_1018,1018,ethiopia,france,0,0.5470706128082792,0.4529293871917208,0.5470706128082792,1501.436191182748,1508.631036567023,1498.1240422526796,1511.9431854970915
game_1019,1019,rwanda,germany,1,0.5068664874795685,0.49313351252043147,0.5068664874795685,1455.8014281113162,1491.029803932814,1457.6062020940308,1489.2250299500995
game_1020,1020,canada,saudi_arabia,1,0.5524272845134826,0.44757271548651745,0.5524272845134826,1483.7307297096315,1487.1661230145316,1485.2810018086664,1485.6158509154968
game_1021,1021,philippines,kazakhstan,1,0.6611757023572581,0.3388242976427419,0.6611757023572581,1511.2234018157033,1435.0864664155365,1511.2756749761083,1435.0341932551314
game_1022,1022,netherlands,india,0,0.6089414548251512,0.39105854517484884,0.6089414548251512,1552.7783701746657,1515.8448660948216,1551.5540638009488,1517.0691724685385
game_1023,1023,iceland,uk,0,0.5252217773679236,0.47477822263207636,0.5252217773679236,1511.905113214018,1534.3643393247419,1507.6590445017102,1538.6104080370496
game_1024,1024,uae,new_zealand,0,0.52452721325277,0.47547278674723004,0.52452721325277,1460.6048040540827,1483.5478602846383,1454.8146432922065,1489.3380210465145
game_1025,1025,vietnam,peru,0,0.4058538225207031,0.5941461774792969,0.4058538225207031,1466.848154646573,1573.057621312779,1466.7193077111228,1573.1864682482292
game_1026,1026,serbia,china,0,0.5225760472469191,0.4774239527530809,0.5225760472469191,1505.4232852044568,1529.7251670317678,1499.7150815703717,1535.4333706658529
game_1027,1027,mexico,guatemala,0,0.5590687623530683,0.44093123764693165,0.5590687623530683,1501.7456894384861,1500.5079455996872,1497.5578478033722,1504.6957872348012
game_1028,1028,indonesia,mongolia,1,0.6665687438969534,0.3334312561030466,0.6665687438969534,1503.091452916084,1422.755998203583,1507.3494916560976,1418.4979594635695
game_1029,1029,morocco,singapore,1,0.5469809744503284,0.45301902554967155,0.5469809744503284,1471.1741540599307,1478.431842445544,1474.1636828571961,1475.4423136482785
game_1030,1030,panama,pakistan,0,0.5700122660454405,0.42998773395455947,0.5700122660454405,1549.4072679791245,1540.4360141932684,1547.6994402719538,1542.1438419004392
game_1031,1031,brazil,usa,1,0.6902984123546437,0.30970158764535627,0.6902984123546437,1564.0119713081233,1464.7745941798678,1563.5537732028495,1465.2327922851416
game_1032,1032,ethiopia,saudi_arabia,0,0.574995252937781,0.425004747062219,0.574995252937781,1498.1240422526796,1485.6158509154968,1495.3149938216152,1488.4248993465612
game_1033,1033,serbia,oman,1,0.6120335968598549,0.3879664031401451,0.6120335968598549,1499.7150815703717,1460.5226238074415,1501.799396269937,1458.4383091078762
game_1034,1034,uk,usa,1,0.6576082904930016,0.3423917095069984,0.6576082904930016,1538.6104080370496,1465.2327922851416,1540.1950425450862,1463.648157777105
game_1035,1035,south_korea,kazakhstan,1,0.6608091327911648,0.3391908672088352,0.6608091327911648,1510.8869477782562,1435.0341932551314,1512.678347196377,1433.2427938370106
game_1036,1036,mongolia,morocco,0,0.4774704777390152,0.5225295222609848,0.4774704777390152,1418.4979594635695,1474.1636828571961,1416.6672767429905,1475.9943655777752
game_1037,1037,iceland,netherlands,0,0.4943948514592054,0.5056051485407946,0.4943948514592054,1507.6590445017102,1551.5540638009488,1502.4930002344972,1556.7201080681618
game_1038,1038,guatemala,canada,1,0.5846808781866178,0.41531912181338215,0.5846808781866178,1504.6957872348012,1485.2810018086664,1508.8459476029295,1481.130841440538
game_1039,1039,germany,vietnam,1,0.5889948900610801,0.4110051099389199,0.5889948900610801,1489.2250299500995,1466.7193077111228,1495.055279387975,1460.8890582732474
game_1040,1040,singapore,thailand,0,0.4339928604759281,0.5660071395240719,0.4339928604759281,1475.4423136482785,1561.578043351909,1473.6645540867717,1563.3558029134158
game_1041,1041,france,pakistan,0,0.514098650715592,0.485901349284408,0.514098650715592,1511.9431854970915,1542.1438419004392,1509.1787071995582,1544.9083201979724
game_1042,1042,china,peru,0,0.5032335074289619,0.4967664925710381,0.5032335074289619,1535.4333706658529,1573.1864682482292,1532.7578975716388,1575.8619413424433
game_1043,1043,philippines,uae,0,0.6353584088686876,0.36464159113131245,0.6353584088686876,1511.2756749761083,1454.8146432922065,1509.5346096494475,1456.5557086188674
game_1044,1044,brazil,mexico,1,0.6479776630568785,0.35202233694312146,0.6479776630568785,1563.5537732028495,1497.5578478033722,1564.6432242093595,1496.4683967968622
game_1045,1045,rwanda,panama,0,0.42840544813941955,0.5715945518605805,0.42840544813941955,1457.6062020940308,1547.6994402719538,1455.3011642966026,1550.004478069382
game_1046,1046,switzerland,india,0,0.4790034537223583,0.5209965462776417,0.4790034537223583,1462.4706926468455,1517.0691724685385,1461.9131388960525,1517.6267262193314
game_1047,1047,thailand,brazil,0,0.5554824593598695,0.4445175406401305,0.5554824593598695,1563.3558029134158,1564.6432242093595,1562.2713735093153,1565.72765361346
game_1048,1048,mexico,france,0,0.539192454390231,0.460807545609769,0.539192454390231,1496.4683967968622,1509.1787071995582,1495.469778477844,1510.1773255185763
game_1049,1049,uk,saudi_arabia,1,0.6290798554670929,0.3709201445329071,0.6290798554670929,1540.1950425450862,1488.4248993465612,1543.6078950420076,1485.0120468496398
game_1050,1050,oman,indonesia,1,0.48717858880714865,0.5128214111928513,0.48717858880714865,1458.4383091078762,1507.3494916560976,1462.6572007233221,1503.1306000406516
game_1051,1051,peru,germany,0,0.6671713346524994,0.33282866534750055,0.6671713346524994,1575.8619413424433,1495.055279387975,1574.3116101988853,1496.6056105315329
game_1052,1052,new_zealand,guatemala,0,0.5294563151398721,0.4705436848601279,0.5294563151398721,1489.3380210465145,1508.8459476029295,1484.177991588505,1514.0059770609391
game_1053,1053,rwanda,mongolia,0,0.6112698332739736,0.38873016672602645,0.6112698332739736,1455.3011642966026,1416.6672767429905,1451.1294452243044,1420.8389958152886
game_1054,1054,serbia,ethiopia,0,0.5665001095493184,0.4334998904506816,0.5665001095493184,1501.799396269937,1495.3149938216152,1497.2053162208365,1499.9090738707157
game_1055,1055,uae,china,0,0.44808859848856847,0.5519114015114315,0.44808859848856847,1456.5557086188674,1532.7578975716388,1456.076982250424,1533.2366239400822
game_1056,1056,usa,netherlands,0,0.4242118786356763,0.5757881213643237,0.4242118786356763,1463.648157777105,1556.7201080681618,1463.3915986449535,1556.9766672003134
game_1057,1057,pakistan,kazakhstan,1,0.7053813873968837,0.2946186126031163,0.7053813873968837,1544.9083201979724,1433.2427938370106,1547.8321314203874,1430.3189826145956
game_1058,1058,switzerland,canada,1,0.5298725108962954,0.4701274891037046,0.5298725108962954,1461.9131388960525,1481.130841440538,1465.7949311636028,1477.2490491729877
game_1059,1059,singapore,south_korea,1,0.5014192619909829,0.49858073800901714,0.5014192619909829,1473.6645540867717,1512.678347196377,1476.185123966787,1510.1577773163617
game_1060,1060,vietnam,panama,1,0.4297843420853314,0.5702156579146687,0.4297843420853314,1460.8890582732474,1550.004478069382,1466.1240780012129,1544.7694583414166
game_1061,1061,morocco,philippines,1,0.5092952650047682,0.4907047349952318,0.5092952650047682,1475.9943655777752,1509.5346096494475,1480.0779323077504,1505.4510429194722
game_1062,1062,rwanda,singapore,0,0.5214933535166416,0.4785066464833584,0.5214933535166416,1451.1294452243044,1476.185123966787,1447.206672741749,1480.1078964493424
game_1063,1063,serbia,saudi_arabia,1,0.574552179596108,0.42544782040389195,0.574552179596108,1497.2053162208365,1485.0120468496398,1497.5345638563479,1484.6827992141284
game_1064,1064,morocco,china,1,0.48107216980017825,0.5189278301998217,0.48107216980017825,1480.0779323077504,1533.2366239400822,1481.2841491402387,1532.0304071075939
game_1065,1065,panama,brazil,0,0.5273759548895364,0.47262404511046363,0.5273759548895364,1544.7694583414166,1565.72765361346,1536.6344879505248,1573.8626240043518
game_1066,1066,thailand,ethiopia,0,0.6431918405194538,0.3568081594805462,0.6431918405194538,1562.2713735093153,1499.9090738707157,1558.3180408348348,1503.862406545196
game_1067,1067,south_korea,india,0,0.546679613165495,0.45332038683450504,0.546679613165495,1510.1577773163617,1517.6267262193314,1504.219050950838,1523.5654525848552
game_1068,1068,mongolia,pakistan,1,0.3773590884946726,0.6226409115053274,0.3773590884946726,1420.8389958152886,1547.8321314203874,1423.185719956136,1545.4854072795401
game_1069,1069,usa,canada,1,0.5375513115199353,0.4624486884800647,0.5375513115199353,1463.3915986449535,1477.2490491729877,1464.232082831981,1476.4085649859603
game_1070,1070,oman,uk,0,0.44133860939748154,0.5586613906025184,0.44133860939748154,1462.6572007233221,1543.6078950420076,1460.5415939532013,1545.7235018121285
game_1071,1071,vietnam,mexico,0,0.5153279651580616,0.48467203484193844,0.5153279651580616,1466.1240780012129,1495.469778477844,1464.2947123958468,1497.2991440832102
game_1072,1072,switzerland,indonesia,0,0.5038342055451986,0.49616579445480136,0.5038342055451986,1465.7949311636028,1503.1306000406516,1464.640245163898,1504.2852860403564
game_1073,1073,iceland,germany,1,0.5656559449655447,0.4343440550344553,0.5656559449655447,1502.4930002344972,1496.6056105315329,1506.0260544297553,1493.0725563362748
game_1074,1074,netherlands,kazakhstan,1,0.7229933979035,0.27700660209649997,0.7229933979035,1556.9766672003134,1430.3189826145956,1559.9714179909965,1427.3242318239124
game_1075,1075,peru,new_zealand,1,0.6789845947562305,0.3210154052437695,0.6789845947562305,1574.3116101988853,1484.177991588505,1578.7431010597527,1479.7465007276376
game_1076,1076,uae,france,1,0.47971910829285497,0.5202808917071451,0.47971910829285497,1456.076982250424,1510.1773255185763,1459.6061259358005,1506.6481818331997
game_1077,1077,philippines,guatemala,0,0.5451299293917709,0.45487007060822915,0.5451299293917709,1505.4510429194722,1514.0059770609391,1504.1686201877797,1515.2883997926317
game_1078,1078,kazakhstan,morocco,1,0.4799208682902402,0.5200791317097597,0.4799208682902402,1427.3242318239124,1481.2841491402387,1431.630826836934,1476.9775541272172
game_1079,1079,iceland,oman,0,0.6205982144032182,0.37940178559678184,0.6205982144032182,1506.0260544297553,1460.5415939532013,1502.8588740696428,1463.7087743133138
game_1080,1080,netherlands,rwanda,1,0.7066946711672765,0.29330532883272353,0.7066946711672765,1559.9714179909965,1447.206672741749,1563.7092251168688,1443.4688656158767
game_1081,1081,india,singapore,0,0.6178471203288617,0.3821528796711383,0.6178471203288617,1523.5654525848552,1480.1078964493424,1520.7562472957682,1482.9171017384294
game_1082,1082,china,ethiopia,1,0.5968618938838295,0.4031381061161705,0.5968618938838295,1532.0304071075939,1503.862406545196,1534.253016157612,1501.639797495178
game_1083,1083,mexico,philippines,1,0.5475346659482441,0.45246533405175593,0.5475346659482441,1497.2991440832102,1504.1686201877797,1499.8043169407879,1501.663447330202
game_1084,1084,pakistan,peru,1,0.5097017407935708,0.4902982592064292,0.5097017407935708,1545.4854072795401,1578.7431010597527,1549.216994167249,1575.011514172044
game_1085,1085,south_korea,mongolia,1,0.6674610097902985,0.33253899020970146,0.6674610097902985,1504.219050950838,1423.185719956136,1508.4625218143738,1418.9422490926002
game_1086,1086,serbia,saudi_arabia,1,0.5754784993045086,0.42452150069549144,0.5754784993045086,1497.5345638563479,1484.6827992141284,1499.7676673695134,1482.4496957009628
game_1087,1087,switzerland,guatemala,1,0.4846808697502387,0.5153191302497613,0.4846808697502387,1464.640245163898,1515.2883997926317,1467.8047798029943,1512.1238651535355
game_1088,1088,panama,canada,1,0.6403645606645554,0.3596354393354446,0.6403645606645554,1536.6344879505248,1476.4085649859603,1542.2816596220434,1470.7613933144416
game_1089,1089,new_zealand,usa,1,0.5792186445630751,0.42078135543692485,0.5792186445630751,1479.7465007276376,1464.232082831981,1482.0686811258315,1461.909902433787
game_1090,1090,vietnam,uk,1,0.440660155744096,0.559339844255904,0.440660155744096,1464.2947123958468,1545.7235018121285,1465.6770995988322,1544.341114609143
game_1091,1091,france,indonesia,1,0.5606647713356283,0.4393352286643717,0.5606647713356283,1506.6481818331997,1504.2852860403564,1511.373649353223,1499.559818520333
game_1092,1092,brazil,thailand,1,0.5792609655723183,0.4207390344276817,0.5792609655723183,1573.8626240043518,1558.3180408348348,1578.121585996544,1554.0590788426427
game_1093,1093,uae,germany,1,0.5094014542829368,0.4905985457170632,0.5094014542829368,1459.6061259358005,1493.0725563362748,1461.7619337482356,1490.9167485238397
game_1094,1094,france,peru,0,0.466034767884705,0.533965232115295,0.466034767884705,1511.373649353223,1575.011514172044,1509.8297671280673,1576.5553963971997
game_1095,1095,iceland,brazil,0,0.44942641331062855,0.5505735866893715,0.44942641331062855,1502.8588740696428,1578.121585996544,1500.294317632132,1580.6861424340545
game_1096,1096,india,new_zealand,1,0.6113432547790171,0.3886567452209829,0.6113432547790171,1520.7562472957682,1482.0686811258315,1521.7256709090452,1481.0992575125545
game_1097,1097,singapore,netherlands,1,0.44156368224449893,0.5584363177555011,0.44156368224449893,1482.9171017384294,1563.7092251168688,1489.9667880935835,1556.6595387617147
game_1098,1098,china,oman,1,0.6539265065382112,0.34607349346178884,0.6539265065382112,1534.253016157612,1463.7087743133138,1538.6565975458057,1459.30519292512
game_1099,1099,saudi_arabia,canada,1,0.5738414763785271,0.4261585236214729,0.5738414763785271,1482.4496957009628,1470.7613933144416,1488.5251124032486,1464.6859766121559
game_1100,1100,mongolia,serbia,0,0.44151642204745756,0.5584835779525424,0.44151642204745756,1418.9422490926002,1499.7676673695134,1414.0753775185954,1504.6345389435182
game_1101,1101,indonesia,uk,1,0.49311959615299333,0.5068804038470067,0.49311959615299333,1499.559818520333,1544.341114609143,1501.217519221485,1542.683413907991
game_1102,1102,philippines,guatemala,1,0.5424087385356894,0.4575912614643106,0.5424087385356894,1501.663447330202,1512.1238651535355,1504.0420039814785,1509.745308502259
game_1103,1103,kazakhstan,ethiopia,0,0.4569206939678305,0.5430793060321695,0.4569206939678305,1431.630826836934,1501.639797495178,1429.3069347056685,1503.9636896264435
game_1104,1104,mexico,pakistan,1,0.48645738170860786,0.5135426182913921,0.48645738170860786,1499.8043169407879,1549.216994167249,1502.3819134305047,1546.639397677532
game_1105,1105,usa,uae,1,0.5575217697833448,0.4424782302166552,0.5575217697833448,1461.909902433787,1461.7619337482356,1468.5748284146036,1455.097007767419
game_1106,1106,panama,south_korea,0,0.6046640526161702,0.3953359473838298,0.6046640526161702,1542.2816596220434,1508.4625218143738,1538.9517192051771,1511.79246223124
game_1107,1107,morocco,thailand,1,0.44683710480455546,0.5531628951954446,0.44683710480455546,1476.9775541272172,1554.0590788426427,1477.9399679034534,1553.0966650664066
game_1108,1108,vietnam,germany,1,0.5212290823793654,0.4787709176206346,0.5212290823793654,1465.6770995988322,1490.9167485238397,1466.5990883299273,1489.9947597927446
game_1109,1109,rwanda,switzerland,0,0.5225271703771384,0.47747282962286164,0.5225271703771384,1443.4688656158767,1467.8047798029943,1442.4714865164362,1468.8021589024347
game_1110,1110,thailand,saudi_arabia,1,0.6461051087191743,0.35389489128082574,0.6461051087191743,1553.0966650664066,1488.5251124032486,1554.9840382871585,1486.6377391824967
game_1111,1111,china,germany,1,0.6248952147054261,0.3751047852945739,0.6248952147054261,1538.6565975458057,1489.9947597927446,1542.7658464246626,1485.8855109138876
game_1112,1112,morocco,kazakhstan,1,0.6248563472894594,0.3751436527105406,0.6248563472894594,1477.9399679034534,1429.3069347056685,1478.2979451069873,1428.9489575021346
game_1113,1113,pakistan,south_korea,1,0.6060774804939393,0.3939225195060607,0.6060774804939393,1546.639397677532,1511.79246223124,1547.0373733512884,1511.3944865574838
game_1114,1114,rwanda,mongolia,0,0.5971778083043631,0.40282219169563693,0.5971778083043631,1442.4714865164362,1414.0753775185954,1441.3291659969716,1415.21769803806
game_1115,1115,vietnam,serbia,0,0.5028271837015523,0.4971728162984477,0.5028271837015523,1466.5990883299273,1504.6345389435182,1463.949276485324,1507.2843507881216
game_1116,1116,philippines,ethiopia,0,0.5574228535502815,0.44257714644971846,0.5574228535502815,1504.0420039814785,1503.9636896264435,1502.6244347377099,1505.3812588702122
game_1117,1117,new_zealand,brazil,1,0.4150785749800354,0.5849214250199646,0.4150785749800354,1481.0992575125545,1580.6861424340545,1482.2649097209007,1579.5204902257083
game_1118,1118,oman,switzerland,0,0.5437849553592826,0.4562150446407174,0.5437849553592826,1459.30519292512,1468.8021589024347,1456.4605725491083,1471.6467792784465
game_1119,1119,india,france,1,0.574133696895092,0.42586630310490803,0.574133696895092,1521.7256709090452,1509.8297671280673,1526.9919874572247,1504.5634505798878
game_1120,1120,usa,peru,1,0.40339774745026175,0.5966022525497383,0.40339774745026175,1468.5748284146036,1576.5553963971997,1472.8109941010907,1572.3192307107126
game_1121,1121,panama,mexico,0,0.6084427848702673,0.39155721512973274,0.6084427848702673,1538.9517192051771,1502.3819134305047,1531.1666738449026,1510.1669587907793
game_1122,1122,indonesia,singapore,1,0.5732253807106935,0.4267746192893065,0.5732253807106935,1501.217519221485,1489.9667880935835,1503.3959252584477,1487.7883820566208
game_1123,1123,uae,iceland,0,0.4925210277205567,0.5074789722794433,0.4925210277205567,1455.097007767419,1500.294317632132,1453.7537313192458,1501.6375940803052
game_1124,1124,netherlands,guatemala,1,0.6225341834055546,0.37746581659444545,0.6225341834055546,1556.6595387617147,1509.745308502259,1562.4026414489958,1504.0022058149777
game_1125,1125,canada,uk,1,0.4455342702407813,0.5544657297592187,0.4455342702407813,1464.6859766121559,1542.683413907991,1466.4814481667122,1540.8879423534347
game_1126,1126,india,thailand,1,0.5172739505626868,0.48272604943731323,0.5172739505626868,1526.9919874572247,1554.9840382871585,1529.1420757031724,1552.8339500412108
game_1127,1127,germany,morocco,0,0.5680589429210086,0.43194105707899144,0.5680589429210086,1485.8855109138876,1478.2979451069873,1484.4925922670843,1479.6908637537906
game_1128,1128,saudi_arabia,philippines,0,0.5345030002393384,0.4654969997606616,0.5345030002393384,1486.6377391824967,1502.6244347377099,1484.7134151449893,1504.5487587752173
game_1129,1129,ethiopia,brazil,1,0.4510272085513187,0.5489727914486813,0.4510272085513187,1505.3812588702122,1579.5204902257083,1507.525661869606,1577.3760872263144
game_1130,1130,france,uae,0,0.6277888924406072,0.3722111075593928,0.6277888924406072,1504.5634505798878,1453.7537313192458,1503.2965544490514,1455.0206274500822
game_1131,1131,indonesia,guatemala,0,0.5564504179580795,0.4435495820419205,0.5564504179580795,1503.3959252584477,1504.0022058149777,1500.5971959877338,1506.8009350856917
game_1132,1132,oman,rwanda,1,0.5786811896467783,0.4213188103532217,0.5786811896467783,1456.4605725491083,1441.3291659969716,1458.0581205121648,1439.731618033915
game_1133,1133,kazakhstan,uk,1,0.39792605215291005,0.60207394784709,0.39792605215291005,1428.9489575021346,1540.8879423534347,1430.1440531287215,1539.6928467268478
game_1134,1134,usa,netherlands,0,0.42911264094995066,0.5708873590500494,0.42911264094995066,1472.8109941010907,1562.4026414489958,1471.865527155565,1563.3481083945217
game_1135,1135,pakistan,serbia,1,0.6127995347402497,0.38720046525975027,0.6127995347402497,1547.0373733512884,1507.2843507881216,1551.832265302232,1502.489458837178
game_1136,1136,vietnam,panama,1,0.46091094496493634,0.5390890550350637,0.46091094496493634,1463.949276485324,1531.1666738449026,1466.281970761199,1528.8339795690274
game_1137,1137,peru,south_korea,0,0.641290464305919,0.35870953569408104,0.641290464305919,1572.3192307107126,1511.3944865574838,1569.881956041964,1513.8317612262324
game_1138,1138,mongolia,mexico,1,0.4215744692218306,0.5784255307781694,0.4215744692218306,1415.21769803806,1510.1669587907793,1422.214924950654,1503.1697318781853
game_1139,1139,china,iceland,0,0.6146762369144259,0.38532376308557414,0.6146762369144259,1542.7658464246626,1501.6375940803052,1538.8945849703248,1505.508855534643
game_1140,1140,canada,new_zealand,1,0.5347940729687672,0.46520592703123276,0.5347940729687672,1466.4814481667122,1482.2649097209007,1468.9958027085215,1479.7505551790914
game_1141,1141,mexico,thailand,0,0.48609565792255466,0.5139043420774454,0.48609565792255466,1503.1697318781853,1552.8339500412108,1502.2648384223305,1553.7388434970655
game_1142,1142,netherlands,pakistan,1,0.5735986827876203,0.4264013172123797,0.5735986827876203,1563.3481083945217,1551.832265302232,1565.4655038489836,1549.71486984777
game_1143,1143,rwanda,iceland,1,0.4629714904503766,0.5370285095496234,0.4629714904503766,1439.731618033915,1505.508855534643,1441.878162323984,1503.3623112445741
game_1144,1144,ethiopia,panama,0,0.5268735711413832,0.4731264288586168,0.5268735711413832,1507.525661869606,1528.8339795690274,1502.8353050273577,1533.5243364112757
game_1145,1145,serbia,switzerland,0,0.600561021363807,0.39943897863619304,0.600561021363807,1502.489458837178,1471.6467792784465,1495.0775108657638,1479.0587272498608
game_1146,1146,saudi_arabia,vietnam,1,0.5833056722257367,0.4166943277742633,0.5833056722257367,1484.7134151449893,1466.281970761199,1487.0136478687775,1463.9817380374109
game_1147,1147,mongolia,oman,1,0.5059818370421431,0.49401816295785694,0.5059818370421431,1422.214924950654,1458.0581205121648,1425.5390360527174,1454.7340094101014
game_1148,1148,canada,uae,0,0.5770575990726965,0.4229424009273035,0.5770575990726965,1468.9958027085215,1455.0206274500822,1466.2882698924402,1457.7281602661635
game_1149,1149,france,peru,0,0.4618150287662332,0.5381849712337667,0.4618150287662332,1503.2965544490514,1569.881956041964,1499.1271195350607,1574.0513909559547
game_1150,1150,uk,india,0,0.5722393724627941,0.4277606275372059,0.5722393724627941,1539.6928467268478,1529.1420757031724,1537.0425309370169,1531.7923914930034
game_1151,1151,kazakhstan,singapore,1,0.4746295763999348,0.5253704236000651,0.4746295763999348,1430.1440531287215,1487.7883820566208,1432.9091697610259,1485.0232654243164
game_1152,1152,morocco,germany,1,0.5504817964919724,0.4495182035080276,0.5504817964919724,1479.6908637537906,1484.4925922670843,1483.0799807546878,1481.1034752661872
game_1153,1153,china,philippines,1,0.6053885749423237,0.3946114250576763,0.6053885749423237,1538.8945849703248,1504.5487587752173,1541.5196405311187,1501.9237032144233
game_1154,1154,new_zealand,indonesia,0,0.5275360105865142,0.4724639894134858,0.5275360105865142,1479.7505551790914,1500.5971959877338,1478.8606809227258,1501.4870702440994
game_1155,1155,brazil,south_korea,1,0.644751872688606,0.355248127311394,0.644751872688606,1577.3760872263144,1513.8317612262324,1579.2972671328303,1511.9105813197166
game_1156,1156,uae,new_zealand,0,0.5271258257083665,0.4728741742916335,0.5271258257083665,1457.7281602661635,1478.8606809227258,1451.7647863681873,1484.824054820702
game_1157,1157,oman,saudi_arabia,1,0.5111086650501502,0.4888913349498498,0.5111086650501502,1454.7340094101014,1487.0136478687775,1456.1413659448126,1485.6062913340663
game_1158,1158,rwanda,uk,1,0.42127254948443754,0.5787274505155624,0.42127254948443754,1441.878162323984,1537.0425309370169,1443.612615965194,1535.308077295807
game_1159,1159,thailand,indonesia,1,0.6297265509145271,0.3702734490854729,0.6297265509145271,1553.7388434970655,1501.4870702440994,1555.7321206731683,1499.4937930679966
game_1160,1160,pakistan,south_korea,1,0.610134469200597,0.389865530799403,0.610134469200597,1549.71486984777,1511.9105813197166,1551.6433319706373,1509.9821191968492
game_1161,1161,mongolia,germany,1,0.4776159433594143,0.5223840566405857,0.4776159433594143,1425.5390360527174,1481.1034752661872,1428.3396197146758,1478.3028916042288
game_1162,1162,serbia,singapore,1,0.5715395864526679,0.4284604135473321,0.5715395864526679,1495.0775108657638,1485.0232654243164,1501.7347569450362,1478.366019345044
game_1163,1163,mexico,morocco,1,0.5843594406907776,0.4156405593092224,0.5843594406907776,1502.2648384223305,1483.0799807546878,1504.2552598453576,1481.0895593316607
game_1164,1164,india,switzerland,1,0.6303731313280222,0.3696268686719778,0.6303731313280222,1531.7923914930034,1479.0587272498608,1536.5494665968154,1474.3016521460488
game_1165,1165,ethiopia,guatemala,0,0.5516724818665776,0.4483275181334224,0.5516724818665776,1502.8353050273577,1506.8009350856917,1499.4273812855076,1510.2088588275417
game_1166,1166,netherlands,kazakhstan,1,0.7297420232160298,0.27025797678397023,0.7297420232160298,1565.4655038489836,1432.9091697610259,1566.7113800464167,1431.6632935635928
game_1167,1167,china,panama,1,0.5686347613200498,0.43136523867995025,0.5686347613200498,1541.5196405311187,1533.5243364112757,1543.3712159939541,1531.6727609484403
game_1168,1168,iceland,france,1,0.5633177968142435,0.43668220318575646,0.5633177968142435,1503.3623112445741,1499.1271195350607,1507.2287796899402,1495.2606510896946
game_1169,1169,philippines,usa,0,0.5994772075067192,0.4005227924932808,0.5994772075067192,1501.9237032144233,1471.865527155565,1496.875607921492,1476.9136224484962
game_1170,1170,brazil,vietnam,1,0.7097289623743994,0.2902710376256006,0.7097289623743994,1579.2972671328303,1463.9817380374109,1584.0695109859753,1459.2094941842658
game_1171,1171,canada,peru,1,0.40369903402133916,0.5963009659786609,0.40369903402133916,1466.2882698924402,1574.0513909559547,1469.802076786589,1570.537584061806
game_1172,1172,panama,guatemala,1,0.5875423178329676,0.4124576821670324,0.5875423178329676,1531.6727609484403,1510.2088588275417,1533.8741842192462,1508.0074355567358
game_1173,1173,uae,south_korea,0,0.473807150160716,0.526192849839284,0.473807150160716,1451.7647863681873,1509.9821191968492,1450.3376553931157,1511.4092501719208
game_1174,1174,peru,morocco,0,0.6781237700044791,0.3218762299955209,0.6781237700044791,1570.537584061806,1481.0895593316607,1567.3761564613087,1484.250986932158
game_1175,1175,switzerland,thailand,0,0.4406577733458876,0.5593422266541124,0.4406577733458876,1474.3016521460488,1555.7321206731683,1469.426190842853,1560.6075819763641
game_1176,1176,mongolia,saudi_arabia,1,0.4751716993483062,0.5248283006516938,0.4751716993483062,1428.3396197146758,1485.6062913340663,1429.1522106264651,1484.793700422277
game_1177,1177,ethiopia,usa,1,0.5890060892070293,0.41099391079297065,0.5890060892070293,1499.4273812855076,1476.9136224484962,1501.0022308256503,1475.3387729083536
game_1178,1178,pakistan,rwanda,0,0.7010144592599393,0.2989855407400607,0.7010144592599393,1551.6433319706373,1443.612615965194,1549.5789611652174,1445.676986770614
game_1179,1179,china,iceland,0,0.6078565254584581,0.39214347454154186,0.6078565254584581,1543.3712159939541,1507.2287796899402,1542.159378992784,1508.4406166911103
game_1180,1180,indonesia,serbia,1,0.5541266886940709,0.4458733113059291,0.5541266886940709,1499.4937930679966,1501.7347569450362,1500.0449902384426,1501.1835597745903
game_1181,1181,south_korea,canada,1,0.615328998030869,0.38467100196913095,0.615328998030869,1511.4092501719208,1469.802076786589,1512.9460884275206,1468.265238530989
game_1182,1182,germany,mexico,0,0.5202051580879197,0.4797948419120803,0.5202051580879197,1478.3028916042288,1504.2552598453576,1475.375071114634,1507.1830803349524
game_1183,1183,kazakhstan,oman,0,0.5223229998179809,0.4776770001820191,0.5223229998179809,1431.6632935635928,1456.1413659448126,1430.1380710561486,1457.6665884522567
game_1184,1184,panama,uae,1,0.6706515567562605,0.32934844324373946,0.6706515567562605,1533.8741842192462,1450.3376553931157,1535.5441298863343,1448.6677097260276
game_1185,1185,france,netherlands,0,0.4548619871622725,0.5451380128377274,0.4548619871622725,1495.2606510896946,1566.7113800464167,1493.9283225462182,1568.0437085898932
game_1186,1186,singapore,guatemala,0,0.5149027849586328,0.48509721504136716,0.5149027849586328,1478.366019345044,1508.0074355567358,1476.181674848239,1510.1917800535407
game_1187,1187,uk,new_zealand,0,0.6273506887180063,0.37264931128199374,0.6273506887180063,1535.308077295807,1484.824054820702,1531.24523985428,1488.886892262229
game_1188,1188,brazil,india,1,0.6233533079597103,0.37664669204028967,0.6233533079597103,1584.0695109859753,1536.5494665968154,1589.4084264476494,1531.2105511351413
game_1189,1189,vietnam,philippines,1,0.5033586818041076,0.4966413181958924,0.5033586818041076,1459.2094941842658,1496.875607921492,1461.8932255057903,1494.1918765999676
game_1190,1190,vietnam,india,0,0.45790883051159165,0.5420911694884083,0.45790883051159165,1461.8932255057903,1531.2105511351413,1461.4157899365277,1531.6879867044038
game_1191,1191,brazil,morocco,1,0.697536322328399,0.302463677671601,0.697536322328399,1589.4084264476494,1484.250986932158,1592.0428619521424,1481.616551427665
game_1192,1192,china,usa,1,0.6490597595350066,0.3509402404649934,0.6490597595350066,1542.159378992784,1475.3387729083536,1546.2473506655447,1471.250801235593
game_1193,1193,iceland,guatemala,1,0.5548232012005663,0.4451767987994337,0.5548232012005663,1508.4406166911103,1510.1917800535407,1511.5273738824958,1507.1050228621552
game_1194,1194,serbia,new_zealand,0,0.5746976668426149,0.4253023331573851,0.5746976668426149,1501.1835597745903,1488.886892262229,1495.295655057852,1494.7747969789673
game_1195,1195,south_korea,pakistan,1,0.5048455339493546,0.4951544660506454,0.5048455339493546,1512.9460884275206,1549.5789611652174,1514.82078352878,1547.704266063958
game_1196,1196,saudi_arabia,mongolia,1,0.634264733451068,0.36573526654893196,0.634264733451068,1484.793700422277,1429.1522106264651,1487.955148509881,1425.9907625388612
game_1197,1197,mexico,germany,0,0.6018933004080675,0.39810669959193246,0.6018933004080675,1507.1830803349524,1475.375071114634,1504.144566488792,1478.4135849607944
game_1198,1198,rwanda,netherlands,1,0.3836366023079116,0.6163633976920884,0.3836366023079116,1445.676986770614,1568.0437085898932,1452.3257997634246,1561.3948955970825
game_1199,1199,uk,singapore,0,0.6334926610021568,0.36650733899784316,0.6334926610021568,1531.24523985428,1476.181674848239,1527.7891506433914,1479.6377640591277
game_1200,1200,panama,thailand,1,0.521482187431046,0.478517812568954,0.521482187431046,1535.5441298863343,1560.6075819763641,1537.4377203815043,1558.7139914811942
game_1201,1201,indonesia,switzerland,0,0.6002518244690579,0.3997481755309421,0.6002518244690579,1500.0449902384426,1469.426190842853,1497.737635450624,1471.7335456306714
game_1202,1202,canada,france,1,0.5206207776367645,0.4793792223632355,0.5206207776367645,1468.265238530989,1493.9283225462182,1470.588217173182,1491.6053439040252
game_1203,1203,philippines,oman,0,0.6083817307825056,0.39161826921749443,0.6083817307825056,1494.1918765999676,1457.6665884522567,1492.1207871810036,1459.7376778712207
game_1204,1204,peru,kazakhstan,0,0.73502410468899,0.26497589531100996,0.73502410468899,1567.3761564613087,1430.1380710561486,1563.6443832642578,1433.8698442531995
game_1205,1205,uae,ethiopia,1,0.482256650974887,0.517743349025113,0.482256650974887,1448.6677097260276,1501.0022308256503,1451.5244272628781,1498.1455132887997
game_1206,1206,canada,thailand,1,0.4311810244694193,0.5688189755305807,0.4311810244694193,1470.588217173182,1558.7139914811942,1472.8073784480416,1556.4948302063347
game_1207,1207,germany,pakistan,0,0.45794690357775225,0.5420530964222477,0.45794690357775225,1478.4135849607944,1547.704266063958,1477.1576565249622,1548.96019449979
game_1208,1208,china,saudi_arabia,0,0.637797040620842,0.36220295937915803,0.637797040620842,1546.2473506655447,1487.955148509881,1543.654244283589,1490.5482548918367
game_1209,1209,morocco,switzerland,1,0.5712981806941289,0.42870181930587115,0.5712981806941289,1481.616551427665,1471.7335456306714,1487.907014025758,1465.4430830325784
game_1210,1210,south_korea,new_zealand,0,0.5855629220739033,0.41443707792609674,0.5855629220739033,1514.82078352878,1494.7747969789673,1513.2710795776056,1496.3245009301418
game_1211,1211,peru,rwanda,1,0.7049661696964569,0.29503383030354313,0.7049661696964569,1563.6443832642578,1452.3257997634246,1567.2898255623543,1448.6803574653281
game_1212,1212,singapore,philippines,0,0.539517520644508,0.460482479355492,0.539517520644508,1479.6377640591277,1492.1207871810036,1478.5627910026099,1493.1957602375214
game_1213,1213,france,kazakhstan,0,0.63705640462182,0.36294359537818,0.63705640462182,1491.6053439040252,1433.8698442531995,1488.0410843713673,1437.4341037858574
game_1214,1214,ethiopia,india,1,0.5092920578293784,0.49070794217062164,0.5092920578293784,1498.1455132887997,1531.6879867044038,1498.9484771110058,1530.8850228821977
game_1215,1215,guatemala,iceland,0,0.5510221394004694,0.4489778605995306,0.5510221394004694,1507.1050228621552,1511.5273738824958,1506.2344318203131,1512.3979649243379
game_1216,1216,oman,serbia,0,0.5063922364064571,0.49360776359354286,0.5063922364064571,1459.7376778712207,1495.295655057852,1456.1348154707177,1498.898517458355
game_1217,1217,uk,usa,0,0.6354615171559078,0.3645384828440922,0.6354615171559078,1527.7891506433914,1471.250801235593,1526.0592314933845,1472.9807203855999
game_1218,1218,brazil,indonesia,0,0.6841960805595946,0.3158039194404054,0.6841960805595946,1592.0428619521424,1497.737635450624,1590.3907241252853,1499.3897732774813
game_1219,1219,mongolia,netherlands,1,0.36605227750864844,0.6339477224913516,0.36605227750864844,1425.9907625388612,1561.3948955970825,1430.4012628316734,1556.9843953042703
game_1220,1220,vietnam,uae,1,0.5713099626222136,0.42869003737778644,0.5713099626222136,1461.4157899365277,1451.5244272628781,1463.341660693446,1449.5985565059598
game_1221,1221,mexico,panama,1,0.5096507287016997,0.4903492712983003,0.5096507287016997,1504.144566488792,1537.4377203815043,1508.6029004902364,1532.9793863800599
game_1222,1222,morocco,usa,1,0.5783932912739697,0.42160670872603034,0.5783932912739697,1487.907014025758,1472.9807203855999,1493.0786259326526,1467.8091084787052
game_1223,1223,rwanda,china,0,0.4215399017470193,0.5784600982529807,0.4215399017470193,1448.6803574653281,1543.654244283589,1444.0250333148647,1548.3095684340524
game_1224,1224,thailand,ethiopia,1,0.6368046160996254,0.36319538390037465,0.6368046160996254,1556.4948302063347,1498.9484771110058,1559.608165922085,1495.8351413952555
game_1225,1225,peru,oman,1,0.7047702887065308,0.2952297112934692,0.7047702887065308,1567.2898255623543,1456.1348154707177,1567.5192371416797,1455.9054038913923
game_1226,1226,pakistan,mongolia,1,0.7135602340914386,0.28643976590856135,0.7135602340914386,1548.96019449979,1430.4012628316734,1552.118651288721,1427.2428060427426
game_1227,1227,new_zealand,indonesia,1,0.5529540161767416,0.44704598382325844,0.5529540161767416,1496.3245009301418,1499.3897732774813,1500.950025541409,1494.764248666214
game_1228,1228,switzerland,singapore,0,0.5386068500902004,0.4613931499097996,0.5386068500902004,1465.4430830325784,1478.5627910026099,1462.9123951890374,1481.093478846151
game_1229,1229,guatemala,serbia,0,0.5677034624410746,0.4322965375589254,0.5677034624410746,1506.2344318203131,1498.898517458355,1503.4495597373232,1501.683389541345
game_1230,1230,mexico,canada,1,0.607380404460074,0.392619595539926,0.607380404460074,1508.6029004902364,1472.8073784480416,1511.9385186074935,1469.4717603307845
game_1231,1231,india,kazakhstan,0,0.6831325238092981,0.3168674761907019,0.6831325238092981,1530.8850228821977,1437.4341037858574,1528.2096271123041,1440.109499555751
game_1232,1232,vietnam,iceland,0,0.4869698814934051,0.5130301185065949,0.4869698814934051,1463.341660693446,1512.3979649243379,1461.4612975288846,1514.2783280888993
game_1233,1233,panama,germany,1,0.63450538235537,0.36549461764463,0.63450538235537,1532.9793863800599,1477.1576565249622,1538.2993265825014,1471.8377163225207
game_1234,1234,uk,france,1,0.610427264345611,0.389572735654389,0.610427264345611,1526.0592314933845,1488.0410843713673,1528.213846048967,1485.8864698157847
game_1235,1235,netherlands,philippines,1,0.6450739285578966,0.3549260714421034,0.6450739285578966,1556.9843953042703,1493.1957602375214,1561.9558785008335,1488.2242770409582
game_1236,1236,south_korea,brazil,0,0.44678286677788,0.5532171332221201,0.44678286677788,1513.2710795776056,1590.3907241252853,1509.487293138693,1594.1745105641978
game_1237,1237,serbia,netherlands,1,0.47085860725223133,0.5291413927477686,0.47085860725223133,1501.683389541345,1561.9558785008335,1507.4061405584957,1556.2331274836827
game_1238,1238,indonesia,thailand,0,0.46430754237263616,0.5356924576273638,0.46430754237263616,1494.764248666214,1559.608165922085,1492.1906719620044,1562.1817426262944
game_1239,1239,canada,ethiopia,1,0.5196146010393734,0.4803853989606266,0.5196146010393734,1469.4717603307845,1495.8351413952555,1471.9189854743258,1493.3879162517142
game_1240,1240,saudi_arabia,mexico,1,0.5267559805260867,0.47324401947391326,0.5267559805260867,1490.5482548918367,1511.9385186074935,1491.5419099843184,1510.9448635150118
game_1241,1241,oman,germany,0,0.5345808903263122,0.4654191096736878,0.5345808903263122,1455.9054038913923,1471.8377163225207,1453.7470913789534,1473.9960288349596
game_1242,1242,mongolia,uae,0,0.5253703096412227,0.47462969035877733,0.5253703096412227,1427.2428060427426,1449.5985565059598,1425.2985839581547,1451.5427785905476
game_1243,1243,brazil,peru,0,0.5947648490196078,0.4052351509803922,0.5947648490196078,1594.1745105641978,1567.5192371416797,1592.3036670561478,1569.3900806497297
game_1244,1244,vietnam,rwanda,1,0.5819125881725257,0.41808741182747433,0.5819125881725257,1461.4612975288846,1444.0250333148647,1462.5472643127189,1442.9390665310304
game_1245,1245,panama,philippines,0,0.6268001460382712,0.37319985396172883,0.6268001460382712,1538.2993265825014,1488.2242770409582,1535.0506651912199,1491.4729384322397
game_1246,1246,singapore,uk,0,0.48975440225514044,0.5102455977448596,0.48975440225514044,1481.093478846151,1528.213846048967,1476.9394386555377,1532.3678862395802
game_1247,1247,pakistan,china,0,0.5627143174007553,0.4372856825992447,0.5627143174007553,1552.118651288721,1548.3095684340524,1546.127072229893,1554.3011474928803
game_1248,1248,switzerland,usa,1,0.5503464920905264,0.44965350790947356,0.5503464920905264,1462.9123951890374,1467.8091084787052,1468.0970178095602,1462.6244858581824
game_1249,1249,kazakhstan,iceland,1,0.4509850237571914,0.5490149762428086,0.4509850237571914,1440.109499555751,1514.2783280888993,1442.8970735677844,1511.4907540768659
game_1250,1250,morocco,south_korea,1,0.5338985755555634,0.4661014244444366,0.5338985755555634,1493.0786259326526,1509.487293138693,1497.6576470949308,1504.9082719764149
game_1251,1251,france,india,1,0.4966567577259818,0.5033432422740183,0.4966567577259818,1485.8864698157847,1528.2096271123041,1487.982702947406,1526.1133939806828
game_1252,1252,pakistan,morocco,1,0.6246355522927042,0.3753644477072958,0.6246355522927042,1546.127072229893,1497.6576470949308,1550.0712382935496,1493.7134810312741
game_1253,1253,thailand,vietnam,1,0.6907868938537514,0.30921310614624864,0.6907868938537514,1562.1817426262944,1462.5472643127189,1566.9689441295188,1457.7600628094945
game_1254,1254,philippines,iceland,1,0.5287250098148785,0.47127499018512153,0.5287250098148785,1491.4729384322397,1511.4907540768659,1493.1997240042842,1509.7639685048214
game_1255,1255,south_korea,mongolia,1,0.6656395514226909,0.33436044857730907,0.6656395514226909,1504.9082719764149,1425.2985839581547,1507.7621285356577,1422.444727398912
game_1256,1256,saudi_arabia,brazil,0,0.4134375199649299,0.5865624800350702,0.4134375199649299,1491.5419099843184,1592.3036670561478,1489.4141647517058,1594.4314122887604
game_1257,1257,usa,france,0,0.52105875421329,0.47894124578671005,0.52105875421329,1462.6244858581824,1487.982702947406,1458.1782145982645,1492.428974207324
game_1258,1258,rwanda,ethiopia,0,0.48496742833267314,0.5150325716673269,0.48496742833267314,1442.9390665310304,1493.3879162517142,1438.5142606330899,1497.8127221496547
game_1259,1259,indonesia,china,1,0.46822335406029436,0.5317766459397056,0.46822335406029436,1492.1906719620044,1554.3011474928803,1494.7588362734518,1551.732983181433
game_1260,1260,kazakhstan,canada,1,0.5157934830215712,0.48420651697842876,0.5157934830215712,1442.8970735677844,1471.9189854743258,1443.4758096964151,1471.3402493456952
game_1261,1261,germany,oman,1,0.5858464105468746,0.4141535894531254,0.5858464105468746,1473.9960288349596,1453.7470913789534,1474.1014466388199,1453.6416735750931
game_1262,1262,mexico,new_zealand,0,0.5714558403936741,0.42854415960632586,0.5714558403936741,1510.9448635150118,1500.950025541409,1509.6247282506997,1502.2701608057212
game_1263,1263,panama,guatemala,0,0.6016078729521783,0.3983921270478217,0.6016078729521783,1535.0506651912199,1503.4495597373232,1531.7701032982957,1506.7301216302474
game_1264,1264,singapore,netherlands,0,0.4436917073405236,0.5563082926594765,0.4436917073405236,1476.9394386555377,1556.2331274836827,1468.8261700085914,1564.346396130629
game_1265,1265,serbia,uk,0,0.5216282826927297,0.47837171730727035,0.5216282826927297,1507.4061405584957,1532.3678862395802,1503.2311282816088,1536.5428985164672
game_1266,1266,uae,india,1,0.4504124277563015,0.5495875722436985,0.4504124277563015,1451.5427785905476,1526.1133939806828,1454.0086128403839,1523.6475597308465
game_1267,1267,switzerland,peru,1,0.41269602348498563,0.5873039765150143,0.41269602348498563,1468.0970178095602,1569.3900806497297,1471.17349052502,1566.3136079342698
game_1268,1268,singapore,usa,1,0.5723763070563689,0.4276236929436311,0.5723763070563689,1468.8261700085914,1458.1782145982645,1470.80686943388,1456.197515172976
game_1269,1269,canada,thailand,1,0.420621034413283,0.579378965586717,0.420621034413283,1471.3402493456952,1566.9689441295188,1473.3655842504554,1564.9436092247586
game_1270,1270,morocco,peru,1,0.45322184702447765,0.5467781529755223,0.45322184702447765,1493.7134810312741,1566.3136079342698,1495.5380456429646,1564.4890433225794
game_1271,1271,uae,rwanda,1,0.5791904923361144,0.4208095076638856,0.5791904923361144,1454.0086128403839,1438.5142606330899,1456.332392783982,1436.1904806894918
game_1272,1272,mexico,india,0,0.5373146431844776,0.46268535681552236,0.5373146431844776,1509.6247282506997,1523.6475597308465,1508.070419681887,1525.2018682996593
game_1273,1273,indonesia,ethiopia,0,0.5529702187708933,0.44702978122910675,0.5529702187708933,1494.7588362734518,1497.8127221496547,1492.9157383691015,1499.655820054005
game_1274,1274,south_korea,guatemala,0,0.5587767949373836,0.44122320506261636,0.5587767949373836,1507.7621285356577,1506.7301216302474,1504.191170180973,1510.3010799849321
game_1275,1275,germany,mongolia,1,0.628927491144698,0.37107250885530196,0.628927491144698,1474.1014466388199,1422.444727398912,1477.2903837293436,1419.2557903083882
game_1276,1276,china,france,1,0.6391414704706692,0.36085852952933084,0.6391414704706692,1551.732983181433,1492.428974207324,1553.4616816819876,1490.7002757067694
game_1277,1277,uk,iceland,0,0.594936401124378,0.40506359887562204,0.594936401124378,1536.5428985164672,1509.7639685048214,1534.6354474564966,1511.671419564792
game_1278,1278,oman,panama,1,0.44534800155323195,0.554651998446768,0.44534800155323195,1453.6416735750931,1531.7701032982957,1459.8250560796491,1525.5867207937397
game_1279,1279,pakistan,saudi_arabia,1,0.6409359379188065,0.35906406208119346,0.6409359379188065,1550.0712382935496,1489.4141647517058,1552.8614141906812,1486.6239888545742
game_1280,1280,new_zealand,netherlands,1,0.46827243095966953,0.5317275690403305,0.46827243095966953,1502.2701608057212,1564.346396130629,1503.4727328943522,1563.143824041998
game_1281,1281,brazil,philippines,0,0.6927473425845354,0.3072526574154646,0.6927473425845354,1594.4314122887604,1493.1997240042842,1590.8163829219507,1496.814753371094
game_1282,1282,serbia,kazakhstan,1,0.6397404431958176,0.3602595568041824,0.6397404431958176,1503.2311282816088,1443.4758096964151,1505.8057810856326,1440.9011568923913
game_1283,1283,vietnam,switzerland,1,0.5381866461677786,0.46181335383222144,0.5381866461677786,1457.7600628094945,1471.17349052502,1459.7236706245972,1469.2098827099173
game_1284,1284,india,saudi_arabia,1,0.6111932201117692,0.38880677988823076,0.6111932201117692,1525.2018682996593,1486.6239888545742,1528.146559362677,1483.6792977915566
game_1285,1285,oman,uae,1,0.5622660659183413,0.4377339340816587,0.5622660659183413,1459.8250560796491,1456.332392783982,1462.0063010466301,1454.151147817001
game_1286,1286,panama,kazakhstan,0,0.6721108750232385,0.3278891249767615,0.6721108750232385,1525.5867207937397,1440.9011568923913,1523.962771706676,1442.525105979455
game_1287,1287,pakistan,guatemala,1,0.616626902987498,0.383373097012502,0.616626902987498,1552.8614141906812,1510.3010799849321,1556.0115201933745,1507.1509739822388
game_1288,1288,philippines,serbia,1,0.5445073829580389,0.4554926170419611,0.5445073829580389,1496.814753371094,1505.8057810856326,1497.1776928659992,1505.4428415907273
game_1289,1289,france,usa,1,0.6056043673593198,0.3943956326406802,0.6056043673593198,1490.7002757067694,1456.197515172976,1494.9651446634912,1451.9326462162542
game_1290,1290,brazil,canada,1,0.7122546582798308,0.2877453417201692,0.7122546582798308,1590.8163829219507,1473.3655842504554,1593.99803998411,1470.1839271882961
game_1291,1291,iceland,switzerland,1,0.6164924489356741,0.3835075510643259,0.6164924489356741,1511.671419564792,1469.2098827099173,1517.6201082074087,1463.2611940673005
game_1292,1292,uk,rwanda,1,0.6893223837511031,0.3106776162488969,0.6893223837511031,1534.6354474564966,1436.1904806894918,1536.304411783672,1434.5215163623163
game_1293,1293,netherlands,indonesia,1,0.6535145264760052,0.34648547352399484,0.6535145264760052,1563.143824041998,1492.9157383691015,1564.53213065361,1491.5274317574895
game_1294,1294,mexico,south_korea,1,0.5628137041836454,0.4371862958163546,0.5628137041836454,1508.070419681887,1504.191170180973,1512.5953798418673,1499.6662100209926
game_1295,1295,new_zealand,morocco,1,0.56854916834134,0.43145083165866005,0.56854916834134,1503.4727328943522,1495.5380456429646,1508.223928317445,1490.786850219872
game_1296,1296,peru,singapore,1,0.6834206104631516,0.3165793895368484,0.6834206104631516,1564.4890433225794,1470.80686943388,1568.0790464104307,1467.2168663460286
game_1297,1297,philippines,thailand,0,0.46012648470439776,0.5398735152956022,0.46012648470439776,1497.1776928659992,1564.9436092247586,1495.5789210371368,1566.542381053621
game_1298,1298,mongolia,guatemala,0,0.43150661419186126,0.5684933858081387,0.43150661419186126,1419.2557903083882,1507.1509739822388,1416.9335833211035,1509.4731809695236
game_1299,1299,pakistan,mexico,1,0.6177908276459442,0.3822091723540558,0.6177908276459442,1556.0115201933745,1512.5953798418673,1561.9260136335781,1506.6808864016637
game_1300,1300,ethiopia,oman,1,0.6099225237384973,0.3900774762615027,0.6099225237384973,1499.655820054005,1462.0063010466301,1503.903760973066,1457.7583601275692
game_1301,1301,new_zealand,peru,1,0.47145725351715395,0.528542746482846,0.47145725351715395,1508.223928317445,1568.0790464104307,1509.2947317459987,1567.008242981877
game_1302,1302,panama,china,0,0.5151076832119732,0.4848923167880268,0.5151076832119732,1523.962771706676,1553.4616816819876,1518.6322101094622,1558.7922432792013
game_1303,1303,serbia,usa,1,0.631414062584931,0.36858593741506895,0.631414062584931,1505.4428415907273,1451.9326462162542,1510.6725610728558,1446.7029267341256
game_1304,1304,canada,morocco,1,0.5278856713332422,0.47211432866675784,0.5278856713332422,1470.1839271882961,1490.786850219872,1476.2455233692792,1484.7252540388888
game_1305,1305,iceland,kazakhstan,1,0.6598307536248541,0.3401692463751459,0.6598307536248541,1517.6201082074087,1442.525105979455,1519.092159464218,1441.0530547226458
game_1306,1306,indonesia,germany,1,0.5774254703686035,0.4225745296313965,0.5774254703686035,1491.5274317574895,1477.2903837293436,1494.6214912537594,1474.1963242330737
game_1307,1307,vietnam,saudi_arabia,1,0.5230733093271939,0.47692669067280613,0.5230733093271939,1459.7236706245972,1483.6792977915566,1461.4150560863045,1481.9879123298492
game_1308,1308,switzerland,france,1,0.5119367062943917,0.4880632937056083,0.5119367062943917,1463.2611940673005,1494.9651446634912,1464.3255942739127,1493.900744456879
game_1309,1309,netherlands,south_korea,1,0.6464924699085501,0.35350753009144986,0.6464924699085501,1564.53213065361,1499.6662100209926,1566.445547499537,1497.7527931750656
game_1310,1310,uk,uae,0,0.6688903844899621,0.3311096155100379,0.6688903844899621,1536.304411783672,1454.151147817001,1533.4464848765776,1457.0090747240954
game_1311,1311,brazil,rwanda,1,0.75919646074515,0.24080353925484999,0.75919646074515,1593.99803998411,1434.5215163623163,1595.4550549187181,1433.0645014277081
game_1312,1312,india,singapore,0,0.6412970175617327,0.35870298243826726,0.6412970175617327,1528.146559362677,1467.2168663460286,1524.7824463004572,1470.5809794082484
