shuffle_id,brazil,canada,china,ethiopia,france,germany,guatemala,iceland,india,indonesia,kazakhstan,mexico,mongolia,morocco,netherlands,new_zealand,oman,pakistan,panama,peru,philippines,rwanda,saudi_arabia,serbia,singapore,south_korea,switzerland,thailand,uae,uk,usa,vietnam
1,1603.22769780902,1473.739282911164,1563.1391332665519,1496.3840737454211,1506.8787341725572,1479.9874201201492,1502.7608373847959,1517.752453257575,1536.1046358524006,1477.0755698651321,1434.598835586691,1519.7039834728448,1401.6833572749256,1487.66758523609,1582.9073612332986,1498.9780150602724,1446.2744988363686,1570.4309239182821,1541.713885492352,1579.084163291299,1487.8319260052913,1431.4705877762792,1477.423266329579,1530.1982736251387,1449.6579757932404,1493.320051306465,1454.4214689204334,1586.4179723394404,1452.774123515959,1533.8430379631425,1445.5004311310615,1437.0484375067783
2,1606.907688002131,1491.9110102437355,1556.939135661094,1492.2650330938818,1501.3965225530985,1475.76566559432,1518.5291935631278,1500.0654781169792,1527.422701635387,1491.53728792232,1435.3919363855025,1522.3567689439967,1396.227153720176,1468.8596108758493,1584.8352208943509,1515.5121373005702,1447.0602225881387,1588.1447905160605,1527.2752069300464,1581.4037373861077,1492.9442083024878,1426.4598002953778,1478.6694025940014,1507.0464778372395,1458.9579463027972,1502.1706264009206,1444.9778690897645,1579.5841375808577,1448.038025015223,1531.2770061119813,1454.349765421543,1445.7182331209324
3,1589.4581093012844,1489.106379818183,1554.9145431570917,1488.5748810362695,1497.5862038805703,1480.7364661286124,1511.0172667599916,1497.853608265853,1541.4598984558213,1485.390093567428,1435.8187270150547,1527.6353413582221,1389.5377117485814,1488.0956690071223,1584.9571052408648,1491.8062748382285,1445.5943432219328,1578.0457262786379,1540.283131259268,1581.9021045235538,1486.7338825551035,1425.4709900706728,1464.1040723798956,1512.7165325129324,1457.0511273335144,1503.2938522839195,1463.1704712726594,1588.139301386792,1441.2245504112125,1548.8558400027255,1459.7579988681978,1449.7077960598033
4,1597.9822354734088,1488.6906810249807,1556.9870346852176,1507.7560682725154,1498.1302585966116,1472.8415833171946,1514.453797174635,1511.2444946972737,1541.1986712263233,1487.3261986755936,1439.9547377800397,1520.4751319378806,1379.2179329050805,1471.6062453184181,1579.8472443552998,1495.5664091801934,1444.4988108848372,1581.0339181048848,1531.44236529405,1596.6132945914733,1493.9095591650716,1415.5753229288302,1485.4497421342237,1504.9531258653099,1459.2316608404153,1497.9064232783521,1458.8970902526341,1578.9390370641504,1458.0046976195206,1534.41652412411,1443.6151405627497,1452.2345626687209
5,1603.6250772945841,1483.1996437708544,1561.2424463118043,1502.9045682931805,1504.0607502999765,1469.839013633564,1519.5724453854716,1509.3447020124734,1534.0481107851206,1481.0708177830873,1431.3965719102555,1509.518485535583,1384.4478183642277,1483.9600146273096,1576.081171599477,1501.8480739778697,1449.8968182910098,1561.9081633551675,1538.9117904246123,1579.33794298499,1496.036394647978,1426.4382049217445,1482.6116528749792,1522.7773996307924,1461.4209938281783,1505.3459567305035,1449.816131683676,1576.7363470333771,1458.4797424039327,1535.1523541835857,1446.1705097231047,1452.7998856975285
6,1600.3770943339093,1483.4100479499136,1552.1515551461382,1495.2638413703676,1504.1144088434323,1478.9959856653772,1528.9300815005965,1511.7500959524032,1540.800790567634,1490.9176828142658,1432.1665230765623,1512.9866611792281,1400.6116183826223,1474.4625872414604,1573.303310638646,1495.0226003461066,1444.6219239142706,1575.5078641786154,1535.3723997147836,1575.4193218676644,1488.45352719699,1437.7138611797302,1463.9551614177417,1522.5386933302368,1457.1721302894334,1492.2686027338475,1457.1572421750034,1588.9518898518045,1460.5192394809276,1535.7208703594545,1438.8373407756974,1450.5250465251352
7,1603.6065344822653,1474.1567207745054,1574.2987032489887,1496.398964441447,1496.7986664183848,1472.6199882337403,1505.0368674990991,1508.2920525534198,1517.72126731578,1474.819824601546,1439.0037437815897,1511.0189560590695,1396.4176864508026,1473.986276760306,1586.9953287869873,1506.8716328116961,1447.4928712994565,1575.0095034390529,1534.6315292884092,1590.0449538169696,1490.7105110207212,1432.926198476168,1469.1026992780944,1531.0799907183819,1462.3194917909461,1499.830814038433,1450.0818161206844,1577.3723770178124,1453.3765511192585,1550.7382095298924,1457.4362560907732,1439.8030127353186
8,1604.1490378856422,1489.3577171042846,1562.1125769858797,1491.6947824213662,1502.3276808176965,1468.5737708452004,1505.1330532768807,1511.4987522792499,1538.2543062074537,1472.995561635738,1448.4344465944255,1524.5438466124933,1402.7529057018014,1495.0708231163856,1575.731958306656,1491.9352372052158,1449.6543401178574,1567.1320523251545,1533.5275717011075,1579.428898461938,1501.555192563669,1425.488914262025,1470.9967332452454,1510.093122828773,1448.6821249727518,1497.8259042556397,1472.340636027982,1581.8080675266015,1456.5258830213145,1531.5328803352422,1437.1500790229625,1451.6911423353663
9,1611.3589076068595,1475.9208546116047,1561.3576190440053,1488.9425388567258,1506.4144202013435,1475.424751632181,1516.2342725894327,1500.8824436652026,1539.0863439439554,1486.7698789020546,1429.4106546970054,1519.2978374038826,1399.076485131793,1480.752738163699,1583.9401479780627,1493.2713636959459,1431.1629453349715,1572.7533432075763,1534.1020421363962,1578.8036251659819,1488.137400360523,1433.2911230957607,1486.3003965778473,1518.1572281402896,1460.3139498628766,1508.9536326857817,1456.9556721733522,1581.0368051611997,1454.289143477923,1535.583963129989,1452.4260369853282,1439.5914343804493
10,1615.4301528014296,1488.1817865984285,1566.0648456270603,1498.8624412317215,1508.1449974831505,1481.916036562014,1520.5611539848649,1499.7766341935046,1531.6504972802682,1487.3356470158167,1439.1823400465075,1500.121839139265,1388.5836134206552,1474.4589120771495,1578.795859094816,1500.3826504268693,1445.6472083312954,1572.8058016617156,1534.6459903450848,1576.9674839111526,1498.1934191726439,1424.9240030559467,1467.6110506133807,1501.5101129562308,1457.5697638210409,1500.0618392822123,1470.3002293435104,1584.5566833111125,1447.4317648426318,1547.9065318916425,1453.9462634144868,1436.4724470623912
11,1615.2043203959347,1468.4151670958433,1561.3643446082967,1495.9176358933184,1508.4993141259547,1469.7489827705992,1516.0284333930385,1512.559677296778,1528.555118944541,1471.9168302211465,1431.1102620957695,1521.302719666279,1395.110711415782,1478.9388246134022,1576.5634864579108,1506.3723085506624,1448.6479802961576,1568.9758850961482,1534.125657187052,1571.6954600366948,1480.3488357492008,1432.753159461724,1478.2664752278272,1521.0133422075028,1473.0216000598796,1499.4361789762977,1461.7199249601042,1587.717686374873,1460.2281097867585,1529.729673160484,1441.8722886606736,1452.839605213365
12,1609.6112150305732,1471.8073386566334,1574.1141722622526,1494.006388051235,1504.212668768744,1483.040467939721,1516.6457646522367,1503.3990167636953,1521.1030585903093,1482.706206474486,1439.1937031151658,1507.3564230234692,1395.244963654677,1482.1093354810018,1571.256006355029,1496.4349883687494,1442.6141212540956,1575.2951215319804,1535.3201806286365,1582.3006618169106,1499.903915265547,1430.3190643744829,1487.5760686816795,1520.8529559117599,1460.6996788931676,1492.1048942331927,1457.273475466312,1581.7096908454862,1457.7988654581548,1543.7165472810773,1437.0891344840593,1443.1839066854786
13,1606.6780203894675,1479.4222192614131,1555.6701963529001,1502.71508145159,1508.852256936863,1477.0769016525362,1523.1687436906968,1505.7692003054447,1552.4448344803436,1485.6967069144553,1433.7917609430708,1518.6726024502866,1385.7490637765186,1483.932481722999,1570.4197501813708,1494.328472521956,1453.6785771493348,1579.256573414809,1532.4760901202183,1583.2657345999176,1493.3106733326258,1420.1986230310538,1464.4902571811701,1502.1655129173064,1459.31288108223,1493.8549745417433,1466.1151760347918,1584.027528991154,1458.0996733958505,1531.47319055254,1445.4424575752719,1448.4437830480708
14,1609.941764495317,1490.757871118956,1555.9449257272988,1498.4250427635682,1506.3792836080588,1474.314834540916,1514.686757676532,1518.5466622465192,1532.8581087941513,1474.2423772297461,1431.4527162249924,1528.1920797765088,1400.802540729398,1477.4120743079604,1586.3834668658214,1505.8476227754952,1433.1862951811565,1580.9662970383615,1536.2840883932156,1582.1913760240006,1498.9842796507994,1422.2296903383808,1474.2294495600256,1501.4346273898645,1461.6395832109176,1494.0240907650154,1443.3566992112428,1585.2768209548383,1452.7501842065205,1539.8602380296886,1444.5675956057266,1442.8305555590055
15,1596.5643829027638,1469.8073812231307,1555.634147087744,1492.0110469172625,1502.3079202361491,1473.947551083172,1525.5478131473124,1505.232518820051,1528.1634638075286,1493.100834761613,1428.8130925074129,1527.2387118964673,1394.0234289373043,1481.8362574868813,1575.037121405158,1505.9182663977692,1457.8975574230492,1580.3151828883147,1542.7377548254115,1578.3354792065775,1490.3973302328666,1422.6815825997821,1475.2391426038512,1512.0840010781717,1449.77245891328,1499.7411561449715,1466.6528693592143,1583.7885321965935,1457.923587017886,1546.6248906888568,1436.6057851629685,1444.018751040486
16,1611.2608143120326,1486.009735318749,1554.8675667540608,1503.7599257469783,1506.2349355332512,1474.8547121200525,1509.83472344204,1495.056264201121,1528.4874042290842,1487.333887237846,1439.9049330408268,1530.157695182529,1379.715860434675,1482.881288043837,1586.3420028267797,1498.626424171217,1447.1332625780062,1572.394741782115,1517.178208359301,1584.221900978079,1484.2963276299956,1430.4440597526864,1475.299476153568,1507.2173975920543,1478.6022248465938,1507.4527201405933,1437.725429489415,1582.4134959440955,1448.8476400031986,1546.1860211949754,1449.3881544899853,1455.870766470257
17,1603.5020199176945,1481.8325267895482,1564.693900192608,1492.3465189660085,1501.8044013442536,1480.2722183753058,1509.851192606581,1510.9966685959216,1531.8818103939814,1489.9129818825854,1428.6943870146267,1509.6296636059064,1403.609760473586,1462.6851332096599,1595.640015984486,1510.4453372151593,1443.5115498419136,1583.1919459533694,1540.2914118734418,1577.1203542064159,1492.7538642330676,1418.8640169180608,1476.4763977958191,1503.80005513905,1473.2843699887192,1503.6785408363667,1449.241555434698,1585.572730742708,1449.9355575755794,1528.8208010511298,1453.6221001537795,1442.0362116879687
18,1604.540925329918,1476.9436646276931,1563.9572772073952,1489.5892569358405,1512.3099274582771,1472.1883144403103,1504.8037579690274,1506.7050798179025,1524.411660713769,1489.97519004102,1433.270373600783,1532.1128133069808,1390.909091991045,1487.219473380455,1564.3742432041277,1495.8551951066754,1434.2627353487537,1568.2735412756365,1545.0758531893011,1593.1385635111576,1486.0209147222931,1430.8234598841757,1481.2157556175548,1509.385499780485,1455.6085266312411,1502.7684884941907,1456.8351490983862,1587.5859163197858,1455.8711003261449,1556.7847711299244,1446.3687423471026,1440.8147371926468
19,1605.2705984893382,1481.5291524043807,1559.1269482737832,1497.7242343049343,1500.7732622298145,1479.9777209303609,1516.5603331902137,1508.0130999365626,1530.3304125354978,1479.414460773244,1428.3975520113663,1512.4066572454826,1392.7991577564333,1477.6228803808856,1585.2482090321391,1507.0866451194677,1443.0299829705075,1579.2737591923942,1538.4413177533752,1590.8633195574357,1483.7556800622488,1434.6755254101906,1474.8713506455772,1510.4710752264868,1465.9483880169728,1502.3044152968928,1454.916259400488,1573.2760780682008,1441.229617944781,1542.092698989233,1450.8933536744205,1451.675853176891
20,1601.4666937778109,1486.026322097232,1559.2422295973865,1494.3910675406269,1513.336947231972,1457.573106751907,1505.9271578244854,1520.6047554598797,1520.3982416876704,1496.1696890543026,1440.2279913783827,1517.366599407591,1398.7014721471553,1492.666203857019,1572.5215605955323,1500.534687605097,1450.5668882697282,1559.0144441196408,1539.574867957485,1583.5899223421322,1485.4530639945674,1446.189347985092,1467.8448744489692,1512.9806541108487,1471.6180013824935,1501.6145648015827,1437.5689309231486,1575.6557189537732,1455.3520677441002,1546.6053367146758,1432.4698284423155,1456.746761795397
21,1613.5343947973768,1497.3307603366504,1557.8702987792494,1501.3702455358375,1496.0368051818477,1470.6944884287602,1521.519087683445,1507.3350500211839,1526.704566570785,1481.9583469646539,1430.1410807395362,1505.1979170917616,1407.0179391411843,1483.2183303275024,1577.6228812230806,1508.1021026397902,1437.723927422839,1568.9485198606249,1527.291400654607,1582.7802136913629,1495.312097374337,1421.109074424824,1480.3685664598981,1498.310591403594,1466.1045445243906,1498.6689223730739,1468.3220322918592,1576.3391375828935,1446.0037111934414,1534.6730458819188,1452.528644869419,1459.8612745282717
22,1599.3522222881372,1489.8864629816337,1552.955340514624,1496.0667236916845,1512.7921608708036,1469.7164360986733,1526.6050052434518,1497.2019265917052,1537.1352151620347,1482.790468427368,1446.6164841647458,1517.749613475972,1401.2846502728437,1477.6783117836574,1574.517368075906,1502.983194891905,1447.9203874320895,1553.5986080490168,1534.1736105079237,1585.9295491665953,1484.5832344587589,1426.2160872768986,1471.7536739316686,1516.9496576614274,1460.6710281896046,1505.817256398582,1449.8572907125395,1582.4784927388555,1444.489819794513,1528.5313369889986,1464.918625530464,1456.7797566269182
23,1611.9045968327362,1475.8670689668024,1560.916941059398,1491.3473790087596,1504.9664281692462,1452.5478481154564,1519.2673967750331,1511.7643617069164,1523.5646858087684,1489.440364637239,1427.3641650127502,1520.166046974295,1402.982594083599,1497.9411402580477,1578.17860119814,1492.3695265386807,1429.232123526038,1578.268493040878,1538.7663257890242,1586.914782170795,1482.8136488212328,1423.0444150866308,1470.332610812778,1509.3770469041706,1461.2331969461263,1503.329693943917,1480.6612986215223,1580.385347272958,1458.492282477448,1541.211538114808,1442.6687712403484,1452.6792800854557
24,1610.0711553204583,1478.3732245665087,1550.6308389991564,1500.0590467284403,1507.269114051986,1474.4405293531752,1526.0801397744601,1518.1957089969333,1531.1750496489585,1485.3028742351219,1430.0598887635092,1504.2385707825313,1404.1205800416403,1473.7272689244194,1584.5962673108413,1500.8177885913763,1448.640630736929,1575.361985230626,1531.934891237382,1583.5186683834488,1492.4973985888716,1427.1561396180853,1476.4530584071608,1504.9605108909414,1466.9819375174402,1502.9419197500433,1469.8231462398091,1566.9492866518901,1446.5486455069854,1536.3305583692056,1448.485773033863,1442.2574037478016
25,1602.8877228259262,1472.9212861056074,1552.4092781597594,1504.7488188436807,1498.4151810605736,1475.2376782480103,1510.1318220733287,1503.286916276358,1532.5471164596065,1491.9072706494949,1437.0913285583465,1515.4452515723253,1397.876186327622,1485.306944556446,1583.8003523404084,1494.104089320753,1442.4692573540394,1580.4383146576533,1542.6820633049479,1591.8342604327947,1488.0758982920852,1431.4542737725128,1458.9929807255946,1508.4508676912722,1464.8854909087236,1510.16462011767,1455.6520913287075,1582.153295788759,1461.7468203153849,1531.520550263512,1450.490973051305,1440.8709986167912
26,1604.1295837136581,1470.503760453856,1557.0360709700271,1499.604571681727,1500.6048070359216,1472.3963795221266,1512.7239422130606,1514.7170621749071,1530.6654954708922,1488.5191949846273,1433.2493873913043,1520.1038332308894,1389.2361743008405,1480.3623965121649,1588.5738861669304,1499.084335881596,1446.469575017779,1566.2908750812476,1541.2042664596152,1580.111902164785,1487.9095546432654,1424.8592263132784,1480.7935440132562,1498.0494943866343,1470.9002498079633,1501.6033351802712,1457.5153309414518,1584.1496913885053,1451.1504729986248,1546.9561543301638,1454.180124373443,1446.345321195186
27,1595.284826742076,1477.8298823340535,1562.1564807555521,1489.4533324246568,1505.6283477586408,1494.4994627751457,1516.119716643995,1515.574734668646,1524.426787486645,1469.826751291355,1435.376022696022,1519.0627155510545,1384.3651396377968,1474.4417500356583,1585.4066443469223,1507.81775048544,1435.7532624172143,1574.4540298829243,1529.3374166718859,1588.7761305577162,1489.455393761512,1436.3824153789496,1474.7880028940522,1517.2058490876238,1474.8794518550856,1491.0291544476347,1465.7027244776,1580.6424061376945,1453.512539640339,1531.903603737801,1446.0141143544188,1452.8931590638886
28,1601.5618028797119,1480.3292572251826,1570.4003611636674,1482.4271314622451,1499.4075078999294,1491.8349652750583,1501.535607563469,1509.8755186751346,1549.6019111316868,1481.7247121469588,1426.5526551081716,1528.5539029711008,1397.8291479526908,1497.6426806149163,1588.1581058204517,1504.6652791486044,1447.0106841786762,1559.3540402606302,1548.4893022347705,1584.8112421609314,1478.2306266473229,1431.003706541536,1475.1724290641357,1510.0957071355358,1458.187567603875,1509.7365735760754,1444.946461935797,1585.5695477888753,1440.5027002837608,1537.8758536477458,1442.0931783561587,1434.8198315451932
29,1609.6878103112708,1485.1228697426445,1552.2258439603245,1497.6735981547104,1500.0766685183069,1470.6964149798018,1518.7317531791525,1509.3380428021685,1541.791898960378,1486.1204111937773,1430.1530110490296,1522.1277125436131,1402.6906096070727,1479.8847739322475,1581.472395576864,1497.6942529333012,1449.8717722481124,1576.6684793113598,1528.9575219821372,1587.9031236909311,1487.9454597799656,1421.9967172961879,1474.3317543746118,1511.3827989040576,1472.3687369657018,1495.8914792324354,1439.4716975346414,1580.0952349494721,1456.7768314189755,1541.3155449931771,1443.6335416871755,1445.901238186394
30,1600.9016189234862,1492.9810622354605,1569.2428110933815,1488.1885388287499,1515.6536427333992,1472.031755557777,1518.0094437382181,1504.0230777623422,1527.7912412217518,1485.4765422940475,1438.1083045926348,1501.9683449274598,1397.7559501635126,1488.76013821083,1596.8971563488726,1492.9653593218213,1442.4301076773868,1582.7170016200548,1546.8000720729415,1569.8934110463808,1490.3194233099753,1417.3893470802814,1463.6876876748847,1508.0363285665226,1468.0954404516965,1503.5566579117428,1462.854985118082,1581.0074453364782,1449.1266976333986,1539.9125259015173,1437.6446902528278,1445.7731903920842
31,1598.7561001914203,1483.5247434310768,1557.7309712919214,1504.8227654018897,1499.637366865879,1470.7858358267006,1506.1617129634806,1509.0920302372792,1530.0377479088017,1487.212868605762,1435.4983334521835,1524.3874152154638,1396.4244122303062,1480.8300861750465,1575.109819167768,1489.5117639372809,1438.5687967078002,1573.9559344537433,1524.6353430394972,1588.984350736595,1497.5519718467035,1425.9272303398018,1472.3758042513182,1514.3532644330626,1475.208204870568,1511.6147203649302,1459.717017260684,1575.1356619842275,1453.1292096173033,1538.446947267113,1448.7054681854352,1452.1661017389574
32,1604.6819831879147,1480.5543851297,1556.1136404281308,1492.9781511126823,1502.5245013532017,1487.147866785271,1510.036505596256,1503.2051652195819,1525.3402332001272,1482.1159094885418,1444.850327480895,1511.5436217423533,1393.7052399790205,1482.20250661361,1573.8557080545343,1517.1832784196558,1455.5120831044285,1571.8405228349718,1541.7604674155348,1589.9613821986059,1490.8100125845447,1419.3172658781232,1471.6344235794384,1503.5751036472382,1468.1339129512219,1499.889115008093,1455.628938078752,1581.532904251096,1449.1095871493972,1543.1063858239224,1441.6271313362574,1448.5217403668985
33,1598.8344399146072,1489.79324993166,1567.9231491316662,1494.323847094126,1502.9980107057586,1469.3547208105297,1528.4870963846427,1518.9687761068842,1536.2068840838465,1484.8955123161652,1437.2913842125438,1510.5800963963236,1400.8301034214637,1479.389744593727,1572.5554625709683,1500.960049074847,1439.1951536892332,1565.5506758345446,1536.610468156506,1583.0207904325482,1493.352241517652,1428.0804406874483,1473.720469387433,1503.0854209519998,1447.0316778192023,1509.6965746585186,1450.5895361929956,1582.270674986631,1452.4709228578806,1539.4908269031205,1446.6860111136248,1455.7555880609018
34,1611.015243764661,1464.8571802262002,1565.9454361392977,1504.555621405623,1503.5288417137106,1475.0385757880426,1507.7533969290141,1499.9798794288236,1523.2659113614063,1482.098349541016,1425.8305724333443,1512.998611657843,1392.1606634179611,1489.0842682319471,1580.8918977282954,1511.1250627130614,1445.6378675428255,1569.6832347670017,1533.566604499316,1583.8777927368656,1475.8731726183275,1440.9155021429176,1475.1251860220586,1511.6177838952487,1471.291300820664,1511.9254565476747,1445.1850180258596,1573.6150859006482,1457.8813531981677,1539.9375516073835,1450.33238739002,1463.4051898047735
35,1599.0879172882628,1484.8144592348413,1569.5189462856547,1498.4019519151134,1503.7232502979596,1490.9586511048483,1504.9522448821824,1507.375296346578,1529.8872630556548,1494.2041074662495,1446.7185055053035,1516.1609380489092,1396.4292207370759,1491.2159123313513,1581.8675044672373,1490.6274174388948,1438.2104563629011,1574.3353627922904,1525.4668680109287,1601.3457154130206,1478.7602081904136,1425.0644717370008,1472.7039510982256,1513.8707262527942,1452.1230809578933,1495.8686618121192,1454.337885748338,1584.763743579228,1442.0842728487125,1546.5766568005354,1432.2777020326205,1456.2666499568618
36,1609.0660493744176,1474.3287225160823,1557.8105147916476,1495.6521137144643,1500.106915844057,1479.8304910549741,1507.3242979677739,1517.7861039242628,1529.924537815696,1489.469467476814,1426.0981419121822,1519.8371202324995,1385.9776634348946,1479.2829979212438,1580.92500449973,1501.1882459996636,1447.2599334546758,1577.1245034160506,1528.2357200276015,1589.2646659920938,1487.392798453979,1421.9621262215658,1486.338019617287,1512.3816417496862,1462.4263690912933,1491.4433606657783,1461.7683687006836,1578.7829746047398,1457.9998865372431,1538.0534981537423,1442.714788746653,1462.2429560865237
37,1596.3963786373818,1484.7515621847535,1564.5005209980136,1491.8799567518179,1503.0670790858026,1479.4179513447555,1503.1843939838425,1506.810318627947,1541.2927724028777,1488.8856938685853,1443.4975765708657,1522.9429775773003,1397.0950025597601,1474.0478627388545,1579.7392650160675,1497.5620665295457,1450.2150979225978,1577.5539298774363,1533.2878778934148,1581.4905197848518,1480.5752491607052,1422.3644515592566,1461.4845396824078,1523.9932609612415,1457.6784740574317,1490.9429213304752,1455.9572554198942,1574.9905380897426,1451.31926326411,1544.167436762645,1457.3311998717224,1461.5766054838957
38,1596.9746052653106,1472.5292113554308,1571.003327189476,1492.2247469234592,1498.9788380273253,1469.7992254822152,1519.0450037183066,1516.7957863421295,1528.713764160397,1487.908667304607,1436.8668061300561,1514.4311281197763,1395.1424790649069,1486.5929701318164,1579.449456536721,1501.1105506989072,1450.535609667073,1570.363832738966,1533.5591401381553,1576.953321098571,1486.3112121156057,1434.2879117251844,1476.7742098628216,1513.6048685332714,1458.8326933383594,1490.9953892555304,1450.8353769314313,1589.6540935940445,1452.4376779022662,1551.8025680867124,1436.1133940016632,1459.3721345595031
39,1616.3319714955046,1473.6104401752998,1559.6234854420886,1488.5304718326365,1510.6068031856903,1466.0296035019373,1512.7038365948415,1509.2475932325945,1544.5646050797634,1477.8577913245445,1436.743452479459,1508.980947164677,1398.7862838670117,1485.5487617609983,1575.1003321882865,1503.0339091459725,1449.3054423631174,1576.1756367399548,1544.4179451400832,1592.4543325866089,1490.4129540991971,1435.1251361200796,1468.161595153329,1514.7613682599429,1461.383619727035,1488.6608185706677,1457.671746399686,1577.778236824985,1447.291534032471,1533.22470376572,1440.7950382784518,1455.0796034673647
40,1613.0717614319697,1493.6566486591425,1569.0169881237518,1491.335293425407,1502.2052794323802,1468.2338919782776,1513.8397060660132,1521.5850981814663,1540.277805725262,1486.9740425197208,1443.7461409042435,1508.5439886858157,1409.9894119232029,1479.2817709690473,1567.8500182741932,1508.3906996367368,1444.9071747851262,1567.6038618348707,1539.0941257647416,1580.8105511933165,1494.3403326561418,1429.3945133533887,1462.9139960006378,1504.2685153240059,1460.0201883996317,1502.765722925562,1458.0821666195316,1570.1594129802747,1444.0696942885183,1537.658312912,1446.3904071895452,1439.5224778360766
41,1603.6644035773634,1479.812528947385,1559.5498130151432,1484.5019403446681,1503.0793838354468,1471.0823986444675,1513.287058817962,1508.3264096873042,1535.8069280021377,1479.2176183932477,1426.1621334807198,1526.8383398783578,1394.3525984709534,1474.2421305753664,1592.526244037988,1500.1728257061525,1444.789515459354,1571.3577103219552,1523.0910603315197,1583.6118556506697,1486.1966559990983,1428.38217284257,1483.5357037557533,1516.8435481519525,1460.012078837418,1502.1582843708911,1464.8655631063575,1586.6661940655063,1450.1119702198785,1549.0199143918867,1446.6014654164917,1450.133551664034
42,1599.373291734997,1485.6593123590242,1559.4478679831814,1500.5714028082834,1507.438573298172,1464.1887596574786,1512.024293025222,1499.944921361092,1520.099050159388,1494.171905066959,1443.2492710649135,1529.7183873851056,1401.8976501493848,1473.1864454979016,1567.9376288959156,1494.720255263362,1446.9384616633622,1580.386989462354,1528.2149390675374,1585.6062964792218,1483.2411212674367,1426.1451016773008,1476.1019173489233,1508.8977772609285,1480.162848535588,1501.8025940263162,1465.0842352897062,1570.7943434390693,1454.0423588386216,1543.2995693938185,1436.1297208120786,1459.5227097273557
43,1607.5437212732113,1474.8814079881183,1559.7531450438923,1499.2979856319967,1504.2821433138145,1485.954615333664,1526.1869777788072,1507.5793726641925,1520.3999945170774,1482.5662533825023,1434.4079335717324,1510.5054914262453,1395.3964970430238,1472.9496433301322,1582.860391592416,1499.0957685776148,1444.992376222741,1585.2344693168905,1536.4708224157375,1583.573286076172,1497.7804623958932,1428.5422136824416,1479.5562108213396,1511.9015752923613,1470.6926408026115,1491.488804566446,1452.5165200839435,1584.9699657734134,1449.8354046038664,1529.614143167157,1447.5835832098885,1441.5861791006557
44,1610.2584519347483,1478.8362081291261,1561.8282143685908,1487.550321860073,1506.0876844501474,1485.7551101578351,1520.1784750326526,1507.8311234748808,1523.661814404406,1492.9489615792454,1452.3099880506688,1513.1805233800833,1407.5829498738715,1474.9045504146495,1578.4379938368786,1500.8883005791686,1439.3186767879877,1576.011071069508,1537.3458990594445,1584.2511388857342,1489.2012145870556,1422.580075825171,1462.0605598816849,1510.7250962074825,1461.3531295344828,1497.3087234760967,1457.5155683064659,1576.0585005841963,1441.2706618541317,1545.4378877287586,1448.4417494339884,1448.8793752507854
45,1608.0521412953565,1485.8400502673524,1559.7860284069066,1498.9947537751468,1504.4530899579572,1472.7627603113801,1505.911187568055,1504.7111540756384,1532.4925998427873,1486.5604986588423,1434.0677615045627,1513.1392370580863,1400.8373889328677,1487.951806694114,1585.8718050970526,1498.587531968134,1452.1385448640071,1581.357782093407,1527.3261721163922,1586.9632028784774,1493.4252131949509,1415.3883314721108,1479.938643915709,1511.1433380993062,1469.0317235768614,1495.7531749721413,1450.3471307312325,1581.7769463199509,1454.5503778672078,1543.0837406285423,1436.3569142156316,1441.3989676398312
46,1601.7582796691058,1496.949790434456,1565.894508986472,1497.8284216262414,1506.9657800008686,1471.7600648745452,1520.436804151072,1510.258693183841,1533.5197364063072,1483.8417190146583,1426.8411449037733,1522.2998300561337,1397.2841595392022,1483.4113606581864,1567.5038044720611,1493.461790875418,1442.7228544073182,1561.477806390945,1528.9421189139819,1598.6531992787222,1490.881055338323,1435.7613548995737,1471.233941103967,1497.765411168446,1463.0340423386726,1489.9124225464275,1452.7392407090106,1584.512965685423,1443.6881816112514,1555.103607913993,1449.5772125258293,1453.978696315774
47,1595.2695197942935,1490.5322411034786,1566.9519595232025,1487.201662906758,1506.6379733075055,1474.7636774988227,1513.6473132290632,1505.9282224468582,1533.5178322945756,1484.7281048764614,1430.2644012218566,1517.0566596342437,1402.4156272882735,1483.9287763608995,1579.315895370577,1498.8588892794826,1448.9738792356704,1567.783825443499,1533.4223534517403,1585.0260754408162,1493.9723963412707,1438.806451094453,1477.1195849960259,1510.6791029221101,1465.2117881462793,1508.3147481996493,1455.2287704417386,1572.4608943084131,1452.0604420943362,1533.5236161892628,1439.637089143043,1446.7602264153404
48,1613.4312343796696,1479.5280476164985,1560.9749424047457,1492.3992645185472,1499.3291319702587,1477.1136293306563,1511.5826217308618,1513.2617402265423,1531.4844599323717,1491.5919371717387,1452.482259125131,1516.5897232642556,1387.774900268043,1479.117577390442,1589.4175602683251,1492.0332860007184,1440.6301126358649,1577.1281671246825,1550.6356646651118,1577.1125599104864,1496.0972527636281,1415.7077526926241,1481.5448931029086,1508.774593701194,1456.7162744511145,1492.219411853201,1458.3072008113106,1581.3147953225002,1448.3461041986452,1533.4726655865538,1444.9075905252018,1448.9726450561666
49,1606.7473006844064,1492.1279694364018,1556.008198523847,1492.4041941016108,1508.9034044738448,1466.9729376444284,1519.2092648108655,1508.2901791010452,1535.920620992974,1477.665893693072,1431.9294236583657,1509.0602960995277,1385.5838835444918,1485.1389783824955,1576.554017430252,1500.7021852555426,1454.9272408930815,1568.0713417846846,1547.811820361953,1586.4515879851701,1493.6133544317513,1424.953649750689,1487.34099971509,1500.970424357038,1470.4422808002905,1497.7249175074287,1448.2943879240659,1577.2752019748284,1445.4657440896124,1542.9053570039005,1453.129368175461,1447.4035754117842
50,1598.5668455542461,1482.5969961352152,1551.2206435802639,1499.8911738519503,1501.228646967175,1461.4474548804055,1518.167303359631,1521.6535337578478,1525.1956557658928,1475.7250742252625,1437.2402249610557,1518.973253702729,1389.1836709246907,1482.4330712471422,1571.960790972257,1497.1561147370662,1447.0246766683285,1574.463082774351,1535.2780388949868,1580.1517990009152,1496.3531920601606,1440.3266402225427,1473.611405854048,1519.9463842259172,1452.2365411612961,1509.521760778084,1464.1432809980372,1570.0796077101581,1463.8823636162524,1537.013705736227,1451.391831206206,1451.935234469659
51,1603.184521595072,1478.1657493311704,1550.5974454485956,1497.0499410765376,1500.0026461043067,1475.614897922536,1516.5966849844733,1518.4472113336012,1536.0968730480824,1496.0244530651753,1437.110597762204,1518.468556204795,1396.1739585094526,1489.8027414397093,1572.9756783735286,1495.874585822377,1448.0931020600835,1563.9728493625444,1542.759905214639,1574.2755707149704,1479.3367901433096,1423.7992198037975,1483.3090536466054,1505.4962269173027,1459.3010318729262,1498.8776407314665,1454.537006457858,1572.9387067189998,1464.314147600086,1545.9914553188726,1451.840645892521,1448.9701055224
52,1602.572653160563,1474.8154184966447,1568.7845869680752,1494.784211815111,1507.8201848075428,1481.7012751228458,1508.898233991254,1508.1986459131401,1531.4287458564722,1491.7951328243887,1437.190779472522,1520.7271622747141,1393.8198319641733,1483.9174145941474,1581.606375790779,1504.806893701253,1448.6201266546839,1583.3095291941127,1525.5435056337515,1573.7796001965073,1483.7624595811076,1426.120925325096,1474.376987410816,1519.9809536586029,1471.443829287274,1482.7594419908637,1446.8633747395888,1583.0154951129387,1462.5295819793148,1536.2204189534395,1444.5754886487366,1444.2307348795393
53,1602.674391679347,1480.121574532585,1565.5971377620372,1491.7768436366218,1502.3449806784358,1463.7272971807515,1524.5637892682741,1510.8293011750727,1528.3840092260991,1482.8849943869654,1435.5054231231793,1515.840408823993,1396.4914058568243,1483.3655454132463,1578.8018188231197,1495.2357971602466,1440.231414790213,1577.5100674559383,1532.3495460356978,1582.673167006222,1484.5978401514317,1440.6742083466295,1476.1982887154122,1526.4673954763691,1459.702438824714,1499.4270556618853,1443.792330576148,1583.2355445644334,1458.8108716337067,1538.3894384252776,1451.228102590143,1446.5675710189792
54,1614.7895387352692,1487.3297966025402,1561.5153391981144,1493.80304392649,1498.4601537845674,1479.957183242647,1524.2055405254334,1507.001859855257,1533.6860993507298,1480.9132484234774,1433.01146014413,1509.6427001827258,1392.8389933387602,1486.693241912609,1581.5574984060472,1499.6763847372813,1447.000055070017,1586.0199294179652,1542.8116261275745,1580.4142851144243,1492.2600524427592,1421.7851909571173,1474.5526391430242,1505.401001647194,1450.260985993747,1495.6113672098932,1455.126828983405,1571.936103472699,1457.3777132933749,1544.4352876752064,1441.4599207543417,1448.4649303311778
55,1602.0065060465847,1481.9109771768178,1551.8057904584682,1497.708526753545,1503.575766680663,1474.2166560329442,1505.185907610216,1514.567976600144,1532.7262282566305,1487.3410206983367,1428.9042666343043,1531.233789173844,1412.3124641439435,1480.4872463051415,1585.1504212510376,1501.0597551109975,1442.2184852716066,1572.768482442315,1528.2764963863735,1584.8261630531358,1498.2685667876008,1424.2640726756713,1470.5070143838736,1506.1994180268418,1462.0243780566886,1504.1764864590739,1465.5814480664542,1589.4813760910156,1450.8991366049274,1522.520809827963,1437.8893594545177,1449.9050074783227
56,1617.1803403135746,1479.3610197000194,1557.3867991851096,1495.922292155786,1506.0302494240236,1486.5781773287317,1517.2807671099245,1508.2029610754653,1525.7868872495958,1478.6078268701851,1429.722198859678,1515.558921969373,1388.8388335996328,1477.4679611769052,1576.9298999767052,1511.642018790052,1432.3718611239897,1575.830292371497,1527.3814152035634,1585.676952819763,1490.3166690090216,1432.7994095035401,1478.3896598785823,1507.6701588084925,1474.8213813544003,1500.8545584067642,1456.0414124865438,1575.282074797375,1444.969557205211,1534.2438789590335,1457.444637305713,1453.4089259817483
57,1609.5039015105328,1490.9805742487079,1562.031952323804,1483.0780172651275,1504.6640590349896,1464.2652786285812,1525.9478661388573,1508.8986204023047,1535.0556454476914,1479.9428649269562,1442.963376014028,1520.7818562226446,1397.6949630835852,1487.0777821920722,1578.2555644867125,1503.3538026203476,1438.4026300449152,1573.4065679302223,1535.0321280153773,1585.9469031545104,1489.6802109552077,1421.5879579407435,1478.0205416548288,1502.3740985604663,1461.8426194132185,1494.6809706320826,1465.244793388041,1573.675721805382,1455.3448686523475,1545.2699106515893,1429.8032216926758,1455.190730961449
58,1603.3765202196778,1490.905766707319,1550.1053811895142,1498.1266536206372,1496.647005624235,1481.1086937237214,1511.4445938756342,1504.2495558853689,1536.3394269979817,1486.5638788121971,1438.8807836740439,1518.4374743934652,1396.6191718629627,1497.4757369432689,1579.6535764485,1500.9900052093062,1446.912947831514,1568.7976195357544,1544.1244034837696,1576.0917917726197,1488.9900350926598,1419.7859652702477,1481.7256249766017,1507.0252733206344,1467.330718433327,1483.2678556701721,1459.8029614540958,1575.1301374418927,1458.9975034163654,1534.9024248979156,1444.7305785381197,1451.459933676477
59,1605.0193747233222,1490.3698922799338,1561.5142325181866,1492.431986863354,1504.5137822556528,1488.4011239355,1513.766356468956,1521.1945735205497,1535.9968627570252,1492.8276470861917,1437.916536210547,1513.8157911706721,1397.5916484634333,1489.3583507234268,1564.6698247402471,1511.3781253204156,1448.1848753051281,1574.26491339403,1540.0157439933516,1588.0390702548614,1484.4380330396777,1429.5364179756375,1478.5055497852427,1512.229746890808,1462.2078654132358,1489.18599323083,1446.9161577527357,1575.7116924888542,1444.8856924817403,1529.2439445788746,1432.6147905850196,1443.2534037925586
60,1611.7839131760527,1486.4220273139522,1567.8283954927717,1499.6868115360892,1508.30364784827,1470.2096666765322,1506.0169999116981,1506.4245733680966,1531.4802138750874,1477.7012533266923,1435.298456637888,1510.6300817239267,1403.6921036873857,1491.6876925131241,1581.052979651504,1503.250382745717,1437.808498721598,1565.7317197361183,1532.8362164480832,1578.3499498987153,1480.2809622816458,1423.6324320114038,1478.6526532640646,1514.1561872759517,1480.0871878325343,1488.8791450269734,1464.2920489949377,1576.7942645979567,1449.4770236404222,1539.0966591557096,1448.6494480991091,1449.806403529989
61,1594.1998631532897,1473.4149347285477,1560.1511455669324,1496.2193758304181,1514.492716154924,1459.0337847576034,1523.4621232960776,1504.4152345154735,1532.3419667822693,1491.7261922471573,1431.4904516716635,1523.1220810692098,1405.43784962959,1486.3779829760147,1585.2434334454745,1502.0165318786292,1446.8563478610893,1580.189110629085,1533.1565000254368,1590.1504828728216,1488.0646411602293,1421.1417655613282,1476.8570382983053,1501.3499754377335,1462.6320154669575,1505.091206106854,1461.2826380291583,1574.7575708282166,1446.784756052031,1535.3495377913364,1442.6604417299936,1450.5303044461493
62,1609.727919803282,1481.5419754996824,1559.8667557948218,1501.7370402503793,1505.242950360474,1476.9113772488083,1518.686926779314,1510.301336790368,1522.86937750319,1474.3506557047203,1450.4726059177335,1511.4056455870489,1395.063868947306,1476.5694089629444,1583.9733310597908,1505.2363702520965,1439.1711762196192,1580.1517351592395,1547.178872129305,1576.1832334777416,1484.8298693897987,1429.9158855006538,1469.8738199245672,1509.8708805396689,1454.280040458347,1504.9532393047252,1462.1493890981608,1572.4458475202473,1444.0985697264684,1548.591821075922,1445.8616340787719,1446.486439934803
63,1594.5703414538123,1473.4838789587552,1554.9853567432392,1492.3009767728283,1498.1934034028543,1460.1561227241793,1506.3860320262843,1509.2486363779933,1542.286627322326,1493.217642916324,1439.5497976507684,1509.9524369045835,1390.4225905012343,1491.3847930014822,1577.7865917392046,1504.413663942722,1449.3470451919497,1576.8191723939042,1547.8107601165318,1579.82324854804,1486.8095389476698,1432.7662714121884,1475.695210715315,1512.6491453810859,1472.172058488785,1491.4272621984053,1465.4307890822386,1586.3741297585366,1456.1662018896568,1536.9911689844787,1435.8425247792352,1455.5365796733877
64,1613.1277846863375,1479.7449909400152,1554.099824025397,1488.2372612456668,1505.3939005532986,1469.2335098286721,1521.0684895596899,1514.5598146383584,1536.6250791638024,1487.1020479587812,1434.9483992400735,1508.1580327051029,1397.8400958176344,1474.6120483325353,1568.0669446448571,1497.9076180608383,1444.565265722303,1571.3800888517962,1547.668310994452,1578.8360346034337,1487.3662829038115,1429.7109626326046,1481.841108948379,1519.1667537884832,1469.6065934659273,1498.4042333831608,1450.3836416374106,1582.6131322961455,1452.960772701649,1541.390281483443,1446.0053164515784,1447.3753787343617
65,1591.314807018412,1475.9161687042904,1560.8632217721008,1494.4805476919687,1501.933318763563,1471.2049515596993,1521.1499353484087,1506.794341342979,1540.4647264378575,1488.2843665033174,1456.241587359898,1513.7521836111607,1396.7721937029717,1471.5210578475992,1584.3784074824546,1497.3164975880627,1447.8833561744202,1580.8550018672004,1525.2125883144017,1580.509651689566,1492.4479955723639,1430.3818092151469,1481.1269219611142,1507.4341667157082,1473.1584782817245,1496.277735981584,1446.9095557129979,1587.0035447906585,1457.0350835010415,1537.6979779903363,1436.983898291098,1446.6939212058944
66,1597.3220888204237,1474.7260393771821,1569.8942112231566,1502.3471198530049,1499.9460172974505,1452.9795326004876,1510.4731566941978,1514.856985417291,1532.3948931793823,1492.331837182458,1445.8470142147976,1514.0886756079008,1404.0165573943718,1485.2264610253058,1576.4324649248574,1491.7488073846168,1449.5448004385305,1572.4771443478396,1536.4966847627666,1578.618339980873,1491.359133287863,1430.9480490896767,1482.8161131618212,1511.598741408783,1454.6462416552363,1513.7927187034738,1468.0391948813813,1579.6492337116874,1447.1012832673468,1536.0077099146827,1435.9937366574445,1446.2790125337087
67,1610.5747757097042,1479.0045903955854,1565.513988940583,1516.0982393075592,1508.9571838209436,1479.539912218333,1510.396878389544,1513.055812268731,1534.7384837518555,1490.772474565827,1424.0733747631011,1518.5330000707063,1398.7153082955886,1474.9055951310659,1576.2795661500334,1497.0167763195823,1450.2230740538134,1560.7925263996933,1522.889063550857,1576.8027695645872,1486.393879121859,1439.3461424230927,1469.7158840993523,1502.4981733626907,1470.6854052461129,1494.7281485673877,1467.3471267429672,1584.360742282882,1441.9068052519176,1538.1194527631915,1442.2628744387057,1453.7519720321466
68,1603.3460291056886,1484.0504381908236,1540.3077170193578,1501.747377460154,1499.1518701336922,1465.629194887737,1505.3275870583032,1500.8998648845702,1531.7770238238336,1479.13556233436,1446.7659983293088,1510.0335883433634,1391.0111092901477,1501.5990303950705,1574.6555263121325,1508.3160625697487,1453.5087465303911,1592.380440146862,1523.624584152644,1582.6572267409554,1485.357942803083,1437.5464578204662,1471.1856718250115,1509.4414939573314,1463.5173138451669,1509.8562572457804,1454.5499557295147,1582.3153649951612,1455.5788653020302,1541.6377115365851,1437.9168851990223,1455.171102031703
69,1608.3321538815167,1475.006474997252,1560.075768570903,1489.9649480306425,1507.9769766519616,1469.312585681485,1523.9385645306063,1506.6742782799379,1529.9718210019557,1485.7817693645911,1436.9850805303583,1517.6388271087917,1398.1792101122303,1486.6963694026683,1575.467329153965,1495.150540874865,1451.0409333369078,1579.0599448671219,1525.522344379242,1588.1315082374952,1486.1039104464262,1430.7389178646465,1467.0091428516296,1502.0373036214423,1455.1546849852964,1505.7666985474953,1461.4722607610859,1577.831294914877,1458.9713854516237,1541.8522178591402,1445.3151778186145,1456.839575883225
70,1607.7823615724806,1485.7055343462332,1560.4519552616403,1505.3760701045949,1506.7281009346364,1468.383535433431,1513.237159839744,1512.945615161841,1533.577473412404,1489.0411454079167,1428.007142121992,1510.5317241210626,1396.8956083566475,1482.081985332425,1589.373178499906,1501.234922923888,1446.4957055062073,1556.2199619765036,1534.3431235012547,1580.6617157672122,1491.8731964742256,1422.442177280868,1476.3375818951342,1528.2436997687432,1449.5691460591809,1492.2885422706215,1458.173006480939,1577.6888822762364,1454.158342628887,1545.4556536314597,1447.9356556565967,1446.760095995087
71,1601.6497481566512,1497.3056522659588,1566.5530073218529,1495.7997858291942,1497.806788422916,1468.757022292351,1509.0172945674133,1499.3370229268146,1521.4674520505864,1488.7852941900371,1441.345598939092,1510.4479507517517,1405.3844018151322,1481.5111670034953,1575.6745839929672,1508.2962775204023,1453.244021192714,1566.1615844953528,1529.367151549833,1579.5923339790584,1492.2436804594604,1434.0608631290813,1477.5962599846048,1531.4514185415048,1459.2110033104218,1501.2186519627219,1458.9511421561017,1575.5854049898123,1451.4226015133338,1545.169893311585,1435.4636814210007,1440.1212599567975
72,1604.7356825419286,1485.5304989836425,1558.4006639078223,1495.2356332372165,1511.478777533835,1461.56558729894,1521.2083962572997,1513.0177442891923,1536.8833724707413,1484.8797762419572,1440.7914389737887,1500.764492266943,1393.316127804435,1472.6424219328264,1579.4416193067707,1490.6777717662133,1445.7553765778737,1589.6712065017362,1536.6647327130881,1581.936377827825,1488.9394728815744,1429.6942473817264,1484.0507705546042,1508.1110451271147,1464.2624509096045,1501.7446081644657,1444.2964046010625,1585.0966947148643,1446.5251353453082,1541.9449812545697,1444.542133031563,1456.194357599467
73,1610.1186657892404,1479.572817417681,1557.9546072634446,1490.8937016753869,1501.591228902493,1472.4878274391117,1515.5694969379122,1506.5408449131533,1542.7288370292456,1480.447779638251,1427.1073817206234,1517.2151744998641,1377.7591144122136,1472.8952770305295,1582.6265978849417,1502.2938236964258,1438.5685445028319,1561.8197489147635,1533.0631044682534,1572.8037613147678,1482.982968909709,1430.3497245415667,1477.978572478781,1515.3855648594254,1476.6481057534427,1511.571926946917,1459.8316303699914,1590.6275100977325,1455.062371330191,1542.1461694970442,1456.8083761044186,1456.5487436596466
74,1603.0387488297831,1469.6689832046202,1551.676017594838,1492.1769284746094,1498.4051030714008,1468.2609523023814,1511.624234348738,1520.389188261266,1538.803234978086,1482.63001942546,1429.8924235694592,1519.2124914685785,1406.3177757553715,1491.78937538128,1573.9279255770407,1500.3224500808922,1444.2614151987896,1580.4548414348967,1544.682767917652,1578.6473791956132,1496.0781504317827,1433.759604572621,1477.9044040688511,1506.6835818810982,1466.3514795469357,1510.5762294653744,1445.918544356517,1570.8319598985154,1463.0570065543502,1532.4283898430153,1443.9242514525176,1446.304141857665
75,1605.7219755081885,1494.7164553091095,1560.837483543023,1498.8559706751028,1513.948506315471,1478.685396362508,1512.900227832914,1502.4109963157089,1524.0115113321697,1486.121396672204,1430.405989246766,1517.8554020415236,1391.4505976007783,1479.3270612759334,1569.691717765797,1490.032235039884,1453.963809151649,1575.860584326302,1543.9056169119262,1579.0477935793097,1501.9602357079864,1418.9265271525785,1471.159482065802,1511.3086973458408,1467.681542032001,1495.4388507541316,1456.1382677778988,1574.0880914575187,1459.5611264657139,1546.7228580004783,1446.4231242232406,1440.840470210541
76,1615.8967928737502,1481.152938567596,1560.7315552728342,1492.1357057094024,1508.5328572920248,1473.2635030667245,1521.4967237274968,1507.081186213804,1539.6770357877988,1481.2878888033608,1429.4426445306324,1525.5371609043932,1403.56178469152,1485.1957790056965,1569.9172078923048,1486.4234710521177,1448.758157292179,1572.6796532795543,1529.4791500848073,1583.6341503661529,1487.6316607707713,1427.401853458141,1468.8808998112074,1521.2081757087067,1452.9983202354065,1501.3868907877772,1460.6313244124208,1569.512920449226,1460.7884926334114,1524.4968446850773,1454.588521899984,1454.5887487337202
77,1606.6319252937394,1473.9246835150975,1559.1449919135873,1499.7676074817887,1503.7037105875208,1487.8681252815816,1511.6988883669596,1510.217559815498,1522.6476330376972,1492.0822123796306,1434.8638883609578,1508.7275904103783,1396.5449468878567,1498.9424658516646,1577.0800984345017,1510.239810298528,1437.6639186948819,1567.4669566147693,1538.4823078260397,1583.4641462962052,1486.5080275893695,1423.9483026346995,1468.9830856703984,1519.0793734684657,1465.5715715190058,1496.9447150490705,1455.2109773266359,1584.9054507444591,1441.2513037044691,1539.2105945610629,1441.5767591002198,1455.6463712832594
78,1611.8967471927033,1479.996783215857,1564.077236569216,1489.1984755643168,1506.5306205440754,1469.5967714607486,1511.558036960138,1513.3592087655175,1527.6872735591662,1475.6329781337827,1441.3798189846996,1520.3560094031332,1406.1211353990896,1483.872609381511,1574.5452285546146,1504.1391006837985,1437.241390218914,1572.9642467288118,1525.4255620426236,1597.0744588751252,1494.3080586596443,1436.6897249891852,1469.524604534847,1515.8552683272094,1465.1724091929561,1490.926934275732,1465.5885698422037,1575.2615923930807,1448.4819081314522,1534.9834236220627,1441.4808047703996,1449.0730090233849
79,1606.2232206217393,1470.639349391271,1560.261591953,1497.0391379450562,1506.7861178319279,1460.178453038414,1506.9382347979476,1515.3376882859384,1526.7762079439888,1485.3227659812,1445.0755277448002,1523.831989834856,1403.0764269043932,1470.6769387621814,1563.6356994963146,1506.3956658735701,1450.8064201881805,1583.3214441800137,1538.2491531928952,1582.8146698636876,1487.8324713550871,1418.6468722531504,1477.9519325836864,1509.348260372262,1476.8086704875984,1489.8258105934883,1461.6278739733018,1593.0054138564408,1449.1032936889696,1537.090952721183,1448.7830032894258,1446.5887409940308
80,1609.3381700994728,1492.7659494412158,1552.6021550696155,1490.3615120370732,1496.7439358834438,1474.1815285713708,1519.7164650105187,1499.578662817902,1533.5759712769882,1488.6179286146676,1435.769911987424,1518.3722694031817,1406.2846772338214,1489.2016483216833,1567.9845734531543,1505.8613751428443,1449.9025687726823,1583.2504847688588,1532.655309647623,1594.59930520475,1487.1228332811315,1423.9591100042671,1472.9592053522772,1507.2464305087194,1469.2774928790245,1484.057147442462,1449.9845662971393,1581.1988450774675,1440.446268831384,1546.1836532973343,1443.9495065047292,1452.2505377657724
81,1605.6163239620316,1480.1084700700749,1563.5006008004832,1488.11593740677,1488.8407438421727,1488.384033409709,1523.647530154255,1512.665464824553,1523.5877284933247,1487.0269360501331,1454.9233685730885,1514.8343711897446,1393.6544173342024,1483.2984904717455,1573.853767375387,1493.9918634728049,1451.0822642104747,1568.7684868140702,1531.7704412854869,1585.1209488008117,1483.7085214694084,1415.9537856156535,1476.4868095035724,1520.8269233508183,1468.3323630404877,1506.4370610116548,1455.6972217728887,1581.6895068306715,1455.105472828771,1537.3065745098727,1437.3468075754872,1448.3167639493902
82,1602.2718102553222,1491.5958140268717,1551.626064629208,1490.3107689737546,1507.37993420693,1466.047670643037,1522.9091448772274,1503.152447985243,1539.2522905710853,1477.1256175087562,1438.5319199029502,1513.6893172507362,1399.4080909674599,1472.4993678639285,1580.1294232028677,1496.031804092833,1454.9989107340577,1569.7888093238316,1529.855653966865,1584.4545034752923,1496.0328829674222,1431.547822306734,1475.7064389529266,1514.8309557735406,1464.100926519825,1489.058016227501,1447.4383298815728,1576.575707122498,1457.2524283765597,1546.0891057196304,1451.2169873724913,1459.0910343210403
83,1588.0744639666236,1494.247740248797,1558.695804221284,1498.2679099360284,1511.1799454885181,1457.5521871902051,1516.1427526205473,1502.0841804892127,1518.0217437249005,1495.0565460068672,1429.5413988792243,1508.5817461323902,1397.7900358545453,1479.1067258348414,1586.9637348428105,1497.6892190128833,1447.1930014940244,1573.9786971637618,1550.1964821539018,1592.1964321776172,1484.1173405285135,1428.184974491284,1490.7324447741591,1504.9146723136416,1458.1794020446303,1505.291903696274,1478.3635618656472,1571.5950766377086,1446.7869149050139,1552.4700614765472,1436.650803517962,1440.152096309634
84,1592.4249480957901,1481.9098609737619,1556.6744118877596,1484.0645036952392,1507.6420976797217,1469.568217737745,1523.715134361874,1507.7152281411531,1519.6295443184229,1494.4799882126974,1433.8887999992226,1509.0643943031262,1397.7274274017855,1480.7907687781592,1577.5945770798182,1491.591806170383,1460.2267701995934,1572.9695585975778,1550.8313117082312,1581.8536705979977,1483.8589963357117,1434.6150806626547,1473.127605965087,1528.1810117795542,1460.9922743959285,1498.8673445382567,1459.7486827279847,1581.1210178224594,1441.9916546405072,1541.6632292012264,1453.4745101226868,1447.9955718678827
85,1589.9552965638313,1474.192905424185,1566.4660254560333,1487.50589794466,1500.3094202358177,1484.267997279808,1513.1904497286848,1510.5698129025407,1519.5874918087861,1483.4243578483533,1439.0652405708647,1520.8123203237863,1402.0808057916402,1477.7888425992858,1582.0354675516678,1503.712904654154,1452.3024857173975,1567.5902040295387,1545.117643847338,1580.8247814636275,1485.6338319304914,1429.45976790705,1473.412417238976,1519.7079823663469,1467.6745791336143,1496.629851307273,1471.592764450142,1583.3108028779197,1450.1123580194,1540.257796783144,1430.412983454639,1450.9945127890028
86,1590.7768017607355,1485.2275911844272,1555.1890973084069,1491.74441318766,1512.008803172211,1478.5572445964785,1530.1635367391127,1509.65032663228,1518.9395682390984,1483.5645546400103,1437.3502583395543,1520.1294841110468,1395.597201833634,1490.9659775499422,1574.9012324605153,1504.1920465555359,1444.9077573831466,1569.6487902152976,1539.4590825519667,1585.9795645983993,1490.227574405424,1421.8969801178005,1467.130091155058,1509.2934424362136,1472.108632049701,1505.0573298090972,1463.5530743967206,1584.8248674308397,1451.235066528342,1527.7302825830377,1435.0800708031718,1452.9092552251352
87,1619.4179786197446,1488.6652199176212,1554.9288471231778,1485.6072081458485,1508.6941897582346,1478.0084895333869,1504.5236775357,1501.7298734248445,1529.7150783966958,1497.6293191165921,1441.9131234767717,1500.4283693198709,1404.8099887701096,1482.563736587345,1588.3337118799307,1502.7212962107483,1439.5562223257905,1578.3230898534846,1541.438603469441,1582.525110806301,1477.6265590050923,1423.7119769023889,1476.2256945383515,1508.3529308541126,1458.4648975652515,1495.842554898793,1471.3411390873925,1576.296389049193,1468.7281274224124,1534.581764558126,1435.9904796991698,1441.3043521480772
88,1610.5876370569122,1486.194763937923,1567.8814932139228,1501.4021665818493,1509.8712342083038,1468.850805410396,1513.9611319252078,1497.6257641234859,1542.2554884085896,1478.742176944797,1439.610688587468,1522.016345029722,1392.7759692785394,1486.2333143160465,1583.887516754739,1489.4027979661928,1442.115088336034,1590.386602853301,1527.6110631583524,1570.1221021889978,1486.9369280519613,1428.439311396521,1467.5963800433462,1500.0233278951762,1468.1951930503737,1500.2113799325607,1462.616277205881,1573.6035063950678,1455.8973201913452,1548.036396612855,1441.2759485930437,1445.6338803510878
89,1610.1620536911103,1476.5189523841977,1557.0890402365144,1494.0416306545455,1505.0298779594507,1473.344044304188,1514.615800818469,1504.9415923923934,1541.432623593838,1491.3292919216185,1433.348106369365,1522.9462506634752,1395.6010793382018,1481.8502023691296,1585.8782545724864,1487.4976534093037,1431.5372394519775,1570.2970985056113,1534.128237360022,1585.075300981291,1500.0067223635033,1427.4698604865782,1471.2996021011622,1505.5388548250748,1472.8087331063266,1492.4396885852034,1454.0746465873538,1589.2037122017662,1452.0702460610166,1534.4220609224499,1453.0503868072283,1450.9511549751473
90,1607.2884822940384,1473.844955531106,1565.3570813922295,1496.8730918359752,1496.0198253391545,1472.5425414752422,1517.0159041537352,1501.8196259978572,1532.1551076789103,1472.0218684645024,1442.0017748190428,1511.6689366584053,1386.6616413318793,1478.3193950776113,1589.263241957754,1500.230202292448,1450.6144842367833,1570.8957593917282,1539.2748400440469,1585.082622518106,1493.5722898672311,1423.9022770907213,1476.8693590497733,1507.839735926961,1465.2492427800587,1496.4800464348943,1463.0313253155962,1576.5781462729205,1452.0596719219516,1560.1984134786996,1443.9259691983843,1451.3421401722514
91,1606.5583834984388,1494.450936472957,1559.7919731274387,1481.0689893572019,1508.3278222685155,1473.637361160089,1518.9202154346908,1512.4317504765215,1525.6465770144998,1481.3261326995148,1437.6278474474361,1511.8843020384436,1400.7169729032796,1483.493406464807,1587.6344963447905,1492.5620864446264,1449.0198447635614,1570.756776697974,1536.8895922042911,1596.8704047914323,1495.03101546587,1411.8651061202415,1473.4408610590133,1518.9717619116834,1446.2716504309474,1507.4215310473905,1457.6394332484242,1578.809030643305,1445.2873254269743,1536.5778559699386,1444.2847802688943,1454.783776796807
92,1617.2163871457306,1482.9204708121047,1555.184744500714,1496.2691774120794,1495.2988017973846,1458.5430934758626,1509.0144973747406,1509.090443985525,1529.6072285493722,1482.5403673645478,1434.3454678281933,1515.8415426159543,1400.8462620595953,1479.7004626078183,1577.604786255908,1505.9229436844487,1440.8552356576993,1575.6865883409155,1527.8784051021482,1577.8437890145337,1490.1358623762223,1434.8984766395274,1472.2160414868524,1513.5984811949252,1474.4349706977919,1507.0028729938215,1459.7142184190006,1576.4356781215693,1449.4745464028122,1550.258498755617,1448.579089344921,1451.040567981663
93,1607.6807825289477,1480.060484432412,1564.0115820502394,1493.0264308550948,1508.638682719106,1480.4980066722464,1524.4330621555102,1512.4888865880853,1531.392825132457,1485.8773050653845,1442.4076680352068,1512.7534259740091,1389.2136356378353,1476.4204155623192,1575.3998387380923,1506.8910816391856,1445.453923818529,1574.864715810074,1551.6263441845783,1575.4616605512126,1478.1499116903954,1420.189982261709,1476.5574148882915,1511.9594577751873,1474.513424455873,1487.529857568267,1451.666045822826,1572.6972951385667,1451.7265900564037,1540.319307770127,1443.9303252284055,1452.1596291934222
94,1598.2014521326641,1477.9110136146176,1564.0883942884577,1490.6635981097675,1501.6431864226886,1465.9900506965844,1516.6320771319758,1515.3481096412593,1527.3468620717629,1501.982813915079,1436.4024957682664,1519.295039976287,1392.0518650541535,1474.8760526421256,1586.9779326825048,1507.193854294501,1444.143060361943,1572.6893567807167,1541.653473235605,1577.8152670363693,1498.7152758219775,1430.8431560632941,1482.92243338653,1515.5335152591476,1456.8724758184683,1496.4338072848407,1463.5842972397797,1577.9719314195515,1453.9411429670556,1533.9579346760202,1430.8353634281352,1445.4827107778706
95,1595.6373836360285,1484.1964144714352,1573.712785790957,1502.231469157305,1504.2773747125957,1469.0333800285105,1518.1984831149346,1513.5250149516223,1536.3450432648124,1492.0405874124942,1427.276997546669,1531.3274691928043,1395.207742457178,1480.63131909454,1586.5847768539188,1501.4544404490987,1440.5758895499387,1577.0807905822087,1545.6071826761372,1581.803679823722,1490.1669401807435,1420.1160111210104,1472.8165683590466,1516.0420814229517,1463.2269684725018,1493.2610241976117,1442.2203536901598,1579.4640854285476,1443.2351828990452,1540.7033343954054,1445.651381638246,1436.3478434278197
96,1607.9919859681004,1475.8664092612444,1556.7574761130318,1512.4349854487689,1499.4793433518882,1462.5911963622555,1510.9962098882406,1499.1994840880516,1524.575372785617,1488.5386517343313,1440.4306650417836,1518.793113117958,1384.6050764027898,1490.391142709532,1585.1837041724348,1500.7778225555942,1440.8395515936838,1557.383551604088,1538.5454236506184,1583.5083919139859,1489.0944721063554,1430.2224687039534,1469.9244693305536,1517.7391634345581,1469.9223437250464,1504.5620456225781,1458.5526711468895,1586.0650745878536,1452.4155659432886,1546.9962722355185,1446.3510099845957,1449.2648854148115
97,1597.9753759532607,1481.7518075809069,1572.816007570066,1489.7305642937843,1505.0091715378899,1481.2734704676623,1512.2743507351715,1508.645672466358,1528.8267847247305,1477.0728774973063,1430.2636846792182,1515.6709050824427,1399.6288384738943,1491.123958486038,1579.861564955225,1495.4304869279722,1447.955167410072,1580.093303935131,1538.0666666942934,1583.559457865774,1485.0955157813921,1431.629176412565,1482.1903268672536,1511.8847100937373,1468.676887688215,1483.165922461096,1453.5730888563085,1588.697005217396,1440.7281809727722,1547.4122413908149,1436.8663536988513,1453.0504732224013
98,1606.6853080326043,1497.8687010464066,1560.156348452289,1493.9866977521356,1505.758047686781,1464.515813276051,1499.6140112696767,1514.2035797649442,1551.0721871051173,1474.2341397727962,1446.866522197846,1517.8983283361729,1396.290436884858,1483.610422576202,1577.7997942942695,1505.0925753330066,1441.2754904597182,1579.4380100586461,1521.7582042660877,1591.9382801973736,1479.1519615613595,1424.3708095985298,1485.3465244117035,1511.5309419232383,1472.7561201725998,1506.9503198920625,1450.8205764340712,1575.5394678465427,1454.2308470020116,1525.8767000653581,1431.6804237608596,1451.6824085686806
99,1611.3213967777247,1474.5868835104366,1558.5269528421454,1499.4988391996624,1504.1533343240837,1471.4689296123652,1503.8743251829221,1516.354688433851,1523.6182990065136,1489.0052247540218,1438.9848287921366,1502.0518427737347,1392.288232751166,1487.8600318234987,1574.0198414149797,1495.5344150474768,1443.7187084857915,1579.7197377243613,1545.906643339586,1575.7126254043144,1488.576417356631,1428.0458103907542,1474.1208319467721,1513.2856204516993,1465.6695311506965,1512.2154300556,1472.9961896971047,1582.8187279850622,1451.752307260653,1540.6827060443989,1436.983786308816,1444.6468601510398
100,1607.4151722951415,1473.7961195463315,1570.9062186022147,1493.1167075259928,1497.112532701852,1480.343476208795,1516.094844126348,1513.4676406367178,1528.2339451205596,1487.6127684928088,1429.3575711847327,1527.1852051554924,1393.912684924949,1479.5628319970615,1591.1877475947065,1494.27410139274,1447.2310868396912,1574.459487357403,1524.7167644196077,1590.8810761742513,1484.5829259123218,1432.2454334648553,1483.789105809331,1511.0818879939468,1452.5953118081761,1496.5006714254162,1461.846976208035,1572.5987366246577,1450.073126103066,1547.5324386707964,1434.0808129708237,1452.2045907111772
101,1603.6993894313812,1485.6715508797379,1554.0038090383225,1494.1103816227214,1506.0529674888523,1466.027741074695,1511.400977769021,1496.4361158882218,1536.1611410003482,1481.907157672958,1431.3794988030888,1517.1751014392883,1394.3081823667223,1474.8079307132325,1594.9764038903306,1502.466701479355,1455.6654070783904,1583.324874347753,1538.093611148112,1574.2358297583346,1486.0357351894882,1427.1092187892846,1474.8252370836215,1514.2784006638713,1455.9535180084722,1510.1179146233783,1468.0308324207042,1574.6137564196972,1458.1896108544547,1538.3312495346222,1438.5460515295122,1452.0637019920268
102,1599.5418279633932,1486.9998401663752,1556.8013765548224,1502.1784878441663,1487.0232333704064,1454.1400637656009,1506.0902911399432,1508.798659928161,1526.10730442435,1487.7168360490355,1437.006766147287,1524.3133932556998,1382.980125451983,1481.22291367019,1582.6635826857514,1499.9116264269887,1446.7669413331064,1574.02146539297,1540.3019100462586,1585.375378883958,1490.4824550378428,1430.4796944794066,1471.4194130777994,1512.4186969679747,1461.141394872829,1501.648357211513,1459.4485277554575,1579.7630013334751,1463.6989738589998,1551.09125754069,1454.933833289335,1453.5123700742292
103,1603.0129798042617,1469.8163803526318,1562.1606681858646,1501.4253744165094,1502.5736058304813,1468.076805301876,1531.7802767336095,1510.6178049672312,1528.189516947174,1483.6379760391942,1426.4013723698054,1520.1818918380288,1409.4712791751006,1483.4456420977772,1581.6828664413215,1502.986038848742,1434.0472288832484,1584.3164098436273,1530.4858865706021,1573.510320018786,1489.2743976159488,1428.362692900838,1475.1829756416328,1518.866701428465,1457.9719930465888,1501.6936969875437,1452.2782317193135,1579.724231626438,1453.4605840405318,1542.1344036669825,1440.2080598319353,1453.021706827909
104,1604.4707215176734,1480.2332922843434,1563.0387606475995,1498.0307985641002,1503.7389086303076,1475.3496713375473,1519.7620219533069,1505.4571408557151,1527.1383594207987,1480.7345191087538,1440.6419163680082,1514.6958243791296,1406.1548386261047,1480.7956289605054,1574.4353337304676,1495.2661467163996,1452.3739081521726,1582.3595945738768,1520.0309494446303,1564.5460288357137,1478.5531790569078,1417.6662558096707,1477.413217746311,1509.6419953995708,1470.8143103174123,1500.9451250127793,1466.73870050484,1584.6474526991133,1455.9914516804192,1541.148728195633,1446.7005317088106,1460.4846877613782
105,1597.3288315266648,1470.5519356915559,1559.1571643555153,1504.7195517339587,1500.2955200964182,1482.2836068027614,1516.6010201576903,1499.3071204127361,1535.168630593923,1477.5232806881436,1440.287508774783,1520.496902387637,1389.1808598005,1480.936570833463,1588.8108536972663,1497.3005903544706,1436.6258887771196,1570.28447116879,1533.4970400030986,1585.805256261352,1498.6982102724442,1426.9120918030912,1487.455136819669,1505.33701180937,1458.6571898650889,1500.7835616558207,1460.1768248728902,1575.3786274490565,1454.4993610337629,1540.205354792582,1454.04465874042,1451.689366767957
106,1605.2502525710686,1473.6716661127266,1559.8277480158256,1498.5875526659113,1507.580614205711,1472.0006549342402,1513.9873777506587,1497.3382279802652,1528.1133038201144,1492.7225779523728,1435.399305942083,1517.2464639227198,1402.310038167604,1491.7067751867662,1582.277977672521,1502.6463711458111,1448.7310836984311,1578.84074730039,1550.1070630721542,1594.4668905714548,1488.8094614697297,1432.6268837801279,1472.9964636598743,1503.4051656262511,1465.518455891104,1489.2160398372387,1449.9652502875679,1582.8152986263804,1451.2425930101788,1537.6948045064496,1429.6972577392924,1443.1996328769756
107,1604.6501023691217,1500.549466186406,1566.794351114109,1490.8911174647067,1504.9887478916573,1475.9282923070602,1512.3017095589605,1520.3666898032784,1528.866734008708,1480.528890995624,1429.5676003199646,1526.0249003137678,1397.7315486369102,1478.9338684721017,1579.6684240061475,1508.839874451882,1431.016590936719,1561.6978907607524,1528.502951463135,1588.7723624713062,1492.1844970660925,1422.0045326944676,1466.710902164129,1519.0741147456595,1468.7679274028796,1504.6421766736967,1446.0991961521172,1576.5161052493338,1446.670789387557,1540.0568273521026,1454.788404900346,1445.8624126792997
108,1595.2092783646851,1482.2107234660593,1555.7362325247195,1499.3058450805108,1503.7651687726363,1475.6414752708495,1512.653952353513,1513.0767222087934,1530.6109150556267,1483.9232921560988,1434.0845297582016,1504.421997744466,1399.1840053748397,1482.4776029340749,1583.161630567377,1504.8117057124875,1459.985582191401,1574.910169055073,1533.3118015393213,1595.8568473063974,1491.3651302968276,1418.9194697536661,1482.6797080396332,1519.2058147023408,1449.1617200574744,1495.7335432873153,1450.5063875838468,1586.259907987493,1448.241008980391,1539.6790214912744,1450.3392375983926,1443.5695727842126
109,1611.7556574692846,1481.8489823180832,1561.3684443802636,1497.7688259061142,1513.4645942474838,1471.4549106489503,1510.440279597144,1498.127570630036,1534.801058525392,1488.1582362042604,1448.2872278702778,1520.450032373411,1402.9825389592147,1470.76208971063,1585.714801728804,1505.3956475588225,1439.688099055048,1588.6938831988523,1530.4707271343257,1580.2265953102594,1489.9201714460155,1418.7046385845813,1484.293463622874,1518.916568900442,1456.8916909642287,1487.334900403075,1454.1023932448093,1570.4653822678638,1450.761776646601,1536.3713543799051,1443.3010902750545,1447.0763664378926
110,1612.9481610408563,1472.9817206726814,1557.2569850780226,1498.382335367449,1504.269842993307,1462.5617220151587,1525.3835611095567,1508.7694093519951,1541.666316713793,1486.9470907332402,1432.4896938720035,1521.971880674553,1385.2927530608365,1476.5109539700588,1571.595553877656,1505.866497967867,1458.9384816811405,1575.6434573739887,1532.0842927844287,1584.6211268866425,1476.5962185696158,1410.032808524358,1476.4207099248188,1517.5333782381563,1469.0481065560566,1497.050437805092,1465.9559615189708,1583.6953611028703,1456.9947443981055,1540.2551395361222,1447.152128737683,1443.0831678629152
111,1620.9346447526293,1474.1881019221803,1555.2198203652852,1485.9874258307927,1506.6639631181192,1479.647286009985,1510.6494980412551,1500.4791996793192,1535.2774048143142,1486.1178986038044,1433.2936215394143,1520.8347205622233,1396.4498431162929,1496.03024786287,1582.2874765167753,1494.2624144370247,1439.3930728483695,1581.1572141399586,1539.837692192027,1578.9990180115085,1487.3622341534942,1430.6114113864685,1465.1678416026677,1521.3041102146528,1455.672562745031,1502.4217773006444,1452.5512878613388,1591.2251922676107,1448.9198788461022,1539.8387656394004,1442.2746905040524,1444.9396831143881
112,1608.477621581929,1488.1221397508382,1559.4523441856877,1490.3946948339533,1499.5983781720465,1463.932584500568,1522.8032110165823,1512.2027800544558,1537.7539919405447,1484.965899394384,1437.4018247133897,1513.2196170246712,1403.7309962195611,1478.0552048032314,1590.380652653745,1484.0203616222345,1432.3001863646684,1581.7505859510636,1531.0409828477439,1581.2011940591624,1492.6837952183753,1434.6175703772658,1478.4978390956044,1508.830914687315,1458.4721729470518,1496.335086946558,1460.6124589182214,1582.3604387974522,1444.5546309925005,1538.9725655599411,1459.1265950761285,1444.1306796931249
113,1599.4265585559415,1484.104696217904,1557.6515166875743,1498.6528959151287,1508.630618790925,1475.6162944433754,1506.0085437359728,1517.076566723004,1531.8798810573674,1485.5458268451348,1435.3550648385099,1525.6075384666824,1405.7730395038486,1481.5701603869786,1577.5084552271435,1499.3232265035967,1439.037690876414,1569.9758277754436,1536.0617673322695,1586.6235991282765,1498.26988381584,1438.322183178624,1480.563413606023,1501.329672121123,1461.796578268429,1496.6606321906252,1455.306212649702,1571.6526343581893,1440.8295274871248,1544.4667444947427,1432.476604671614,1456.896144146472
114,1605.1400521580406,1490.658394977469,1557.714039685004,1498.756365199367,1497.7594747598491,1470.6314323779336,1516.2270762459996,1509.0333306446448,1530.2770555411737,1487.5666857576136,1423.002876055547,1509.2090099792447,1402.7084354951887,1480.0780182584233,1576.830166212048,1505.1553116086932,1438.5665486575285,1571.1964902509526,1533.1928664671464,1581.719118981417,1495.937035572848,1428.1062149127881,1485.2490087153385,1511.507324081189,1464.0442915353588,1497.2274319153246,1458.1892857081737,1582.79393364186,1454.1083847946013,1534.3051957727178,1460.983456074536,1442.1256879619802
115,1602.0999614318778,1483.1716070838074,1554.9640569328349,1497.8837356628762,1495.7541232743824,1480.4213829510702,1527.0108463244133,1507.3556612702673,1528.8974420059449,1496.062533109537,1437.7285186353656,1502.2787570992075,1406.809355057485,1484.9773237265308,1581.9406511222717,1494.4576792527077,1446.6772373951037,1578.7319563762803,1529.4225618107605,1592.852709184011,1492.261235389611,1417.3189536865755,1475.7610929944553,1497.487957862697,1465.859569927279,1504.3721867972504,1466.4268607040801,1575.3318010755718,1444.1019281863794,1536.004465394407,1448.4722007032492,1447.1036475717092
116,1604.8231252385585,1490.1641409991462,1558.222617259733,1499.8921435344835,1514.718163018733,1476.1439513365299,1520.7967597569414,1514.1279506897154,1526.1728307581175,1488.3010617280756,1421.1207795819575,1527.9415334458859,1404.6147192045519,1480.8038438380513,1568.6775312692307,1498.2397805881305,1438.3233948704756,1561.2405614074833,1537.0942224117755,1579.4073345432835,1487.0330604121464,1426.4085371160074,1476.1059976209012,1521.3855502503388,1457.2902379775292,1507.4744457691083,1455.3028533376919,1577.5325897808752,1456.9542368528844,1530.5520569691826,1446.8155203230315,1446.3184681094435
117,1604.2467247460233,1470.2447543136022,1556.2266806084829,1502.399392420184,1502.2760139100105,1469.8457071414,1528.6761759185285,1504.5773578561075,1538.3523492952954,1482.80837698014,1432.0258630675276,1517.3044007258632,1381.428311377912,1496.0793046063175,1578.5258069096317,1494.2444826711533,1446.7459546160474,1583.7819895257808,1536.540931049562,1589.6286126283294,1490.6639511046558,1420.5176047074501,1484.5229056126502,1500.1687793667966,1469.580959022005,1496.826873007493,1459.3357375988887,1577.1035718372107,1455.7889337777399,1538.2202077306706,1432.735755457206,1458.575530409334
118,1608.1951962945122,1479.004308280414,1552.3553966303248,1496.5935434281132,1497.4790813799827,1469.1881949943088,1507.5107546278673,1501.501583638366,1529.5459353560827,1478.1130573356052,1438.9308087403335,1521.1297388856024,1399.9679636122398,1481.3694209325536,1581.1644536185981,1491.6052255379275,1449.761169115993,1573.933756223392,1530.7660408468666,1574.814942370362,1493.438126114036,1426.6487575989374,1477.9675509985127,1528.7372264322964,1453.0641673316231,1503.1060223713998,1472.59190851707,1590.7501141660857,1458.2378233270176,1546.314150567733,1438.6355511569693,1447.5780295688735
119,1603.2137199744789,1473.4484255262923,1558.2429193781866,1493.3018544130364,1504.6803355030902,1476.721016808205,1517.6136286455162,1507.7046967762928,1528.4837971087934,1496.0328644059693,1443.596786448852,1516.0519685974248,1398.5946067598131,1483.3668057561297,1582.2005090337784,1498.3510951192,1451.1333251369892,1579.973874038295,1536.0154872764545,1581.549712267794,1492.6055136229406,1440.7930210630934,1469.1148382648469,1514.0353106480625,1462.5547362596276,1493.8133523003748,1447.9783388294088,1582.2428334016881,1449.755169030685,1531.0603303258235,1432.140055766351,1453.629071512506
120,1613.2837993221542,1485.8130204449274,1577.3890898066563,1489.1083909881786,1505.227116444274,1468.6670257202768,1507.3305059053764,1507.5533219410142,1526.110752127561,1482.3676506068034,1425.690998623905,1510.932547611411,1401.9434688017682,1497.0890187384998,1588.731086727939,1505.109179013476,1441.231614194028,1562.3977718073797,1542.7304075891966,1579.6593874871398,1484.8660582192272,1438.0097906970527,1462.9030966527432,1506.677566685382,1456.103662101451,1502.8679754589878,1457.7516968537443,1575.5678395599593,1450.0565199475118,1555.8958436733396,1449.7605516914357,1441.1732445571993
121,1616.7946462298128,1491.5106415764676,1557.194334853388,1496.6088363040385,1501.7231305352643,1484.1801403764573,1515.1657862206278,1509.1393645644368,1529.5105985615858,1481.78819507547,1445.4849444413614,1508.347840442585,1398.1343374251496,1470.6796236647838,1575.1956197514721,1505.5027219326944,1464.8944637548805,1576.2083347180212,1524.7888866166124,1584.527538287604,1491.6291881940579,1426.5911462416116,1480.8030194376097,1516.7740047346051,1458.1744442496201,1501.4586835832274,1462.8681088634196,1579.8621670125374,1450.8392680557095,1530.7146778910803,1427.3280015185694,1435.5773048852386
122,1607.591165142884,1480.815032552111,1555.613803276233,1498.7533686470088,1507.7062833029493,1470.7493066994566,1517.8140766224901,1507.025316641316,1543.094549066557,1494.24040895574,1438.3774692381623,1525.1405570957036,1385.755532522491,1480.7955352675635,1581.7377798958576,1499.6917196592858,1441.0656786146853,1585.1421858300746,1530.0537072837503,1572.5787187818823,1489.591733556982,1430.362008785558,1468.3844162158728,1509.3222314385944,1456.5275799336157,1499.4373131611128,1455.748525613056,1575.1085716577657,1448.1094295512398,1545.838118217547,1442.5001057765544,1455.3277709959
123,1593.7162798370086,1478.1382773037876,1568.4560040446572,1493.2673097484428,1502.7918314986096,1457.8962473499248,1505.1869312581757,1516.8018965567214,1530.1048196660367,1475.838916190569,1428.795552926532,1522.0246183657646,1392.3156410474555,1477.1022294732102,1575.6291032299716,1507.3345031551257,1455.7738244548236,1566.8052705962793,1546.4006355866486,1589.4941175546214,1494.7573295931986,1434.6890217855369,1475.675822535179,1506.1617706847373,1460.5373803614327,1513.866486106037,1458.350417634111,1583.0408219247067,1453.9360479249185,1542.9572327281676,1448.848489729732,1443.3051691478768
124,1613.1993851796815,1481.2189629244026,1551.3436957146905,1500.1089582467885,1507.881287950692,1467.5004755065117,1512.3084504427522,1504.1855025821876,1525.5736771310833,1481.967273091136,1427.0741168476718,1505.8136579456545,1386.9068389574247,1479.1042607276606,1571.9728165295896,1510.0128306562292,1445.0643029120756,1572.1930623589724,1531.030744661096,1582.663632147231,1495.6903175150887,1429.1881143995377,1480.5488442194537,1525.4781889935387,1469.857904825293,1508.539308249735,1453.4722599600634,1584.344674243581,1454.4798078465358,1543.4448873951817,1455.8181693722488,1442.0135904662106
125,1594.7552794025842,1475.267948091778,1568.6811680475364,1488.7726867896197,1496.7949055578447,1479.069846734325,1514.4506538921826,1512.4714671163606,1521.1942989117142,1491.3507048089562,1430.6052761355108,1518.0413646218271,1398.2780443631684,1479.4175518814836,1578.0121411038156,1509.4134562097113,1457.934849997398,1576.4470153769519,1540.1360374167946,1588.9749798392543,1486.301942639639,1426.699438124376,1481.49952005567,1505.1115544889565,1462.4075423607665,1504.3345959041135,1468.876391617666,1578.6639373674627,1451.5100985248823,1531.185582514061,1447.1799994139244,1436.159720689665
126,1606.721185104579,1481.268828020812,1554.4615213704137,1495.8817427739439,1506.0057421422066,1464.7061253534487,1523.297697577008,1512.8066585862066,1522.9517213061438,1473.1387848665777,1447.7267101142816,1517.2078413202908,1406.301424582673,1480.562015592305,1582.1709215775577,1502.4812506024516,1445.761190527096,1574.3779883617503,1537.510798306983,1582.7752619726568,1482.2858266532257,1432.141030580223,1466.8478574072396,1509.713110922945,1462.2945839054025,1503.2169572562236,1464.9300676595212,1581.121895618354,1452.447518661135,1534.4793553915151,1439.889216678454,1452.5171692063755
127,1605.44539412041,1488.4776624321564,1557.535151884661,1486.035845967204,1502.5058829723955,1472.8139779233506,1518.7367197588483,1510.1172463412772,1535.1385240044385,1481.2461974886512,1438.8433427853656,1511.6968525755024,1389.116000173448,1480.160012604263,1584.7526981564686,1489.7304725232407,1447.6300636689668,1587.4164029474948,1534.4008916889884,1576.977885103983,1494.920073378174,1426.1571801542962,1483.6645182517045,1495.5977936894274,1465.2997050835434,1510.0284026863835,1462.2232546332339,1575.9319899256266,1460.902500938522,1537.533552161699,1443.4051721486437,1445.5586318276316
128,1601.3919868427045,1475.1912197918389,1572.9586903630382,1505.181352974146,1502.304689861222,1474.0449891663122,1511.8779821511218,1503.500881156895,1532.8900773780467,1497.3512611298597,1440.3185203594621,1522.5339317044493,1394.6299618651194,1479.8280185772344,1568.8426309653498,1502.9555599223556,1447.5119356280952,1571.1630971510901,1538.3822647095587,1582.0979051110558,1484.845471304643,1426.3505016501003,1476.4609266716284,1511.4335314675784,1467.366292224869,1495.054381444353,1452.0401533219192,1578.026956640559,1448.48690161908,1537.331961404995,1446.022177647035,1451.6237877942838
129,1610.3314770354973,1472.932271183338,1549.7365486632712,1491.5775386132048,1497.878156125279,1480.9062633803287,1524.9543093570694,1503.9825926871179,1538.1828160920768,1483.914463046918,1416.0916496163877,1521.9187701819442,1404.5358204732136,1487.658104329844,1573.1141305521403,1494.1576855914739,1462.928258329802,1565.5740177377997,1524.6577713997121,1582.2212861286591,1491.826582470547,1422.4410805742698,1471.601167574039,1527.4697130489724,1465.093007895879,1494.2721633541328,1463.1980535790976,1582.5478718118975,1463.5399497503595,1545.4840712988257,1439.9513216981159,1445.3210864187865
130,1607.599196272571,1488.8391861732846,1559.5317678315923,1495.8188983269085,1507.8922303518098,1476.8884895164463,1520.0360079395564,1514.968920314941,1524.964039034879,1487.0688762064472,1439.1503832853261,1519.3178693190207,1400.5509170518642,1472.9976799735941,1589.4146688705168,1506.6517634774207,1434.5617862515717,1576.1770395518258,1544.2185107897906,1584.257965200543,1490.9851465470306,1425.8155195179365,1480.206050093302,1507.1432342272515,1460.4511808997586,1492.4637628083221,1452.9796829185289,1568.4865590261686,1435.6010924505856,1538.1975110241417,1456.1081384282206,1440.6559263188435
131,1607.2479586344248,1480.826717488741,1559.646603925531,1501.8315968732693,1504.4296299617154,1460.619171873323,1509.8653637807054,1506.2241218831623,1534.4482316406525,1493.71097978077,1439.3908915847524,1518.3576422122867,1401.4019421275482,1490.9106585770128,1562.613863076082,1506.2529868942124,1445.1755721464365,1568.6120958237618,1540.8216331741319,1589.29138739641,1488.4694222009946,1420.4462895525432,1471.81833094389,1519.1801828899643,1464.3131303852279,1496.0293629180535,1470.97721460624,1572.2622433207805,1444.6650543357387,1537.234790111756,1443.8887858482553,1449.0361440316267
132,1604.7745436978482,1478.1403570870175,1554.2735555598777,1495.9962053160468,1506.3958919777874,1486.022253700054,1515.7553378333512,1507.063384809895,1521.1243582895834,1486.0116314838951,1440.0023450891217,1516.6408379179886,1398.6012303713233,1472.9920055209373,1588.5119099654862,1497.895293504824,1442.2519131482559,1572.1230307625046,1534.0123717159256,1587.3957095904727,1495.7532012763356,1425.4699989468888,1472.814017377216,1508.1166383255127,1455.2040828321617,1492.28427882565,1459.2086422597554,1585.0935572528333,1453.9522816500557,1549.1746697152012,1449.15901075329,1447.785453442903
133,1605.0453066882037,1485.9540868699582,1555.6574626392685,1502.1569502361817,1511.9561827712814,1452.5112317332691,1526.7972392903648,1510.552935572651,1532.4574550216164,1478.768561165915,1437.6056771603262,1513.565645286143,1418.8986966666275,1478.475370065161,1580.2776447651086,1487.527015683473,1441.523006379087,1570.8923442502921,1527.6922340129047,1594.6278914415384,1488.2273794110001,1421.397812117784,1477.3586973236297,1524.8239112437102,1461.1000280488165,1506.3447296495165,1452.7908432330096,1576.6265324040044,1444.4445176076265,1540.196682876548,1442.8705294897045,1450.875398895278
134,1606.1075364824483,1482.6865018840817,1573.65232830175,1484.5090883615728,1521.2917096733177,1475.1086681506338,1506.9582328603992,1498.7911191535131,1520.8658499661826,1474.0535881370897,1423.2764629817907,1510.8015138024084,1391.3364517960692,1480.4792957039483,1575.044006937272,1512.4890562957362,1450.7745696280365,1579.490964504191,1544.8548983354076,1581.87272865389,1491.802300277943,1421.2144289338125,1470.158806667201,1508.5490418836198,1462.6648952665907,1504.4490892202375,1460.6109493247766,1577.1230342306671,1459.9005430359039,1554.615859412083,1444.1577330365858,1450.3087471008403
135,1592.8616148703907,1470.6724889059585,1564.53081943091,1485.191165797398,1517.232439125201,1468.7466643268226,1511.9507475962698,1511.8446320708097,1516.060472012831,1476.1309997776464,1437.7693475358237,1515.814838169069,1406.7514333279569,1475.0903173748475,1573.405926950519,1492.9890189348237,1451.4962195547769,1585.8204011484447,1535.4360518406788,1584.0050823060994,1490.0551595931645,1440.9435700955157,1462.7032760410718,1529.9673043804787,1458.1539969344299,1507.4432010368935,1462.7439473501747,1577.8875571526064,1465.6694765324507,1537.2505359799095,1436.396276184369,1456.9850176616583
136,1612.4155593594446,1489.5848597066408,1556.3129093710907,1494.4331145222038,1514.4373737683954,1478.9630425270714,1505.9671368992015,1501.9540686204189,1528.8438165814455,1495.7056858137937,1440.785355751137,1511.5806210291223,1397.9505957229876,1481.7679838946863,1574.9819433870243,1495.681130962631,1433.9559215361153,1565.0058999279115,1540.086587845712,1586.0071803528742,1485.3613852962162,1423.6336531844147,1484.7714409468533,1523.3940981864703,1468.359485318581,1495.1342692290634,1453.6609756272896,1584.0239284243276,1453.5052499445399,1531.0484280662872,1452.3176282026866,1438.3686699933621
137,1613.7964023913653,1474.330244898087,1567.5234889014944,1485.4328221770963,1508.6991142255547,1461.5308381874827,1514.0993158806646,1499.2986421014234,1527.094081335239,1492.7655027047037,1439.2341887095404,1522.660392610291,1390.435235445995,1485.4582658394381,1575.4146271580028,1502.4813091341193,1454.926451155612,1566.0586683122087,1533.5897923390196,1576.6032232565524,1490.3235970698818,1433.4547895414637,1465.3456769725626,1523.1145606121204,1465.4487103480144,1506.8584236829831,1450.0310492904375,1591.586924109854,1455.1015675419158,1552.88796107897,1429.2156404265497,1445.1984925613567
138,1603.6882604180046,1466.198981360441,1571.1274808205674,1502.0804743430492,1498.0353206576278,1473.6904062085737,1519.479779996529,1512.2835400692272,1542.04715199561,1476.2578377001237,1434.9005404720929,1527.9537140961966,1402.414188353905,1477.1003395961873,1571.0943380726285,1498.5723040606952,1437.6498430273277,1566.6344714014049,1547.7668287288159,1580.786077174845,1499.439349928445,1425.5925360362792,1474.307758583829,1505.2512986232337,1452.3405426092447,1496.2980162848833,1453.4375030649926,1580.3902014587836,1461.6290939547907,1546.9724631599734,1452.1426310398472,1442.4367267018454
139,1601.4310098869305,1490.312237695573,1561.7005502536138,1498.9502553621796,1503.6692370500245,1466.813248863895,1510.5309844695046,1501.3010812280907,1535.7278620376326,1488.9907094725072,1439.63468305988,1521.8385733442499,1389.4427314136371,1471.9766993075993,1581.5641992947642,1497.976835144697,1440.8216015407222,1577.7815989598168,1547.4395464908732,1596.965907291824,1492.057918837561,1425.8373314001562,1474.6102585639976,1508.9629759946686,1453.3425716794343,1481.4665644850306,1474.8626374749533,1579.4890426590657,1458.6288428382306,1537.540435558187,1441.103316476451,1447.228551864249
140,1607.5666695634864,1489.462466940314,1560.4865495246063,1496.9245016974724,1502.3971396876368,1476.7258538332917,1521.3630640845433,1515.0801894078018,1529.7644675280128,1472.5543822820816,1433.7705329969288,1510.7405793076741,1392.7130761012143,1477.8159354338034,1566.325096977977,1508.3001894416363,1458.2636215850332,1564.2029425063981,1537.8702355761272,1583.9557500043554,1485.150279159593,1428.538356024452,1486.9828122277831,1504.59971962587,1466.1978433377574,1509.8727253542797,1456.1199312850797,1588.9165888406842,1446.6914640935613,1542.747847794015,1435.5390177789764,1442.3601699975534
141,1616.7929697761517,1490.7393564111428,1545.9100960988505,1485.3451290457936,1506.0827256453986,1467.0284591885884,1508.7204779243937,1508.6307104907805,1543.7376483664077,1491.1058309039054,1421.7059385804585,1519.2756599744268,1394.2704294027842,1475.5292060405434,1584.807860207139,1503.7218861441042,1438.3758130341273,1573.0842290463402,1532.944788876044,1584.0427633792058,1496.7558419091272,1424.3617345544574,1475.4995268397222,1518.6511107935219,1468.9913380446426,1499.7120131527922,1461.4844538683092,1574.9655598893505,1456.2077105303786,1532.3159168451114,1453.4031126850432,1445.7997023509574
142,1603.8243331512826,1477.3401292988833,1542.2259599606039,1495.9488457588852,1505.8200335112163,1484.1914578222838,1513.9494467588136,1515.7385291313446,1523.4397306059532,1478.159151330467,1444.352480784767,1518.232479270075,1386.0740382109752,1477.5750803016085,1579.0353492682234,1501.483376804177,1444.043774801883,1578.9897102013817,1553.1399309170756,1585.3821130721078,1493.8711755735803,1428.2693416649574,1467.7628846544176,1500.2902340359453,1466.221335566334,1501.067979778788,1457.555554269886,1582.0456787294972,1458.165552040929,1550.942429159582,1441.2847041912853,1443.5771793727904
143,1603.182160990155,1485.627408217949,1555.2941134839766,1489.3283118009317,1511.3061330493572,1479.9353863116398,1500.41201028861,1511.66049931043,1518.554505643137,1492.5940785032951,1440.6697899740384,1521.9186125050649,1401.1549069249866,1475.082380982575,1589.0627016318583,1508.5849598736024,1440.1263163006147,1567.7044738164197,1544.9542200750607,1584.838422653662,1482.2792993676155,1419.7389768942915,1467.523984183884,1516.8866503238576,1440.3204080162425,1498.5445226658733,1458.3209492353867,1589.9518453013638,1450.3292169737288,1543.4550545562759,1449.2950715830216,1461.362628561095
144,1605.0316354812594,1487.2785354881958,1567.888801793241,1487.5513799306723,1504.9602443333497,1471.818227319657,1510.0382537202136,1506.4481515672644,1518.7387591582874,1493.7010036310546,1433.0717220164322,1516.7827354578799,1393.562584608439,1485.405049887921,1579.5994786038107,1498.578899922999,1440.1678524465747,1589.1497573931174,1532.1766541677296,1588.5131421015647,1490.9611540466933,1415.1588605501424,1479.630119577705,1514.3196791813523,1460.1099510297329,1497.8624877644586,1451.1926522876258,1581.4855260216832,1455.5957565944693,1555.6178562963896,1447.5325623376777,1440.0705252824066
145,1613.676537283574,1477.8591228262394,1560.9545546078698,1490.9328989892274,1501.4957451014163,1458.017925021791,1516.8203295043013,1512.0727692670414,1535.2729544899164,1488.0602923064155,1426.4707207852045,1520.3378062143752,1407.2580518992224,1486.0139285303073,1578.528427873917,1500.184705122282,1451.551887833543,1560.7034199356465,1537.0783461393244,1582.2948574302536,1491.9492022546017,1441.192219321893,1474.6910606361457,1504.6737711133674,1458.7883051638605,1492.0582651877105,1462.9150308676042,1584.8518434719235,1441.9583380116896,1547.3711365535185,1442.1802197071434,1451.785326548674
146,1605.4424095029185,1481.5975931200317,1565.7483959696451,1494.4590720635315,1492.2255952716694,1466.1956309684754,1520.2288173330774,1498.9051132234054,1530.5109035671842,1477.6178203550464,1436.9031893919223,1526.4308977681621,1400.9145075393205,1466.8174664470719,1577.704989763039,1502.0193428830623,1452.7525949416045,1585.9853038535116,1535.1060057885472,1588.539165669724,1491.372813350134,1416.1586602239302,1482.1657202722233,1518.5390501369368,1455.0244022841846,1490.9145614581075,1459.951232792023,1576.1858430579007,1446.4033469115027,1549.8759012936114,1442.4982864539397,1464.8053663445553
147,1608.2941213298488,1463.2761770150246,1559.7578220847506,1498.9549001213122,1496.4754373946714,1467.4677064558375,1523.9677249144067,1494.1145101367213,1536.954057260369,1495.5154093245715,1441.049369058107,1523.7793994682113,1396.7161604534824,1488.881674203331,1573.9736148531754,1497.6616124285008,1443.27787953862,1582.090725407162,1527.126655042011,1570.0043856042262,1487.9361149550225,1425.4061400664798,1475.7169295138588,1512.003985135105,1485.6754986056717,1499.3217400138808,1457.0925495269325,1582.730814965817,1439.173915002847,1551.6486692228716,1435.7836886542746,1458.1706122428982
148,1600.9881456124747,1477.9617479068997,1548.0360420690618,1498.3206566953472,1511.8213575335874,1481.6829258983666,1519.7712621432647,1514.6789922262133,1537.6691874990738,1495.0234727125337,1430.938739657587,1525.3897848750007,1394.1485985956372,1482.6525356253685,1584.9631493741047,1487.1796770926287,1442.8966381873372,1584.4789612291383,1543.8690837199485,1579.850137065111,1482.2013103893694,1423.5395486820028,1475.297175526306,1511.982887434753,1473.7163128881393,1490.655351138135,1448.5518399457555,1586.9135453928454,1455.1416533248123,1525.1368283687036,1443.9367326541087,1440.6057185363836
149,1610.9387487050894,1493.489242578259,1545.6877762566564,1487.7175320557262,1487.5547478229357,1470.503072645924,1527.4615565935521,1506.5957754045573,1533.804871861717,1488.1951750850617,1442.076680312354,1505.0390289904553,1386.0072152334235,1487.059140861496,1577.5450758743268,1510.5323084861354,1448.9123672834794,1561.7562183230514,1545.2387146689946,1583.6137283309827,1487.3877077455168,1428.4591648765888,1475.702609670934,1524.7851888562761,1457.2716692082083,1504.7363239789508,1466.2011226522786,1578.4723286031622,1447.4385832385112,1541.4808708028756,1440.3802595126012,1447.955193479918
150,1613.442785674155,1483.481726235084,1560.5498078551007,1499.0213866899767,1495.99856050278,1468.2097776041326,1512.7327886931541,1510.991985758769,1531.0841882559855,1481.0228839796478,1437.6774943262549,1517.4738850957738,1402.0003638929338,1481.0065748660377,1579.571496074474,1500.9940756689098,1458.2959341916674,1580.4022416304465,1548.2649326579533,1582.2851901087506,1493.923982108992,1423.4022509345532,1474.1380874937481,1507.9615821028194,1466.990267718923,1488.6303741045522,1456.1053714958673,1581.2539737837649,1447.5625947853357,1530.3198845652373,1437.763660088851,1447.4398910553691
151,1601.522458273944,1479.0449952992192,1557.3123633768314,1496.5128070910016,1502.8106014608184,1483.829364559334,1511.5397019232669,1502.5005853160312,1522.0641628597555,1486.5745331469116,1437.3291109059817,1513.4592297721535,1409.2435264321714,1469.2652830289207,1576.675061485135,1506.078510459424,1451.3769797896055,1571.7733863479348,1532.7584058537302,1584.719605524896,1495.1800537177298,1429.0830585873466,1472.7746580439114,1506.0174234631031,1473.3842899723745,1507.0061387598564,1458.812845458389,1582.4725318794451,1446.0890446751337,1544.6822393506225,1438.407373969284,1449.699669215737
152,1599.7173911547834,1472.8848340560653,1552.1363240091891,1487.809524133002,1506.4969237273745,1475.5256070674116,1519.3562796476854,1508.4636571228787,1517.326498995246,1484.25466281426,1443.1446574630804,1509.166718529656,1407.9472653795553,1487.123507667656,1582.6255197320893,1500.9728440231588,1438.2570653404266,1586.8278701424522,1540.0222819266016,1586.953836463011,1489.1967587246943,1424.3852551908176,1473.8971103836336,1510.3025896344113,1459.792202944319,1494.3523209060177,1453.2139146303173,1574.6427492107907,1444.03202384668,1555.3034496094315,1459.74294647595,1454.1254090473542
153,1614.8770897097115,1478.6344902781125,1559.2631160428348,1495.386576247879,1504.2780921501076,1480.7497074706591,1515.7611686502194,1509.502910086613,1528.655570827302,1485.2400948175934,1430.2674471918453,1519.4953126230423,1402.293786760272,1481.685109329126,1570.4589880474841,1487.775045945967,1441.9984925143624,1580.0200848266977,1547.1576816413328,1581.8656433387118,1487.9942364596086,1435.6263637014065,1471.6814281426143,1513.9397925672995,1456.6045703969637,1495.8459677680553,1464.0152307523956,1592.636406884432,1447.2858807849543,1535.864752378035,1448.8285951523449,1434.3103665120161
154,1609.3432872407236,1486.6954865499083,1557.755082286005,1487.650865282334,1501.1612216745177,1477.9050986594757,1513.7433822691225,1513.2614084611787,1539.9930590229444,1482.4885293072819,1436.7419809173268,1517.9891544540196,1400.3209095083637,1484.0953531240077,1576.7581691212577,1491.108021388904,1449.2867479416632,1574.4980752846307,1543.1434842637887,1587.6471337940627,1488.691777014959,1427.134467978131,1470.3793323622717,1518.1623565128305,1444.3009503802186,1500.9938386885844,1458.5331786030035,1581.2922626364934,1443.4454462912893,1544.203607473983,1463.2398916669088,1428.03643983981
155,1596.1478627576419,1495.8750471197939,1562.6589577859124,1485.8592899480009,1504.5173160894778,1469.095446229731,1526.9131013458439,1517.1441612922333,1524.0210518735973,1489.7863035070716,1436.418123189296,1518.2429427775967,1393.8056970941118,1484.1692422612737,1591.1248827096254,1496.567248345285,1453.0840239593692,1564.774504115103,1532.450043150621,1579.2490982546947,1491.7712950196862,1418.459268751878,1491.3900164294482,1514.024065568182,1451.244572428248,1502.844786852629,1451.2037133810331,1580.1335185206713,1450.2519770560407,1552.5220410119932,1427.0699708420923,1447.1804303318174
156,1607.4543561269863,1468.6872355398464,1551.579393976421,1499.6335533664444,1500.053942720796,1476.1304402123292,1519.898482123308,1504.6095885068548,1544.3376904113773,1483.582956286002,1439.059325458113,1520.8768120767697,1399.4740636866454,1487.7625854984872,1589.2711650958895,1502.6005699875477,1445.206823078544,1581.639712815638,1536.0200048291172,1574.7834784381148,1484.0192360230233,1432.8296272566158,1477.9482633381215,1520.8595208658155,1462.9953343172365,1488.2163719181203,1440.2731477613665,1576.2928741886599,1454.5025410326568,1539.5305204980184,1445.129819689779,1444.7405628753545
157,1594.851512112715,1478.8833149486952,1563.568585659801,1480.8521011684563,1504.8300069158245,1486.1929774994012,1524.3776940057214,1506.7555602464106,1521.284621717672,1488.246794186609,1432.2884355399563,1510.000240130356,1397.1817386189618,1472.858844283487,1575.1799235782946,1506.380671451428,1449.9454043039373,1567.25379380822,1552.5924128403897,1582.8342740089377,1481.8505807903368,1430.5589633723998,1486.7767114985834,1515.063115878171,1459.3175783270642,1525.8051569473323,1457.1966734559912,1583.7547358982408,1446.667875428932,1540.3853902608735,1440.395109889398,1435.8692012274028
158,1590.8927411299057,1477.5680522790813,1564.4594863904204,1492.334320637469,1496.2606107649588,1468.3570505845096,1516.1831171918852,1508.83449443356,1540.965476512802,1476.7971176421686,1437.3896948528825,1513.9930852507232,1379.4111612432923,1474.4389662204073,1579.8094779062635,1510.849538812539,1441.220097180154,1593.3952822511008,1543.9827022074126,1585.3125959203137,1486.9073283533432,1433.3212551181405,1482.7408022220197,1511.897958670437,1460.8711853093448,1509.6793948137356,1453.8773929068784,1583.523670405098,1460.8014908552277,1538.161143091329,1435.3473053566242,1450.4160034859717
159,1612.9078245918872,1489.7157014786676,1567.378298681108,1488.4038893671704,1490.5986953951567,1461.7013551745142,1526.307404925344,1501.5889287665032,1543.1462393544773,1487.6157917683997,1443.0504981457436,1515.6263697899665,1401.5868562202954,1483.426002366505,1582.5644652284311,1490.815947208789,1441.475163601773,1568.3366309137823,1523.7354972962466,1582.2219418254167,1483.0616347482662,1436.394948095185,1477.1362503506082,1512.3248854051822,1463.3727649545267,1499.1815726686807,1465.7909031040178,1575.981304147846,1451.4075869180704,1533.1278244430582,1446.3081324502227,1453.7086906141583
160,1602.4551165036353,1482.1526227851368,1567.9199018376553,1498.3383042829728,1497.476470285837,1470.9236304721721,1511.6531949583944,1508.7626809635049,1537.2097621262321,1491.8359072244994,1431.7252199550296,1522.0534668920063,1404.3384262220159,1478.473162326401,1577.1399811622864,1493.0449206100702,1443.7979103851353,1568.4665588256262,1539.8218386728624,1579.3849592256902,1491.4618423846937,1415.9756599535438,1478.4783936019958,1506.7172573795915,1464.2594590767305,1497.302717833735,1445.0227003038383,1585.6770845772435,1465.08991400943,1545.0717757788555,1446.2704184856598,1451.6987408975194
161,1607.2679979902887,1470.440780456451,1555.6785449053991,1492.9879810816014,1502.3588832364617,1480.1191204258962,1503.4498733911785,1510.0986486200843,1521.872796474952,1492.2280520343854,1435.3185184691877,1509.5165672187177,1397.391493177383,1482.4932834525098,1577.927019269571,1505.8045449687431,1439.1896724060311,1571.6184393714395,1541.9601424286298,1587.455602853005,1486.9365645618625,1418.4486056044539,1484.2899301279465,1522.6570274194735,1465.693716761546,1516.439428914833,1464.1092046237268,1570.2869831969458,1456.439236077054,1533.4923227425545,1442.7317008423954,1453.2973168952922
162,1604.835007022275,1483.7530728471709,1563.6856589017505,1497.653509502232,1500.1440306466422,1467.0367265747661,1517.2774162515918,1509.2489954773737,1526.9767832358912,1489.3327104193004,1441.8599653321032,1522.4650387548952,1386.3834011245851,1478.2775952448746,1585.1892716751136,1502.4288020552283,1459.692019479683,1569.0708548201146,1534.329730960465,1584.765970001486,1491.542706751678,1428.1915778975847,1470.5729804816842,1506.1895044838252,1465.1697999682158,1509.985003786533,1446.9903001064283,1586.2160281433648,1450.0983265310902,1535.5168683331963,1442.7171910628986,1442.403152125958
163,1607.71470402595,1473.4098374869866,1578.004303760687,1484.9224658867815,1504.93036844747,1474.886126928934,1507.4458651580512,1510.2965715325852,1523.330483839319,1487.6328737326128,1427.992996641423,1520.5737469418377,1410.7293030654002,1476.1825754148135,1587.9760421664737,1502.107579969196,1440.5594080487715,1584.3542438940995,1542.9721269588179,1581.0035549565312,1494.1565943434045,1422.6134785416111,1478.898856228521,1513.080966302185,1465.6922231512624,1488.058243064165,1453.4704477062717,1574.485341660693,1454.81834077338,1543.1170303825288,1435.3308233808766,1449.2524756083594
164,1598.389174608961,1474.4321907625051,1573.2761684697205,1498.622786706595,1491.3313887128375,1479.9732352069811,1516.7004236402079,1512.9322873210615,1540.5919663194209,1487.5683462944864,1430.3610145945495,1516.605201161543,1392.4658585864647,1482.4486773536562,1575.7275753953402,1504.9808664975549,1438.6752241884253,1579.5857153083866,1541.826255417666,1584.451440066251,1485.6230706940332,1437.4746422868907,1475.2707681146992,1512.623310517205,1455.9757655772921,1497.9232374263888,1456.7860002487516,1578.0021222272876,1451.8627396768256,1530.8345985390524,1445.998213159062,1450.679734919897
165,1607.5518208574156,1477.6283931231974,1567.8007787304605,1490.7078671129264,1497.204620012153,1467.6569776562792,1518.5658435015257,1520.8223728390585,1542.413206467106,1488.8094887232926,1445.4614756378055,1512.1876120293891,1399.995429117902,1495.2013050571843,1562.8749238222426,1508.2428667212191,1447.2015185784628,1566.5304752180796,1540.2953092968626,1583.721386560284,1481.1798338015667,1427.5209249097645,1463.31574375129,1511.3253437502467,1454.627101972356,1506.3657233273852,1454.861232139986,1588.028562127714,1448.848072620446,1539.678882148058,1428.0947622892513,1455.2801460990893
166,1599.1760144245002,1467.1040247804342,1553.1085494288704,1500.9202629677757,1506.469376081988,1468.4372957708224,1523.3966783473097,1522.3415771121868,1527.4595868851593,1486.6900898606677,1433.4315022117376,1507.1823744278079,1391.946013670671,1463.9864698614515,1569.6902909985297,1496.2285204511604,1460.1807982568616,1572.8870184898165,1532.4852533820701,1576.9431486479943,1485.3406170036383,1426.7971733322818,1471.5141325092486,1511.756116980859,1459.5806901255744,1509.6999241073522,1478.5961005438169,1590.1368877938044,1460.1697178021868,1542.7949166448202,1442.6207858102173,1460.9280912883853
167,1594.1513940730897,1479.7865932975365,1559.8126986648308,1502.6083820004753,1504.8419179081504,1460.3632433785258,1511.3018175081936,1514.8485660695362,1518.8189190146802,1478.0366449454773,1449.5961616860432,1506.4788310823271,1402.346151296304,1495.6065008037897,1577.040844754464,1500.775420945436,1431.2270297201385,1577.8145985251101,1540.624681572378,1593.3564911823132,1487.5092469433273,1425.5499106943798,1478.8871670879826,1512.6037477625853,1459.9890572547827,1505.5737514065643,1450.8381890075493,1590.5252054475513,1446.1226467147308,1536.0915297192705,1444.9886985926623,1461.8839609398142
168,1590.3119527408408,1487.3178520083243,1553.1421660875872,1499.7180179155948,1496.9786245538223,1482.712600184825,1506.5890786311752,1508.454238052489,1530.9257806570781,1489.34357403381,1424.5225349994057,1522.5161970621036,1389.037742875142,1475.2875275351123,1586.0553458510656,1498.4263730678924,1446.1963314926056,1570.2517512335623,1542.8589706502285,1579.3211682991127,1490.414553119574,1421.7667790214873,1480.046453742778,1511.5887382976389,1466.3073786427974,1498.4728153102926,1460.6441273767718,1589.4333283381447,1459.0843474849858,1541.814548234068,1444.7161396601957,1455.7429628394877
169,1606.8923666380235,1484.6916243259582,1561.7039570516163,1499.2424613516876,1503.8667109499406,1479.863792105852,1525.017173893516,1505.5848304128272,1533.7916888114512,1489.051020904934,1448.1202879824823,1512.0057342280265,1394.305822121774,1471.7044606414324,1585.6001139072034,1502.470793319414,1446.2884821602934,1565.3493945383366,1531.0119210338419,1578.31303574767,1486.0326249944465,1432.1371650568947,1469.63459021769,1513.0587179610704,1447.7292789778144,1498.7905062099337,1465.0108920208438,1588.7455418979487,1451.3650493926511,1542.1017362014763,1434.9618979261872,1445.556327016762
170,1594.7395462397235,1480.6874716734524,1551.3224773174816,1494.818682316376,1500.2894292251717,1473.0772855950386,1503.456803609744,1504.4642836099836,1537.182547356408,1489.6012634580297,1442.489725592243,1524.7543633330622,1387.4462919655393,1479.2800156928347,1585.710493233023,1492.6649226754837,1450.6285488003225,1571.825816367488,1546.1561367681768,1586.3369097642376,1492.2733505335905,1434.058539534714,1473.4271000995168,1516.9898244152748,1466.1416257025357,1499.7748234672158,1445.7642642699602,1582.5580777982166,1450.2250636334531,1533.9426569154582,1442.5045217119039,1465.4071373243403
171,1622.1461348470843,1486.4398810671275,1561.2132460398263,1492.2622440546393,1502.352388047107,1475.3663625975257,1520.9942019626399,1523.8778533780865,1522.6156956734403,1478.5783807872735,1439.4466387896591,1517.5787167433543,1393.435379846013,1474.8086772931424,1574.8899188489486,1509.7118409628752,1449.7918535109675,1554.061446420625,1532.5775264704716,1594.4754899589973,1496.485614657515,1421.54208447456,1467.2695918221514,1521.2454071177037,1462.7335725406392,1513.2735403395168,1439.3640736920686,1572.7736849339296,1443.1002447830506,1545.7522835782559,1443.2078378650322,1446.6281868957726
172,1601.0455401169788,1475.3455583182156,1563.7684937714282,1487.175299429838,1507.2433031404723,1484.8859464042548,1526.1533676791826,1499.5995473986434,1522.2542425140302,1499.01734912008,1431.8831104395933,1526.622130931638,1405.9772500636052,1482.8379677729072,1581.3080534186147,1493.6019231198275,1443.1960554385435,1580.0764509664514,1532.9957793840854,1580.2298707139623,1486.2052511149052,1423.649973746525,1468.4918052210812,1526.8355707670896,1473.1883377330394,1489.4754150696713,1460.9595992106504,1573.5503994107237,1450.2589471770614,1534.6376112857372,1441.4269642628387,1446.1028848583248
173,1594.317132152887,1492.0922815823837,1566.8266249635262,1485.9093747215932,1507.1894420144313,1478.479882335521,1501.3802016967438,1524.6444538173932,1525.395200042256,1485.2609016539323,1442.837121474831,1530.0392407430156,1387.2971976386766,1482.0820843483532,1578.8384379071358,1502.2862395845984,1447.371879450478,1576.4766145923784,1528.749260393208,1581.412410601203,1488.25373915034,1436.1407713599656,1471.3321954550179,1505.5011123904171,1459.689518965875,1496.4406300450403,1450.5370302698218,1581.6799320368643,1456.3508079597807,1538.0039178332838,1438.1290742637975,1459.0552885552495
174,1606.3624786055288,1463.5888447108364,1545.9751912671943,1511.6067322680476,1499.3234642073464,1478.115789749021,1525.2048541007678,1513.8346268277112,1527.4923413994768,1484.4699007909699,1448.1882954999896,1529.264768220142,1392.4895151628327,1483.1123516983075,1572.0388120643822,1505.134527202464,1438.4855079482581,1583.889240659251,1531.9526190100037,1586.6915130574687,1492.0262048740901,1424.2011104987844,1476.9575997021188,1511.5984830343482,1458.880640802403,1486.7591986100513,1458.717777741482,1576.9062522798554,1455.8443632878482,1542.2509559664204,1449.6840783264054,1438.9519604261934
175,1588.233328054618,1474.0150912989698,1557.6612456283979,1492.7539960963215,1500.4598733459302,1471.2692569954072,1514.7736586282542,1505.586441631302,1522.9516722728933,1485.2880985676459,1439.391511870767,1526.098382562374,1394.2723614617,1476.5919625841937,1579.0325780080439,1495.6582577444756,1441.4392551821916,1587.010061057092,1534.0472224955754,1595.6298044156808,1485.670580473808,1427.204112111946,1471.93389296791,1530.8120293682985,1462.2604240760597,1504.940063499253,1448.7967276541137,1568.7263260423795,1454.805454226281,1557.865958751123,1450.869323059653,1453.9510478673415
176,1594.072440042632,1482.1569260790789,1560.0370323944576,1486.676070211676,1511.5802198554445,1473.8555507221188,1520.0068134363567,1504.111602318203,1539.2757136956036,1474.441937122769,1443.3890681562243,1521.217896310861,1394.6195049797893,1479.2480089650815,1571.3805478282522,1505.670762797594,1434.8130070399231,1575.5374306786205,1549.2238415691727,1576.2696509768211,1489.9149191257586,1426.3199492426559,1479.6331801411957,1512.1090781789878,1446.0310385090527,1501.9365229998084,1464.5082859192557,1584.184958000854,1451.7912479374054,1546.9580890105785,1444.0151989456235,1455.0135068081436
177,1614.737924407075,1487.9103225057197,1553.638152420021,1495.8031595534992,1508.044565419963,1476.4815953021712,1517.030292133091,1510.0702830410225,1529.0602025833693,1486.0601560247578,1432.9841493839363,1512.8086682772118,1395.5131847590235,1488.0801534915745,1584.8529478813743,1507.1892996309823,1456.1113483372592,1573.6914129824534,1532.683092687846,1585.0853646897158,1470.4888282975787,1421.3773162140596,1471.5453933482538,1518.31444416573,1466.6837685622465,1481.1286875470728,1454.3502260200767,1577.7856167075126,1452.9188018606062,1539.0347377832757,1442.6985834405998,1455.837320540921
178,1613.1995792363205,1480.2928332778972,1559.8531955215217,1494.35394323497,1503.395573679918,1469.3262871219517,1507.98600401048,1509.7410827742685,1527.0691594523187,1477.235476926644,1432.22734641852,1518.1270067888543,1393.6704622478223,1489.6767143251432,1572.4393268468286,1506.8646805037863,1443.9694612944204,1578.430145159123,1531.0186787839812,1576.4203797731104,1496.51642554146,1438.269202175695,1483.3597844008502,1520.1663378753735,1474.7354294726308,1499.3854077590508,1452.6858318873992,1576.8974302607278,1450.5747629396312,1543.1957475582446,1432.5372797357597,1446.3790230152972
179,1607.1944184036493,1483.6185321057746,1561.6936628461408,1488.0058779457804,1501.9268241858597,1479.7059397064988,1521.9578354834464,1506.1658031510794,1536.2501933924946,1482.5025340112898,1439.5480167347298,1512.2604525238692,1396.7252370627004,1470.271151476997,1585.270166472869,1502.3389018116738,1441.9039175707371,1579.2137654936992,1524.5780272041738,1588.7328708562395,1489.313572898868,1422.5327325841497,1480.3446345717418,1520.5212037065494,1462.5133202376092,1506.6585830607646,1448.1500180661967,1581.422736161274,1450.7413990705832,1536.8990190050354,1448.4150863807704,1442.6235658167552
180,1615.2195121388515,1473.7821651909117,1555.4066386003278,1495.6478449314097,1512.3490721132555,1478.3528313930506,1509.2391390409446,1514.0895053369677,1527.029287563651,1495.08808921396,1432.5845420478292,1511.4643788188175,1388.7096115810145,1463.7315332085373,1569.7829384902348,1496.114405571608,1445.0017418914972,1573.8668634009862,1527.6650152591847,1589.223290366602,1496.3608114043382,1423.728014899384,1475.1004270626424,1515.2406680638521,1478.4491811893831,1492.6668227070302,1468.978003867387,1589.5453015852258,1456.1204745367766,1533.2091728004696,1441.5970296665685,1454.6556860573007
181,1592.0893917336025,1469.1191037309782,1550.1409489853704,1488.1520715409483,1505.788775883708,1485.3613106714986,1515.8690114574479,1511.7265629167716,1533.046025895792,1482.0913014137916,1451.2592668611474,1515.359484529628,1394.078358547125,1471.253375197009,1576.6437034608762,1498.1448269630016,1447.2669567452444,1575.7836545673238,1541.7074572691738,1592.614233880597,1494.586179065479,1435.020881584923,1474.6392376457761,1517.323296436176,1470.1441189016841,1499.4294386721313,1464.5049017852823,1583.730339820938,1441.539614046273,1535.5961893388014,1443.2688285474555,1442.7211519040452
182,1610.268712419463,1484.0839174762662,1561.547462245692,1487.705165287529,1502.4404602269547,1469.6768572270469,1523.4597137772846,1514.9873938733526,1525.7916978933324,1493.8959813370054,1435.9710587697182,1509.4645035156711,1400.3211492556086,1473.7245826679134,1584.3269220127954,1491.8032324756746,1440.0890641455735,1564.4511905776355,1532.2783441581328,1586.1642620104426,1473.5105901584914,1431.554125139998,1477.0605150025929,1514.5263168425708,1459.4670408929455,1500.2143103904646,1461.6037596024037,1584.3783385155323,1453.9288329741644,1542.824282505887,1458.4556214848367,1450.0245951370202
183,1597.4645829741594,1487.9388899872777,1555.4415921849186,1499.5274379017483,1502.0737897430874,1467.500058346591,1523.1409886737927,1503.4579716700407,1540.364585122843,1482.0898822529668,1431.8091239881157,1521.9801471582139,1392.8624463657939,1477.1634896628068,1586.394674191099,1494.2168650568062,1445.2347592782633,1580.0939340642108,1533.5943907984215,1586.6116110346804,1483.8356612460097,1430.7905196358306,1471.665681025887,1502.8062183658906,1458.3383171601886,1505.574656909456,1453.6589267789393,1587.8961822536655,1459.2637567819263,1535.7165011043885,1449.4525412031333,1452.0398170788474
184,1599.0430040599088,1480.4781580412996,1552.4244883002448,1505.0660113651104,1486.0450699115017,1480.4931848316726,1519.6344914271626,1505.3570641917058,1530.4357767954275,1491.1792275316743,1437.2470726715312,1523.623777585619,1395.7673253357232,1478.2991495926892,1595.696370070761,1501.09459614275,1450.5203348007828,1582.2905402208803,1533.9275518036875,1575.2727323594977,1492.7601860589264,1427.2765478572328,1465.3322624355887,1512.2215487419912,1470.2167140357587,1499.4029398066837,1465.8997703474838,1570.5155738364076,1446.6830571573962,1539.0680679953189,1440.7671410406729,1445.9602636469087
185,1601.4669702999831,1475.293240793542,1557.2520734146901,1493.1512757828928,1507.4078098346242,1463.204737194379,1520.3194758554732,1506.9796079955229,1517.8442350606829,1493.6272962900036,1445.5955204498491,1520.319838339306,1394.5329158538466,1481.5962807511187,1576.0973714175607,1515.2875253819343,1439.4124646640466,1580.4289247984489,1528.1825440602317,1578.701318526727,1475.766344236617,1420.048524117264,1467.7748580417801,1518.0025184815793,1460.554559347138,1499.8254034762488,1459.35943938369,1598.573272955016,1448.5849694723177,1546.2243094865598,1448.324560330087,1460.2598139068389
186,1606.1679165107962,1479.8017358848726,1546.1288810697408,1481.2777104539825,1501.7478120405394,1470.8579680359837,1511.0958592742338,1505.048649812115,1526.7839186621627,1489.312156998736,1455.547442961529,1510.3745061876707,1402.8094948568746,1480.9136355204428,1579.5780557072294,1495.2614002458379,1443.8516228714816,1579.9608970230352,1540.8825517592202,1579.3454542032857,1496.2708729048857,1422.7878574548934,1465.5413349640435,1524.316334911966,1462.4961635374902,1507.3017684856509,1468.5830466983814,1581.0106956008221,1463.257892129717,1536.4104939086142,1440.2924551050435,1444.9834142187221
187,1588.877381304359,1487.7867720522186,1562.3301581207684,1491.662259053169,1498.300438941408,1467.3924498674078,1520.2676961880443,1516.4017854800109,1533.7389202341299,1488.9913689254843,1439.7997575130007,1517.5278227290733,1410.6643579893325,1476.9918123067898,1586.30562703166,1496.7519960075929,1435.3666560155816,1566.6590537956436,1524.8281426872975,1587.4681004218774,1492.0489936737413,1423.1368782215102,1481.1471789163172,1514.111875157639,1462.9462959629298,1500.3650303436223,1465.0553236355606,1581.192828001873,1454.899082033206,1540.3664064338095,1443.442172493349,1443.1753784615926
188,1604.5889436467783,1467.0594800115086,1554.444628276161,1493.7982920227398,1495.0219723211133,1468.3993208575394,1516.6280983744234,1521.981273532768,1533.2076125068263,1498.867966679709,1429.8005485439744,1509.6054713101646,1404.584835372801,1483.5302761821144,1582.9013438068832,1492.6815878028638,1439.5956239861428,1579.3448612730806,1535.2764487026207,1576.3978834287682,1484.7560402162337,1437.8729109602216,1480.0076871363472,1514.8630070203958,1452.0374273249204,1519.0391810070244,1462.0012066054753,1586.6118729455309,1447.468246215263,1548.6845463558452,1431.4715260158066,1447.4698795579552
189,1603.70754774611,1488.1673252900957,1561.9937467681048,1495.9967830115688,1491.2507629862612,1465.6636857504252,1512.606425906849,1506.407162988873,1543.1048146234878,1479.7551604193272,1444.30529527671,1522.6943070248162,1389.8019695048988,1470.599401062799,1571.3030060298333,1506.0488576759976,1436.8667594747114,1575.193296135846,1534.6511701375155,1583.5435842300933,1497.4157859955117,1425.7099621171396,1479.357564734373,1519.8177175577327,1467.367454515902,1506.6623708482316,1463.1080492937908,1580.6499751340073,1447.410720582232,1537.2360709794998,1446.2351908797482,1445.3680753175074
190,1596.6567905976017,1462.5855429037028,1557.7115296984368,1491.971297166953,1506.8794201666387,1471.9944359329565,1511.2612297241656,1503.7725706351619,1531.1087720011017,1496.3857952860462,1420.8494580147274,1530.6931818062412,1406.989667552206,1497.8274040625108,1582.769109649573,1494.4585776713777,1445.880134303775,1586.8860335945242,1549.6261983765467,1579.021508867826,1486.729377687252,1426.5406353501653,1464.3025766439005,1503.4648203633392,1455.9587757324794,1508.6332218702862,1448.757238697408,1578.4213025405406,1452.5008245062477,1548.2240190094667,1446.51819550541,1454.620354081431
191,1608.794553113837,1481.0521514042016,1558.2353845212785,1494.1982735191737,1505.206434148151,1466.2677127999948,1521.9609159860938,1509.7737207204366,1545.5908601779176,1484.2560940659598,1441.5206874335609,1507.0778495334243,1404.2789675818867,1478.9172121262084,1573.145161742513,1486.6364715401135,1436.7488339075342,1570.739846526474,1533.5108178788246,1588.1367544103932,1497.0293430545141,1429.7677379690106,1480.5152453707442,1517.0059006907597,1462.9786061934508,1497.1413027304638,1442.9163934014748,1577.8510611587892,1448.8706291254848,1550.0735149438804,1453.1083510391377,1446.6932111843123
192,1601.8795679189814,1486.70330661275,1546.471835988617,1491.548351183209,1494.504651011935,1485.393054623202,1517.876078901917,1513.337905399696,1539.9060447701877,1474.7541483362315,1442.9610371706929,1520.5596817749517,1393.3354844995952,1475.1307677075174,1582.7216051782316,1508.6926572425452,1437.9911170572987,1569.4143714686536,1540.0992558159921,1586.2642154473433,1490.8372479645438,1424.823081517001,1475.44477064511,1503.5748966684291,1475.5221702364981,1486.8418390799513,1455.4987111875814,1585.533310542218,1444.3416395788643,1550.0349466092066,1450.652007016989,1447.3502408440588
193,1608.9567878423545,1474.4720658917163,1550.6088153329904,1496.796468979991,1495.9717619881965,1463.0591692958421,1504.3129778842194,1505.3922007769913,1544.9232883125896,1494.7602990280047,1439.7827180688519,1510.5351176812283,1404.5174164005152,1491.1777931756542,1577.0880983955328,1500.3116516242617,1435.9861612763295,1574.6754117841974,1543.8236982905385,1582.4258332685333,1491.0954084815198,1429.541498119902,1481.734984781538,1525.0590462144012,1459.3955967790134,1489.4819271313745,1452.6434644299634,1589.6932796562655,1444.8612426288282,1541.145899376948,1446.620193654651,1449.1497234470562
194,1614.2575434775974,1492.156298218262,1554.84903085169,1491.0845913082373,1501.006992762083,1470.3661677740738,1527.0895564092598,1503.5706736343614,1533.7805517945255,1485.010424610783,1441.9837504866823,1517.1714131779231,1403.3404051852854,1478.3765832580336,1575.0432105030175,1508.2501984530097,1442.1790058141917,1573.1403072721116,1539.0158355919614,1588.3408573763236,1495.9848071108638,1427.975021694771,1465.4334390260947,1510.997320464527,1469.0176237406483,1480.8302647425667,1462.2648888439135,1567.2027741894615,1452.8307061526755,1533.116601698467,1446.2935138694636,1448.0396405071342
195,1612.4829438073139,1485.661561225662,1564.4499185393965,1483.1053528311284,1502.7622730828596,1461.6275633613025,1519.0668682360547,1519.9665673050988,1531.904944234613,1486.6461176625517,1443.2051575445837,1523.04164256752,1395.707233594508,1492.7071654473737,1576.0384084369284,1509.3066379344925,1443.1428654406225,1573.8970461932367,1544.280063710289,1589.022976439429,1483.3334826813243,1434.3875925656682,1467.1835109421486,1512.2430488016487,1451.827589483245,1489.3637209801082,1463.0002176783464,1575.869248011001,1437.3553005760887,1541.8153221283465,1439.993646984689,1445.6040115724215
196,1609.798519335088,1461.1233156528083,1564.2973573192473,1493.0736244427324,1499.1107544682818,1467.9812405101509,1525.4134017691226,1504.27313529748,1528.4739141561813,1487.7530111246651,1436.9142758629484,1519.58367003741,1399.5195995035556,1481.078987661196,1581.6234220970969,1505.0003727124163,1435.763293604078,1578.9202438902798,1531.497435633957,1591.1225345755622,1482.2483735838443,1425.9362211808743,1472.3987943508346,1505.9401942839286,1462.8239699488975,1505.5112384956312,1478.0748935966815,1574.2970958806445,1453.9709688304863,1539.3606501034508,1446.819393383383,1450.2960967070853
197,1613.9343585011711,1487.4474320228824,1565.231656973529,1501.9663900458029,1517.0807019578515,1456.8889743279335,1502.736106296775,1507.607808926165,1532.1977851692532,1485.125686115252,1442.3777280329336,1514.3827926799509,1389.4571230072884,1475.4808127902745,1585.7881933400956,1499.56879789747,1444.0787772332571,1552.5085048554556,1521.0746086992508,1586.6211466563109,1496.0136951501888,1431.5721234590926,1477.7724816905309,1510.4124181437362,1467.9368965922747,1507.2834339649712,1463.2864953250207,1581.6091134370379,1456.0403990275433,1533.502488480931,1441.2562016281504,1451.7588675716192
198,1588.5963024526263,1481.2859407945527,1544.3123681444104,1493.8666678954976,1500.9280590174299,1477.1504717156013,1512.0820812969318,1510.4847355876611,1530.459340215686,1485.7336941008136,1447.298385634827,1514.5086438443743,1404.9720854388245,1482.05364018954,1571.1678117415004,1505.0015590198182,1445.8138558956603,1581.9645130424235,1531.89195640906,1588.540570817117,1493.1638890698168,1424.486990634588,1472.5657210032036,1521.7380475303778,1463.6397122234162,1504.8880883146567,1457.415580676396,1573.8776673232076,1451.9791429940626,1538.2794098378818,1455.2044281362257,1444.648639001812
199,1601.1684841873682,1482.1183727848584,1563.3558824877587,1498.1722698965157,1499.905809918593,1480.230887746733,1518.2390160759899,1511.6020277470525,1530.126218909765,1472.0741292650246,1440.4277731812713,1535.2634599490148,1399.8920698587235,1482.5385544775647,1581.5842183879004,1497.0840580674137,1437.5170612961288,1559.5628298773843,1532.8160586109057,1580.1104273305616,1484.6395459893045,1435.5681651519994,1476.6762220340574,1517.2408562059427,1462.3616208934936,1496.346361698466,1469.8577064626552,1573.7091927905676,1445.6667711815642,1539.4539508737428,1441.4862408343283,1453.2037558273507
200,1604.5761580805747,1480.7681381433936,1552.9056148011503,1499.3866017372304,1511.2575292922545,1469.1787437849396,1512.483927535781,1498.8481940815818,1526.1814680982222,1492.5083808511074,1421.6588688184886,1521.2428601351282,1391.441964432747,1475.6072096182234,1568.0799230987047,1513.311520288457,1443.6352111144104,1581.1768338971763,1536.7076839788442,1595.6956745857635,1496.4009987867541,1425.8848862581572,1475.0826912914752,1518.3297298408531,1461.292799938433,1509.8502770018274,1445.4739311015467,1581.573720207993,1463.6500721381997,1552.4601580221704,1429.606387861927,1443.7418411764847
201,1596.2280110357833,1493.794130161538,1560.43292279977,1486.3054318015181,1500.5866253255679,1466.0789760075702,1516.5280092660676,1506.1732048365602,1532.716814749946,1477.0207381387786,1429.603725859945,1522.7816767383786,1402.8760471070248,1492.9729759620075,1587.3509726319369,1491.3640056108943,1460.9615202316681,1582.0090924643423,1546.9645665572843,1571.5317722232905,1488.981530911641,1419.6769993823834,1471.2924155744597,1529.5348093567723,1445.774960132289,1520.799892500118,1458.5876180838973,1579.502114694573,1453.9522970212386,1530.223707384049,1441.076522318159,1436.3159131305479
202,1611.9821513995748,1486.6104354670626,1572.4108849640982,1496.7310440337642,1512.6703739116608,1469.187437566708,1506.6757339869068,1497.986180121847,1523.7560108508676,1489.4484409263962,1442.3291365144592,1507.6874440387548,1395.1468973819374,1470.4976243948852,1566.4356085118839,1493.53704063018,1459.2945590207767,1580.3282067220564,1536.2312567248591,1588.297424270059,1496.4732257652336,1419.7107762331134,1474.3149112329818,1512.7013282647745,1452.8957912804394,1505.1837899547243,1461.9835533777464,1572.7566552341277,1471.3682254812886,1548.5791462779196,1437.6783410316982,1439.1103644272148
203,1600.6320002850268,1465.9428482379992,1573.6748216359742,1504.1563228723119,1507.0170103995858,1467.5134822386137,1514.428014541425,1514.3167643090655,1522.2509307612788,1479.5716142176695,1434.0611898559482,1516.9907987815275,1397.2010965184047,1483.6016666659493,1575.5307944590581,1503.297987399318,1443.3676378452164,1575.039429937094,1538.770554709768,1584.5934085286233,1479.0115908481052,1428.6595109055963,1470.5170479827257,1505.5280045710442,1467.5432548145416,1508.730566518835,1469.0121616494328,1585.5317754575865,1457.4374466863662,1534.8715430676882,1430.2870801903755,1460.9116431078446
204,1609.815488205359,1482.983347551421,1556.0317816505024,1496.2732607081105,1503.7724254993013,1473.9492998017824,1506.5555540371058,1501.1292041715299,1534.6020840401234,1482.7295574385867,1447.3763887290527,1513.6306178953018,1393.0331105994583,1484.3188437087733,1580.6266778214751,1498.4622812896425,1446.3913362488092,1582.4930066426439,1537.0819453627812,1590.520576338131,1493.2836962377055,1425.249084957997,1469.2164145733695,1503.2522699456213,1469.7669048136765,1490.8787392376744,1464.3219508223867,1571.291374096835,1451.9627691421158,1534.2324021923857,1447.0500496652362,1457.7175565751047
205,1589.6504251845195,1471.7092422716207,1567.5444475107802,1490.1038570714966,1503.2787180116113,1466.7599480938136,1523.3035088817226,1505.9491284688286,1533.248295032666,1480.287611229231,1422.8229905919288,1519.8161903296452,1408.6716464871304,1477.6659589609733,1590.9950128852256,1505.4650424802842,1440.9823944415912,1564.872847856635,1531.987942492269,1592.2421914296945,1492.782203575026,1434.0962614987163,1486.084443482328,1508.0168544602502,1468.885278238011,1497.9877966184831,1450.6879443466107,1574.8401927021293,1460.1090209230856,1546.5765847727198,1441.9711931681875,1450.6048265027857
206,1600.1577540284143,1466.8466407082353,1553.8749694052194,1492.1049212432622,1508.9143829061554,1469.2192641084969,1513.2469321568574,1511.679694500837,1539.7856857892014,1474.65272345682,1435.018911895273,1513.3408770827205,1404.2893807999471,1475.243724342352,1580.5936709712482,1500.883239211109,1445.4411331632116,1565.9165315543275,1555.592513551123,1598.5705088084226,1486.2565938593884,1431.3439803402548,1473.819369922842,1526.4392785693244,1458.7258737438658,1505.6834609074288,1445.5149642213514,1579.6222753531663,1451.4859703969782,1539.61887094281,1462.155406754586,1433.9604953047701
207,1600.1623965793485,1479.546769909346,1569.9185137338789,1492.7879577522083,1506.1963710622892,1464.7548814983581,1513.7838809144837,1510.7936390422121,1531.513846050871,1474.6302089299859,1436.9926215888534,1513.0183107365767,1402.1410493213828,1503.9651154573194,1575.1735493995118,1507.7614106633964,1445.9576786457546,1576.1020555583054,1539.6723551447167,1579.0195775973632,1488.544317537727,1423.9192883351427,1468.4070512233625,1494.0466994774654,1457.873443510028,1511.761009224597,1463.9287876713422,1584.0588688099865,1457.9196457199243,1543.0985910934312,1438.2542863492472,1444.2958214615837
208,1616.8872659657025,1476.893440993246,1562.8425770049278,1498.5882381382223,1509.710548875951,1474.7623896204882,1514.867071591333,1505.628575278554,1529.6604151294375,1482.8891816962612,1440.3899114422913,1510.3329144090842,1404.382607349709,1463.3009449217475,1586.0202669964804,1501.2960996849545,1447.656360757869,1572.3262610121096,1541.057910539358,1578.2935766515789,1486.6542767433857,1434.4741779256467,1476.6265116309173,1518.582061076944,1460.6500803810638,1494.0236405998266,1462.7764189498637,1577.5491355369857,1458.8502110902668,1537.0469991532264,1428.833301481645,1446.146627370922
209,1598.3070530370624,1474.216055733166,1549.09738387715,1509.446510620923,1496.5526041059265,1473.2550305953541,1510.2496247688466,1522.5322128913358,1538.3531910184192,1489.7223426523099,1440.9760225214384,1514.6299722717004,1401.3687708080124,1478.1544834132333,1572.9115218266813,1499.0714864933207,1453.819774767841,1565.52532834286,1548.744015207911,1581.2441212023214,1489.5893902568996,1420.477769623349,1482.9611322193264,1513.1961471697723,1465.3629938838244,1498.4899263994857,1451.8947095069286,1578.685079996584,1440.9925167064418,1540.6395052219295,1439.7520080811453,1459.7813147785005
210,1605.3555620501054,1496.4431198511186,1561.221363996582,1493.8635243241336,1491.336953957544,1478.300513020431,1509.2902605258028,1513.080259140165,1530.6756482246376,1481.8948001588049,1441.1895405298992,1512.867757694337,1395.7808958226979,1489.5240961099746,1581.0288165316774,1499.410044330404,1436.336396779015,1576.5563735363,1530.8186274362404,1578.1998332753092,1498.349766068849,1428.4690274483053,1481.654209215579,1506.962492815933,1462.293646983507,1491.8422174321893,1439.3635952513466,1574.497746810392,1448.0387013833097,1546.8192448165785,1464.0444577380986,1454.4905067407326
211,1596.8576060224134,1472.698927908673,1564.4100527863552,1502.544046106358,1499.1453454429347,1476.1508418331855,1517.3025241037662,1509.5491835086339,1541.0146382639612,1480.8838557252116,1429.3581125438666,1499.9357056577212,1393.5272003016953,1482.8977421937002,1588.173809747308,1500.5441334417005,1447.5612787017192,1587.1625482527763,1545.6988774310496,1572.3125765019513,1497.8154703132204,1430.652630389388,1482.2037736906552,1519.1998032372162,1461.9150837213974,1502.877687201907,1447.4828244913208,1574.5387871895007,1444.541742707135,1536.3886365780136,1437.1414226969052,1457.5131313083593
212,1605.3963418821222,1473.9407478963687,1557.9214387084594,1491.063380225658,1502.4009492408213,1470.9024414140551,1516.9739113563055,1499.9286044185048,1540.8611513634778,1487.1917401150477,1431.5817504006814,1529.9753480416202,1387.078588708004,1481.488949540223,1577.621012914079,1504.4445005759108,1443.145984240869,1574.8850695884764,1547.4651469393127,1589.5153169101854,1488.8351083334528,1412.7838385143198,1476.5268935910335,1503.3404186797422,1463.7704907369332,1513.8342919516397,1471.829333334807,1582.6955720192482,1455.2287077143262,1539.312080464211,1435.4797934329922,1442.5810967471116
213,1606.709993329238,1478.2659184196395,1565.5983057112962,1492.1523785575955,1492.5745581643316,1482.764744360821,1518.1036197589651,1504.8523389823467,1544.0304581456603,1489.1670849290506,1427.8800400303605,1510.7144788283777,1409.1968454243167,1478.3356779754467,1577.5675412880137,1505.5087014997562,1442.3237998101408,1571.6670183904735,1541.7290910325785,1576.728796141108,1482.7909007665953,1424.7523232905637,1478.9128655921857,1502.0778710271402,1458.6589852371415,1495.1275086554251,1460.3927576786998,1579.495016672389,1458.518914515945,1552.3217797784926,1445.7909885433985,1445.288697462507
214,1600.0448160307496,1488.0612476457482,1552.1634329511849,1488.3805261471693,1498.323743934225,1461.4223261995608,1509.2285354146072,1502.7368944200514,1531.8680675079738,1491.3332293413926,1448.5028987702744,1531.0411926989102,1389.605665283722,1475.4803429503002,1586.8908979368557,1508.2686631430938,1448.4555729042795,1584.686110740027,1534.222351491514,1570.1746222441452,1487.2108777273716,1422.9908926521175,1480.8942096433402,1505.2540366887515,1467.2138286949412,1504.8115552247439,1464.5044960388852,1577.9362838335733,1454.2256229811896,1539.035368502871,1446.5313910145842,1448.500299241846
215,1594.9319858016745,1490.1193637936997,1558.757477591511,1502.1814817158581,1487.27109367672,1477.5245915332664,1507.7215807763694,1509.6410013135442,1540.1022791010919,1487.4942354889254,1447.294202848685,1518.937327855541,1405.137879141662,1478.6329228728116,1584.9191539588041,1499.462675894805,1439.7523026195493,1575.3833252166196,1536.6632689438054,1587.7460134102832,1495.6637734445487,1412.1055955987215,1476.2056748713348,1512.2420235326779,1470.505978669048,1496.8368022761074,1449.3300025376095,1581.613955850201,1442.0801921498205,1539.088983639435,1448.7912059168157,1445.8616479584525
216,1611.5941662436824,1481.9691978441208,1558.024005093807,1489.0906590278212,1499.1985507092963,1464.656881582559,1520.3252410709413,1507.7814697434603,1534.0066518214915,1486.4900762969407,1452.0006441721125,1518.7452201104034,1407.2948539294996,1471.447633068806,1586.4165897244022,1509.0330094265003,1448.6737345646948,1573.1881591048416,1540.7974820774223,1588.4766040625807,1490.5150760886766,1419.057452819774,1469.0890771212216,1509.9343912973038,1449.277244128174,1492.71758829612,1455.888073926357,1577.7774377088745,1452.7934033557297,1539.4589755463007,1438.503585311721,1455.7768647243631
217,1605.0829501648052,1487.630059804151,1551.7112008503198,1498.8245590929973,1512.4858960678557,1463.6891252790563,1513.1688838022048,1505.6829771086966,1533.0363723417333,1492.3470060027923,1433.493292348753,1510.6533034348697,1399.007439961017,1486.9047141523924,1585.1282844572324,1493.7765121765708,1441.0248720438385,1581.5311565836448,1526.7794511137465,1586.5071809580782,1494.998956946136,1426.604125697425,1471.1206980540862,1513.3074544950243,1461.7700526925844,1513.0763479751074,1452.2505024951652,1579.2662334458232,1446.538740945791,1539.5313381653498,1437.208264813304,1455.8620465294478
218,1594.5000078158396,1481.5967595212285,1544.831715929113,1491.2975700386694,1500.4455069909184,1467.5651011533757,1524.0563280584086,1508.04675278479,1528.202245579225,1479.040734082154,1429.66625620767,1534.7621271584537,1396.2703652195464,1495.771162674772,1596.0557455086118,1501.8415115608852,1445.6196624700428,1571.7669924466147,1533.8695263344143,1587.2532696562648,1492.10185192144,1425.5049995494362,1476.9316512596076,1510.414677684037,1465.7204918936864,1492.440252894168,1448.9834116798968,1571.5299704561667,1453.1683129074577,1548.6839764199997,1451.505465760438,1450.5555963826682
219,1605.8554187254504,1483.386705035909,1569.8124255844175,1495.860861225898,1501.63013625173,1456.3194832326258,1525.908178988873,1515.6072769625152,1526.6456985446337,1476.104869280399,1441.676946326704,1518.7019356804124,1390.5804929727597,1478.9790204460078,1579.2462940266041,1495.9456511588612,1450.4347163619886,1578.6687854430274,1516.4037138771128,1573.004098033519,1488.5974285153507,1440.1255879651342,1474.3973036391892,1512.7625859813877,1474.1118671961597,1494.9283109641722,1462.2730546990504,1583.7892938109276,1452.4472320445043,1546.8027233133912,1437.6841299194655,1451.3077737918193
220,1607.68482398974,1478.6715642740119,1578.3903796464483,1498.5891259015111,1505.1404340109723,1463.5935036961523,1503.3570272964773,1501.2641602770914,1546.9413245467863,1482.5896239050733,1439.3513153631313,1517.8875857170165,1396.7785153493162,1476.055974584897,1565.721602393303,1502.1779501709286,1444.7857330212112,1575.8998515713115,1554.7954263570443,1577.517451581561,1489.4867436856734,1429.2435344656644,1470.5193478736714,1518.1958277285262,1464.9739108516276,1489.1976603758708,1451.356723320223,1575.209780882249,1454.7723161323424,1546.8956709060942,1449.1838057235848,1443.7713044004881
221,1609.0695865569567,1474.3546461927633,1566.2463031233892,1505.5316533676573,1500.5672385265832,1474.939145462997,1523.42745372458,1521.9117753569549,1523.2034038876195,1479.5980330688271,1433.7269807591945,1524.9504968531646,1399.796260647642,1472.9505844264763,1582.967615279601,1509.2507672989589,1445.0130961165423,1569.3364964637603,1529.183415636023,1587.13961675942,1485.8139328748443,1431.0401086134068,1464.4250967741618,1504.022015947697,1460.4808657397707,1495.8868558492302,1454.0924573974403,1579.4688562429951,1455.3750052745133,1546.2644229279674,1437.642885928712,1452.32292692015
222,1607.7829844700143,1469.6499618784874,1557.1256604892194,1501.4842874925153,1500.9350196513765,1466.567119150466,1518.7143139825712,1513.7561951970104,1541.7679500561087,1497.1802927354922,1445.8978658440742,1518.1135957135962,1392.2133944951363,1480.6050613364055,1585.7226298851585,1496.0070444610512,1434.3661771556162,1568.7522457383864,1548.4005619258044,1579.783340250597,1493.5009640330354,1427.1614708219886,1463.5045680671974,1520.4709225068066,1460.5664459365435,1502.640143895368,1447.8196673466423,1581.6109027838986,1441.9333648947932,1533.1889669707734,1446.6969637860936,1456.0799170477721
223,1607.0280569392353,1481.1287951218949,1555.9783950342821,1483.2898162726701,1506.5374494106702,1466.0861773122529,1514.47854067208,1510.8354099686762,1534.5867178251856,1485.4169101053044,1444.584788490367,1517.704757023133,1402.961233346088,1476.0961644472109,1577.3737887821014,1494.0991223360345,1450.4411182981478,1573.6480562805014,1535.854104096848,1589.5669443901975,1481.408042853294,1421.8323201001394,1469.1386869500789,1508.1153121692785,1452.917940360615,1507.4680389831992,1457.478731277915,1583.0262678464537,1453.071826721752,1543.479168795511,1455.1624491111197,1459.2048686777628
224,1611.6342830225076,1483.423182024366,1558.06348091132,1474.5441973359698,1501.8358686194083,1455.3223656999453,1522.2016676417534,1526.6519701904263,1533.8930712722301,1481.7963117864422,1438.5601063791594,1510.6608400915609,1393.7491729766589,1470.596375643937,1589.4671358834314,1495.2631848554815,1441.384142237388,1564.501981040769,1526.0861610451561,1591.5624856555935,1497.5900755081557,1437.647245010729,1474.2093453619632,1530.5731412210305,1467.816874393657,1498.3347670607618,1451.9357578955394,1579.2459233804393,1456.2342456868382,1539.5162766556946,1443.324297610535,1452.3740659011517
225,1595.2134112322447,1473.9551957127123,1553.8859749084854,1495.4579714403021,1506.2982758049238,1488.5437304760105,1514.0112916008763,1519.3533598012207,1528.852553591297,1480.3088431648362,1430.23167155729,1517.9674104734663,1397.4021224134915,1478.7257872619434,1590.2246679301177,1495.5550171731109,1439.5865187334764,1579.7664014893878,1543.137728097846,1585.1559066918696,1486.9464812966512,1425.5150769887127,1486.2092928832985,1500.7083721625797,1471.2127660364456,1487.5239512601065,1460.8722937449377,1585.6558980548616,1449.92806811482,1539.8942657035575,1444.8527170886198,1447.0469771105004
226,1600.1546025511666,1484.9476394419955,1569.4981918572971,1494.0515006339904,1508.2768587982607,1468.4311551555081,1511.5583933825767,1515.1576180122331,1520.5083563255255,1487.6304013454546,1448.512487945802,1508.137787933733,1408.0680128306606,1487.25933598408,1582.7375832032014,1499.8300782805277,1436.9992316810926,1576.8503048485604,1535.562879455692,1595.34128019346,1484.8866848435864,1417.653174244265,1475.5613582830472,1507.6094464011042,1465.731846328056,1494.5276921677546,1451.5387578808632,1578.4674267554508,1456.0700023003967,1537.485253276239,1447.993269559038,1442.9613880993804
227,1608.5259855387867,1493.4772284662504,1568.6295825856866,1496.4634404716498,1507.8197107647923,1468.3175228255536,1511.1023843132043,1504.8886488941996,1534.7674203932575,1477.1422864339481,1433.6058774969117,1515.3147492063913,1403.1796642376146,1475.6204180252057,1578.0808780393988,1497.6531972964503,1449.8264079181693,1570.7649393339234,1534.8588851359189,1585.431516053608,1478.6981655852728,1439.9119942363382,1476.6762152926524,1505.9368802534718,1468.1959331362377,1497.601966448924,1450.7866148087971,1581.9031050231797,1445.45267757629,1545.4724575776,1438.8106779961374,1455.0825686341782
228,1615.695554762718,1491.400910470742,1559.3181449990968,1489.7347323465629,1505.4200211765333,1490.442647548453,1508.842181792773,1511.3735791589097,1532.2874065047383,1483.0130371643952,1438.4275006179446,1524.289184418687,1400.2282712796502,1491.4897848070964,1590.1266889619599,1496.7072004124882,1441.5184535431931,1568.9780433984827,1533.3061537142323,1585.6292779029943,1489.9012800896262,1421.780456051181,1468.4024252996048,1515.247101607864,1448.265013890998,1496.3615425461762,1447.2939824257844,1587.16509598515,1443.6143408009173,1534.723807693421,1444.256885631156,1444.75929299647
229,1607.5822663839256,1479.3361749547773,1567.9823117050717,1492.1440838814674,1510.4243721960136,1462.7847418159347,1519.478968156771,1501.3376490602282,1524.8823170951352,1485.5618396902685,1442.3024578997622,1509.9962172657429,1384.8232682634546,1478.2042623403313,1586.120863408155,1507.997902462469,1424.275654119607,1583.4919675047126,1550.545629627748,1579.4789250195452,1483.9288503517882,1422.3303957130704,1471.1111614159581,1509.578669338343,1468.4786360604244,1507.911986451171,1473.0583799745777,1584.8684190636639,1450.1571148218043,1536.6578973711821,1442.9708560434385,1450.195760543458
230,1596.8015961524654,1477.1891115831834,1555.7643023663836,1490.608023257704,1500.7141022168116,1469.8763550354436,1517.2555270485075,1509.0818771287709,1530.6151646485594,1490.6021350518267,1445.6905612026464,1503.564629531068,1401.4937274376036,1478.4752107436102,1580.7703739132298,1504.6970699339927,1447.3590291029723,1588.4689702485368,1530.9506767942814,1586.6604784822184,1485.007323936824,1421.0635520820363,1486.4463683807423,1512.201342420803,1450.8213957307496,1497.906481504332,1461.6464341453882,1576.319280447927,1455.02018933614,1554.399930306074,1439.3790173102693,1453.1497625188983
231,1597.9214529020444,1476.834032377331,1564.950419840817,1494.8846553017213,1508.2214613566548,1497.9506931899298,1513.4986968789244,1510.4651618026737,1518.5129966090603,1492.8836570018198,1439.0881538005367,1510.458012964973,1407.0139165120738,1485.550481662767,1584.9272565460637,1497.6814132947593,1442.6107865654765,1570.3392657215347,1532.8008391627234,1575.7108131170646,1484.9164415250634,1425.2497556300293,1465.9776753068656,1516.2188575489502,1477.0792325183206,1497.3372290085188,1463.0501440679573,1570.7862220537081,1444.8516842839276,1544.1723192496286,1438.6582610864896,1449.398011111592
232,1595.8292457482778,1477.9626480050852,1569.21461203252,1490.4763296651176,1508.4179779847666,1474.2503028369165,1516.9145114039368,1508.0811811475737,1524.0965965996345,1476.83305878749,1432.948206670082,1511.1393587487084,1388.7704850249881,1484.6506595393716,1567.1710363361208,1500.231420869964,1449.6865065233446,1576.5752043563377,1537.945718641211,1584.7223802795795,1487.5373614320686,1438.17397782866,1465.1169536212035,1519.9754864113672,1471.4036332064006,1505.3381747775086,1462.9683190650321,1574.4782614835472,1446.0286781757156,1537.6871024758889,1450.18347470467,1465.1911356169107
233,1616.6064946585584,1484.4845173267222,1565.4566803557213,1497.8721476303033,1506.087400059256,1465.9859066803679,1516.221642196057,1512.1298379290072,1533.9541614606997,1478.9081041587986,1437.9180076592852,1519.89855700705,1390.1206285172568,1485.4136950025086,1586.478603681317,1489.9718230605329,1458.7133580235723,1565.4212691268178,1526.6406407778486,1584.9305172039897,1490.714665921512,1421.292684855134,1491.4442652704229,1499.9144551767465,1471.6090038475736,1495.157111274261,1450.8380283126157,1572.240018467878,1445.6817332904259,1546.112011681973,1442.2239638939536,1449.5580654918335
234,1607.3387780349049,1475.981536406446,1546.809311579487,1493.319501219594,1505.4458293035445,1473.1972203229361,1518.0203675335588,1521.4769596124677,1524.0175256889604,1491.343026756028,1436.5983862991588,1506.6911811988357,1398.240663813351,1485.0498315659631,1577.3574082868026,1488.8779878297005,1454.1589729018547,1582.2601063276431,1552.330552840473,1588.0719479667755,1488.0410202811788,1423.153235938216,1476.8848144832593,1500.188172201051,1450.798935537345,1509.0475771480908,1462.3580897425036,1579.0203416138236,1460.0929198267702,1535.8076121231352,1440.1743438120952,1447.8458418040457
235,1614.6308596323352,1483.7005236629489,1554.005662766825,1496.3535072751133,1505.1080725641248,1466.215678549401,1520.682964426575,1506.621415279677,1526.4742337475282,1496.797693588497,1438.5732739083064,1516.602417732256,1393.219033194011,1494.0929651907536,1585.3909092365031,1507.6343137997135,1456.7488113885145,1582.3899436494114,1522.6947027194442,1583.1246644372686,1496.5496540788524,1428.1007455767615,1467.0663198111965,1512.6195866134553,1465.7416556987644,1510.3877201567107,1458.898536948805,1578.9033468039397,1436.890597126759,1531.0589387200146,1424.1034212181785,1438.6178304973546
236,1613.4127242034826,1486.517722153152,1560.0063891592035,1493.023775414207,1509.2493956772576,1480.8748962895797,1509.4070670416413,1519.9374736510015,1538.6275791208195,1490.6687612471117,1430.2903795257196,1510.2896438825828,1405.4684490865009,1473.1193365986578,1575.3637783526926,1507.6593059379047,1437.627857934467,1572.590019297038,1541.5250968005907,1592.5295902027713,1492.0120022004069,1430.9710847698348,1468.9065503712172,1521.154305758841,1467.065431294135,1495.5047688436186,1465.8602762745884,1562.2588080133705,1444.4573185747188,1528.0497810348413,1438.3810820724689,1437.1893492155768
237,1616.8851891124136,1483.8469054744767,1547.4404049133086,1496.8610769675347,1501.4765535456197,1491.1842115193228,1512.4434686881257,1511.5329045473995,1535.1608503621303,1475.7035806841686,1442.6385366871086,1521.7057209931945,1392.0375010774885,1493.5061646837144,1576.7846020982838,1506.1047380956904,1445.8671399255056,1575.2368157508595,1533.2312511500309,1585.6479827761125,1483.1377183361885,1418.0588147938806,1476.0335767444114,1510.5951880498592,1453.7083787254617,1517.8792106060182,1454.7071202347017,1577.4470687239507,1426.6506350936804,1540.596390900105,1443.3620882114608,1452.528210527792
238,1603.5069572786267,1472.1066600769536,1559.6351932699674,1508.5532605403216,1499.4754414474078,1479.3489496695092,1515.022584304519,1514.3795803526164,1526.360667420614,1486.8214555429051,1423.050589843026,1511.71391695663,1408.3645504425097,1479.5112802225528,1568.1846897015748,1498.9729484405511,1451.4644314891875,1573.4918216446974,1528.1024283463978,1575.8759810725667,1495.1463546383939,1425.2932358512385,1475.0467171696694,1507.5761186087325,1460.9109359010165,1508.185422865113,1472.2801466307958,1573.614337754953,1451.3300100039978,1550.2254366930981,1441.8930503381782,1454.554845481678
239,1602.5408108556967,1477.6419756910452,1570.6964578573743,1503.0174316994248,1518.0449682606247,1493.3575995030333,1511.2271298121234,1513.7296147120414,1524.488196127971,1477.1774173368917,1434.4757421959014,1519.424386709321,1393.909771236449,1470.3430781512936,1576.7201428105145,1500.5509681547614,1442.8868620721407,1566.0556112360312,1530.4243054341282,1589.7579346511427,1483.0526828342918,1427.340644207208,1481.8226714208135,1502.9202163998598,1464.3938842462724,1484.3776468130757,1459.3240372694618,1583.3339019069601,1451.2374310175521,1554.4646099904096,1450.6816531773168,1440.580216208868
240,1608.7176311772798,1487.830786679015,1552.6479923812392,1487.8323506314305,1509.1686048740262,1473.6584734054236,1520.5917074339688,1498.8265956677462,1544.478394484723,1497.5377799566243,1441.5168514352913,1513.473601097467,1391.3597453861275,1484.1832912987272,1576.2187198669194,1497.8885153259828,1452.6409290273025,1579.0609539635007,1537.215451955139,1583.2523577101883,1493.346768945268,1433.0883055612992,1476.0786544685418,1507.726600821626,1455.4808861982594,1485.203674298346,1461.1975356242388,1578.8805855279131,1447.9430327151204,1541.209248202562,1442.865260455864,1438.8787134228387
241,1608.64464553401,1481.0629431037212,1572.8599232438312,1498.7757699471758,1500.7456401946026,1476.5946569426417,1529.4247366612865,1504.9717411546349,1536.531405713243,1501.8640667510533,1424.7676452753149,1520.2852254191916,1400.0081843249209,1466.5830594340202,1583.5813741391476,1509.397361220178,1444.4451683214747,1562.8985623301426,1536.9572060407438,1583.057820577602,1483.7076235419397,1430.5102281123732,1473.0391766774615,1509.1636864708894,1450.8066912291567,1503.190513865493,1460.474175692058,1576.0202896757976,1451.7803164317854,1550.0166928978938,1431.9202571143658,1435.91321196185
242,1599.9289548024815,1476.8056721353876,1560.6260711291116,1495.460129749896,1493.1146425075,1470.9222298567167,1511.763289619872,1507.0556464969354,1543.8741047355472,1483.8973838738598,1436.531032331724,1515.4654360379852,1386.9216300315281,1483.1329964142337,1603.0884207083495,1510.3805837228513,1450.7560324585838,1586.9762943238409,1546.0058077451054,1567.9441524488916,1489.0262950301517,1429.1503256401224,1477.2533822955265,1500.1634359834432,1452.2744358508942,1486.9184320340971,1455.7074986188704,1593.333229625152,1453.1025869924958,1535.1898623359932,1451.4290151354926,1445.800989327359
243,1603.7328945569066,1480.717518936692,1563.1467548094304,1503.0097863459375,1504.3945217654239,1480.226853057208,1525.7267146156585,1508.227173124279,1528.5380452371728,1474.027560203985,1444.7393277506258,1528.3398306491658,1394.4184299050426,1483.4816927758086,1593.0702044568177,1493.0691850060568,1434.8271414680432,1574.1785504776744,1535.5053176575984,1578.6856634386352,1494.6090686768052,1418.7005515307899,1469.79465435231,1495.8676982467205,1464.5837372536614,1508.3620314702885,1460.4003518931145,1576.8540768762643,1456.4532357410237,1532.2283213447574,1440.1539697650503,1449.9291366110522
244,1593.504204058975,1468.124385231754,1569.3113621788054,1493.0159736177434,1496.361907442744,1483.9102656057792,1522.0504566963164,1519.7928427103627,1520.609195555745,1490.944116832674,1435.6195671691835,1517.3485858308877,1390.8808591744053,1492.1975338605241,1579.4732647252501,1501.1801343181137,1439.890630979259,1569.8813614669482,1531.487628623976,1589.0305860803533,1482.2749192708538,1430.9001482910103,1483.4630910635337,1521.5304516011904,1461.400700876964,1498.631072860289,1462.1152834065492,1574.7668306753442,1459.4999923990028,1537.2909701577748,1432.0595994547589,1451.4520777829296
245,1599.7416514846338,1482.1084852323268,1555.739759974992,1497.309447344189,1494.8928654626598,1471.1978399829522,1525.1108986250429,1505.3523382960718,1537.1013590426553,1484.2090516753449,1438.9899357128397,1511.7504096556622,1401.4056412707228,1473.961612493496,1579.3306138458288,1501.4120865367468,1455.9193997197865,1579.4391234777008,1535.228602439725,1585.9280059305243,1484.9926947752463,1426.4153602817373,1471.3463351914233,1507.0315580956797,1461.4919811683276,1510.3787855834362,1439.0235294764211,1572.3941201188456,1448.918775009027,1559.3762352355698,1457.3678112661137,1445.1336855942711
246,1603.8925550779425,1476.0546483574174,1553.9820426392141,1498.9669915836928,1487.820970892472,1463.8676251394145,1515.1440259027952,1514.7442981734534,1540.4598916052564,1483.5115308050745,1435.5642574792082,1513.9251024595285,1379.5276120165825,1488.029811106317,1588.6716184980146,1500.8867847299819,1453.853522559649,1575.4837291141062,1525.9933968730188,1586.0354873466033,1490.2940279014065,1431.758793686949,1483.685172544029,1506.9452922766473,1458.3865358577343,1492.6108955999405,1468.3660318659824,1593.6099778907076,1451.3164475543988,1542.0570744418053,1443.3440684458255,1451.209779574831
247,1608.0833960418743,1480.2974030128205,1551.8205931243317,1493.6731981518872,1511.494940019963,1479.9014679889074,1515.0516007602546,1502.5884858979448,1527.8725712380785,1477.93474234833,1441.6194289276293,1518.2339800462767,1400.798137781667,1482.9806383794528,1582.6958866395628,1508.8295119285085,1457.648093098806,1577.205243937717,1537.405290738623,1579.4360616538913,1483.6851735137716,1424.5071367854916,1471.7223042269352,1513.4808070519982,1462.423728049251,1491.8353886412144,1473.0773989855725,1576.2248315847944,1446.7738135823079,1529.9444535212106,1442.6544756864937,1448.0998166544327
248,1604.6990924102477,1475.5894525422314,1550.4844039225857,1495.6488434507655,1502.5825954792374,1468.9925368437864,1515.8900160720395,1515.4770781818636,1528.7683432974716,1481.614974824185,1432.1289313731677,1524.798686100166,1394.1916091189585,1492.7964882897008,1574.7206282518946,1508.5398544772934,1449.9047038157037,1580.5699955737143,1522.8337276250588,1583.2334595074706,1484.1906239494315,1429.0003140801502,1474.8508076837122,1518.420334009996,1466.8124892710878,1501.087900158323,1464.5744187025255,1580.3169604060768,1443.4247886351804,1550.4033909828886,1446.7192882152187,1436.7332627478675
249,1605.133887109419,1483.3807427801742,1560.2954234991041,1495.9867819994297,1510.1311383238835,1469.0406478562202,1521.5739107623474,1511.8911897363546,1538.0109944799544,1490.8330707418315,1432.0585793536836,1509.313195711985,1400.72631625961,1472.8955718883578,1588.4350522213779,1496.106507377169,1438.2870587801744,1573.550151122971,1549.5694267192096,1580.7291091112077,1494.548900691205,1427.1897984366356,1477.759260076289,1517.266409762884,1457.4126721538084,1488.547986156019,1457.482164173595,1584.0811561372186,1446.433639007253,1535.6449948242903,1446.1904064040036,1439.4938563423339
250,1619.6068128318211,1480.0492400966561,1553.2518248935878,1498.653252192659,1493.470835369804,1479.9075444277787,1506.820845801378,1521.4494626272499,1533.8215137209172,1495.0868139345894,1438.9620681590497,1511.4729193479714,1392.3482923325303,1478.746549355815,1565.7350083457984,1501.5123784438579,1444.1458620691044,1572.775625717954,1535.9898410845187,1593.222132491657,1488.9848281530988,1423.2211257308716,1475.7998745554717,1507.0719340679198,1458.5525684656857,1490.3038882242456,1471.9678939454154,1572.277358542169,1452.9911795095963,1541.890071397231,1449.62719639359,1450.283257770007
251,1599.458715937769,1471.6495236455821,1558.460803922752,1499.7437877449684,1506.8060557031406,1484.4974937576048,1521.9779965384967,1511.0439903880597,1523.5516203479765,1481.9873200722252,1447.9208543406262,1519.7461328913992,1399.197018747318,1479.564509788278,1576.1152665957288,1497.4526418680473,1443.0690201169268,1576.1177643764743,1530.0305776493267,1598.4737663034648,1486.4958904619934,1424.2285150813116,1476.221551250969,1503.6674964207639,1464.504863286026,1496.8459430800817,1466.203856220344,1583.947762347226,1434.5134926757698,1544.4353236611394,1441.5883804224682,1450.4820643557425
252,1604.3462319630573,1484.0250636725145,1576.379106243279,1495.2387778995808,1496.6333269842569,1467.7514531561396,1516.4994346697479,1503.890420935232,1528.8510380538971,1484.9461700760426,1431.8784525404938,1521.2187901833388,1398.7135848334256,1473.8995401956618,1563.8690518285484,1508.404418790575,1449.2883059047817,1569.988896579322,1531.8604639969653,1582.5960338492634,1489.5413443697375,1428.7021573915686,1483.3606535071785,1509.0056077622378,1472.4707416959461,1493.7494377462745,1457.4862024219958,1575.7175852092207,1455.223704039767,1546.9091168293312,1444.9397862132698,1452.615100457349
253,1612.61589359982,1479.9383229872117,1544.8880551226239,1493.683293149407,1503.780185856649,1473.8363467494319,1526.8699698238602,1497.8594001235833,1536.024371565079,1488.7470954540454,1438.0904324397097,1504.6285027808808,1393.943131349839,1481.8318632481623,1572.838489368712,1506.7905439052415,1444.8083836891392,1579.134752032111,1535.1972798468787,1579.9420866078779,1485.9769052397937,1422.785698183622,1487.002186083194,1519.7852499185042,1458.5680808890102,1504.7897508719718,1474.177807678393,1577.030552352963,1453.6404327295045,1534.1945395772225,1440.5185624537978,1446.081834321759
254,1586.015596376573,1483.32760082281,1552.082945524763,1496.1527396588397,1502.2408389023603,1465.7320860080627,1524.1980154697364,1513.2023733998149,1535.3757035557717,1483.4112302882802,1425.8955746549339,1518.871363495408,1402.7390698831275,1479.9806940975477,1583.807765170573,1494.7371166774012,1450.103799853496,1574.0433101811468,1535.3762225121206,1575.6522110566598,1494.9847029398322,1426.6773136743227,1470.7170543273676,1508.8102213797727,1477.7784926564675,1503.1945878176964,1463.5469115878807,1581.951366936429,1458.2542042424293,1532.8563765780937,1436.3236187091798,1461.958891561102
255,1594.755246408928,1480.1934141559007,1553.5073808191323,1489.715658071574,1494.6834218530314,1466.8792782881922,1525.156679624706,1509.1661328328398,1523.4365619901912,1489.3098340939057,1425.8714843688613,1521.9263732178792,1397.9341963162285,1479.0449929494528,1592.7750493661022,1506.1658742057896,1447.2423806825977,1577.9430230044547,1539.1773732917013,1583.883027532016,1480.1467698198012,1428.0949861550503,1474.4756806045389,1532.089439220584,1460.6014231853455,1498.9080516822978,1450.1886020773104,1583.9548061292173,1455.0839155053359,1549.5019834907698,1437.7466011832014,1450.4403578730632
256,1602.5269913447235,1505.2151937426297,1567.6633296974296,1495.0525065447816,1492.725624130431,1470.5555948298165,1512.3204664537693,1510.0813634010724,1538.6085831175658,1479.6428829241286,1434.4058548811713,1504.6327271709213,1399.8298905628237,1487.4609757921432,1572.1076637364426,1499.8104260097184,1436.6886211483622,1572.9345389028636,1549.2614598927296,1586.0941928347722,1493.4025971637245,1422.2874323232413,1473.6140805920459,1506.6305708073996,1460.547835707437,1495.4344179881728,1457.5120752377447,1589.426738169092,1455.1191568227448,1550.7334499926526,1439.09171651994,1438.581041557509
257,1612.49362182533,1480.6328493569702,1562.8398692920623,1492.4173261008207,1505.4276095969421,1474.6904024444573,1516.2994019789726,1509.5786812298368,1514.650414087856,1481.5298663302465,1435.1018638458463,1522.7768928085468,1391.3197421065813,1472.20093027071,1583.9103603658255,1480.0030078570646,1452.415289991288,1582.5446725017641,1534.8761095880154,1593.8840865928255,1486.426175830293,1431.6209741024381,1478.171581471414,1518.484336001385,1463.0814703013398,1499.8499417896471,1440.220157508732,1582.6681255701922,1452.2400965669574,1548.5391066262794,1447.9931560351033,1451.1118800242566
258,1616.0095750494352,1482.2977953733687,1566.6735667903174,1491.8438640966567,1505.993613956879,1478.340924751501,1522.344157046907,1515.6950197283436,1523.3040410294402,1482.128125615441,1444.501782531538,1513.0942481023299,1394.2924275081452,1479.3155348281032,1576.6344314672779,1498.8838580342021,1436.4250070422756,1573.7572920622279,1535.752321116876,1589.861468064022,1486.6744296822822,1416.5467505622526,1471.1524012779366,1512.1983338660066,1463.7432044335824,1501.058482383083,1463.1700257333212,1575.0293785960873,1441.5071720828512,1536.3792716831972,1443.087762549409,1462.3037329547035
259,1598.359493518457,1481.4230546039264,1563.9807920337491,1499.4798729643046,1496.4705762334631,1478.8492980713984,1518.1481381977333,1520.5594956749576,1541.0282898348723,1480.7329118848816,1428.5348111904952,1527.7667470565425,1391.7190059099162,1492.760602117071,1596.4591690145742,1498.9757280275844,1439.4585783148461,1573.9323191082594,1544.30193923301,1585.9552039957193,1492.194770012608,1432.7237051868178,1468.5576946123272,1506.1248204529888,1459.7675936664152,1483.1349414618244,1454.9648830635092,1574.0911900810713,1452.8022871682183,1534.3014198590997,1440.4815346450994,1441.959132804259
260,1606.871245304868,1473.2889622822245,1555.1855338058983,1490.729503614711,1495.3679021219702,1488.965138079377,1511.9078431805272,1513.9773784874621,1523.5070831203666,1487.67510473089,1439.0257156538698,1515.8305411407248,1403.7453489753123,1485.748522159923,1575.5446276963455,1500.9221100290324,1448.4870403910961,1572.153964995883,1539.2929410760207,1585.8892457069774,1485.1869334044088,1414.1209514159216,1479.1056242776785,1509.0347180079425,1471.5653853652304,1505.407396812688,1454.9531900445165,1585.7926638435667,1449.8933891372735,1538.35149919094,1449.5237984693538,1442.9486974769995
261,1600.6744592900309,1492.5412842232824,1559.473253666168,1499.497553484907,1503.2586421612868,1464.5908991839929,1521.2689191066224,1512.9065489342522,1515.7378061580796,1496.968249251657,1424.717747725412,1523.3949439081227,1407.6127825286565,1474.2012991380373,1577.3402477323036,1506.188100656179,1441.003673599001,1561.6551247265509,1531.4610989059565,1589.329428284025,1491.8794342215167,1424.5774950727905,1479.3884202284837,1515.4220694978299,1469.1288347538318,1501.872297231887,1456.7909410818859,1583.6603605328983,1439.4499224921533,1539.524318754559,1449.8054731875538,1444.6783702800867
262,1599.3788889328937,1476.9123151967092,1556.7345673914874,1490.2545719521088,1505.3315881262486,1481.2093885293536,1527.7218525880685,1516.6428191586158,1532.0444741614428,1488.697148120714,1428.6490127721365,1516.3362741038702,1399.6159889178227,1474.609877633819,1582.5156525823836,1503.9137440091165,1440.9819247483879,1576.9450701870992,1528.1161191098956,1583.7587642928354,1490.4821386852725,1418.4547514320382,1479.0908487038657,1512.7039237461195,1452.6186139887814,1513.3991264622937,1449.5010883698415,1582.0554500013793,1448.5345420241053,1551.8556199627126,1435.2759207961426,1455.6579333124378
263,1612.9747769352148,1478.644083057334,1557.64934030831,1482.9877933994844,1493.872691723769,1477.6508235282838,1517.9672477294819,1503.7507062370594,1536.0112506208097,1491.1532310231269,1438.2190101703231,1519.6245314006976,1395.8598858368234,1483.4357305898882,1584.5515358184402,1495.2626765418036,1446.873526969905,1578.6427434696773,1527.0863487882727,1587.4574804993376,1479.6811908156528,1420.6207121136588,1477.3751714473558,1516.0735596657173,1477.5716958522648,1505.0956669775283,1454.7557096686737,1580.7360047410277,1453.1530105032014,1534.917709792588,1442.2124644239677,1448.1316893503206
264,1616.2453056162917,1475.1934824257712,1572.39036985299,1496.9077846090904,1510.067625415964,1471.8679002556737,1519.349722484983,1490.3156250047398,1532.3209063439774,1488.2405247857446,1431.9492263180437,1512.027833742691,1383.4735334296597,1500.5051950827074,1588.5452762135503,1498.3369166562525,1444.6673747407,1555.6738092134476,1531.302059636192,1573.164347694942,1483.4971704075338,1422.5035525956762,1467.0250750392881,1524.9669232569843,1480.3213761371192,1493.3064426639978,1464.8330203315566,1585.508589922954,1449.0374857792742,1543.6099418422411,1441.106994363463,1451.7386081364998
265,1598.3933047451294,1481.315144711978,1561.830730384308,1495.7028000469338,1501.827689052691,1465.3097152702462,1525.3377512918807,1500.7992254825983,1529.3271630262132,1490.3489698861667,1450.848487164903,1510.5497356212409,1395.6719575690952,1483.2978741230706,1580.835228999725,1493.0743714218945,1434.5435093132937,1577.3221450927565,1543.5483190556631,1581.7699020842142,1485.5416502750093,1418.5635603748647,1480.5577584592406,1508.7119387495436,1467.011995969502,1503.5910955447307,1457.0281676419272,1585.2388912208773,1458.8845687615467,1545.3354173118785,1436.9667217962583,1450.9142095506186
266,1612.173247884634,1485.9476539670823,1562.7399649299557,1493.1045938070022,1502.002368233933,1478.0295409766188,1526.7106692804523,1504.391015247576,1528.4534698141758,1488.4161978258824,1424.685779904759,1520.8134814262537,1400.3057023557417,1471.7287308669431,1581.7295120252936,1495.483138071008,1448.184518383649,1576.0949213656206,1532.4640407421941,1589.7115191950745,1483.9485919148558,1431.7311474066173,1469.7903570969074,1503.859135939106,1459.0739301637361,1494.629566419681,1449.6596000039285,1580.4466377037152,1461.827141992003,1540.2896677439614,1459.970039382076,1441.6041179295619
267,1599.681243006904,1487.764282296273,1561.8681544139351,1491.2933463751458,1503.982919821663,1477.1791063843164,1522.5364993436933,1494.8381986965665,1519.98888449494,1503.0948244247206,1437.4589450396443,1513.7522270582235,1407.4996032523072,1485.730534631433,1590.8281659066517,1493.1221937454848,1448.8510403529615,1563.6777235068305,1526.778597350689,1582.808399558718,1487.2838038823704,1435.8286069654848,1472.2328344496823,1510.0035097432856,1464.3556313997642,1510.3890356469924,1460.4497515302232,1567.987235156039,1456.1730027283452,1535.9322337061287,1438.5017592685285,1448.1277058620542
268,1598.2696870798695,1470.8978974427814,1554.0302071668796,1500.840160715085,1504.873024730515,1468.8775481925645,1508.0728076857902,1500.472505025238,1529.7454260662896,1484.2855168094898,1434.6742780797128,1517.2927739664797,1393.9294237751328,1465.9496979389453,1580.1774999194638,1494.8973315417807,1439.9556542694231,1584.9162337716136,1548.8462860836223,1591.1470312355277,1485.3020453389977,1441.0989621871693,1479.6633703907746,1508.620065731088,1459.9695186956194,1492.9444567271614,1472.553916531926,1582.986405111696,1456.132637077175,1542.941606515259,1449.4683587993406,1456.1676653975885
269,1610.2912100547755,1486.1057677575443,1565.9491732281267,1494.6697780202526,1509.6114498214474,1472.3091382565397,1516.454429233738,1504.8368773470122,1525.712390108277,1483.4969742310507,1435.3431102696643,1518.1741153196592,1402.0325213440526,1484.0558445616427,1580.114899470438,1500.29099508848,1453.7839526625926,1578.496578478634,1537.2601650189101,1588.7490517925007,1491.7883653926285,1429.5549457439736,1469.1081980269403,1515.7578113939028,1454.889293274395,1493.7948256854152,1463.964151225515,1574.0208832716098,1452.0472571079822,1529.714743045623,1439.6605114684203,1437.9605922982557
270,1604.8161370499045,1479.833096553516,1558.1203249781686,1500.1660178607399,1502.081790410601,1486.0656580888894,1519.816943221741,1502.2420155379893,1527.6123796058548,1493.7085898232715,1434.4141011439667,1515.0534669110634,1399.2254086993871,1488.5810100202937,1593.0609612733012,1507.0828020463825,1440.2131835902867,1579.6772861938782,1538.126535293998,1579.8656069671185,1487.05235453798,1420.1182231246748,1467.8656986619735,1514.711186684145,1459.4064863870467,1488.3617237037531,1459.7874852239124,1571.03042603697,1453.3049032725928,1538.3975224307876,1440.0290940175155,1450.171580648296
271,1609.618021722698,1464.477428574633,1559.6760681158714,1493.5900053575913,1502.5797122761503,1467.9634887773227,1503.710300902505,1506.6632180043125,1549.8092519370184,1483.1687021387108,1419.4026107809082,1515.0172541206525,1393.2054887686859,1484.2870543464198,1580.8348710159332,1501.4489967978097,1447.5548601732394,1581.842172883929,1535.3933718833255,1577.0903510770431,1497.9210802464922,1430.6557656760242,1478.0790417125718,1516.759017256586,1474.7055375085715,1506.107178824196,1459.5808331596054,1584.4977338050628,1454.3890600664906,1532.897067620576,1437.427406656481,1449.6470478125827
272,1599.9671208983968,1480.5221243986623,1549.8031729337742,1498.92144876797,1496.8750075426187,1480.6177709314027,1508.0071792176886,1519.2786361992046,1530.2909273577648,1484.06029321002,1439.0019579038458,1521.9093933952947,1391.6567373627252,1486.046422649613,1573.4536279981364,1501.8354384237755,1451.3488175251327,1571.2326943140288,1544.0331843567315,1588.9189592039509,1485.424792006284,1420.1727486906125,1485.5876902023292,1522.6445886746137,1455.4649157942497,1501.014534467871,1454.7886927505845,1574.0022930107818,1454.8542939388847,1535.4452612611108,1449.6772039623663,1443.1420706495742
273,1612.826062757882,1469.2007827693046,1544.5906978674989,1494.6702325750532,1499.2735965883653,1464.8058277679074,1535.1451846063821,1517.1449840917853,1542.5827533349645,1476.5194292725646,1426.4685176938012,1521.4257258597647,1397.2123396135391,1491.1521609342965,1567.5628955212012,1505.2338124684718,1448.844583247131,1583.7719501901165,1553.5030368325256,1579.1890241877375,1488.4536932904039,1423.3798070533571,1476.6217104651396,1510.050370161101,1459.4655334896695,1490.46164216979,1465.0411776057065,1578.945183599972,1446.4967817575402,1535.3828317248126,1441.8297574654825,1452.7479130367317
274,1592.0727563269725,1482.124515415945,1553.6171867720145,1502.961139202533,1503.099904336693,1475.2701684308536,1515.999440358349,1513.147756249157,1532.3109061437335,1485.128245229329,1421.6506134605627,1527.5663643664147,1384.5130336792147,1483.1926538835771,1572.162983269316,1500.124183428165,1456.4236581443522,1585.3924208830013,1520.274567132424,1587.3978229082124,1483.5419011112945,1428.5631945490768,1471.7314532284615,1519.6460874632173,1464.3695107566502,1501.0884475953471,1446.73894943606,1580.491024243224,1456.3497421275008,1548.9840886753907,1448.174608547535,1455.8906726454215
275,1611.3670036220208,1464.7125811438932,1566.2199998779654,1512.8044355934824,1510.8683183577346,1476.8650239957371,1528.2064997909688,1512.6355337205123,1543.5606105448833,1476.5724169906475,1422.121995360932,1515.0458351409,1387.474338152808,1481.0208504622822,1581.3791596707022,1507.4584492460506,1447.594842435044,1573.9016287606678,1534.3025437079436,1591.6944872837435,1489.2801441981721,1419.4857338414374,1469.5799228224676,1503.415081749537,1458.953765005452,1492.0170929559135,1454.549719348011,1587.110627965115,1450.2804002347018,1544.6162656891984,1436.666922175057,1448.2377701560183
276,1608.67322981971,1479.00516329924,1547.3923056983047,1494.8483965048274,1504.499805194183,1475.444174578109,1515.5940914744342,1519.2537009985642,1545.6157944488843,1478.7757763738734,1426.7261702137848,1520.1446972451417,1402.5132544681546,1482.8159057542728,1582.8518798377233,1491.053736307463,1451.0468842844439,1569.7243354176053,1538.6651757264458,1581.441064761597,1493.3245885685055,1423.001978856152,1471.7208132366302,1504.3844904956109,1454.7894401368337,1502.6333282544726,1457.8716747699498,1592.3118626220175,1448.0225766179828,1540.144343215065,1443.2926972218208,1452.4166635981967
277,1610.8505392973834,1479.1653602838528,1554.234907655703,1493.859120767701,1492.1022448566582,1470.6202849372403,1514.0713459292353,1517.0720841756015,1529.204867560652,1488.0505035261,1439.9878390738336,1518.747338393519,1392.9231387694401,1490.0843720305272,1579.316891413411,1501.8165015453815,1435.7470134862183,1590.251564124424,1528.5974616779508,1588.1909558084694,1494.6103423537518,1421.173752833286,1474.372521679232,1506.1210925931018,1466.3838542032877,1501.7237964749925,1456.0106570014132,1580.1679505665315,1437.9339005316895,1541.6305748127415,1463.0115215045948,1441.9657001320752
278,1605.4364997264283,1479.518925104115,1558.720998574371,1501.0659672780487,1495.3877934346935,1470.474409151712,1533.190482360596,1511.9400257868526,1540.2164775391232,1485.4739584286342,1433.7524171219418,1511.956674945625,1393.3381826757784,1477.1108197904798,1578.1549836487782,1516.4656746840915,1449.1458956675335,1581.4573730215197,1545.4528990256626,1578.9695278715046,1475.668187929786,1422.9764798114027,1476.6212322535898,1503.2728149896977,1451.1019282449897,1510.1124277149224,1444.9067605048176,1584.265101732453,1441.0077266511655,1550.6564621593964,1447.3998331217963,1444.7810590484933
279,1608.1921736932868,1483.4306223542962,1558.8867222029185,1490.748692516265,1502.120598850059,1480.548070837764,1509.5360222330219,1515.8799497842165,1535.2396442570289,1492.925747603113,1429.4005985419965,1510.9273555861062,1390.7514101605002,1490.9790260730426,1586.0135391876022,1494.144303855633,1449.3347697929694,1572.2867009373783,1530.0738988897056,1586.1702952515059,1487.9544426793814,1422.8442573757836,1474.24273901625,1518.2791528223877,1470.8682634127344,1498.7189535260675,1450.623471654675,1579.4588474478721,1447.7046286220725,1538.5770584782124,1439.0724194840686,1454.065622872085
280,1607.4634231309808,1489.79162974808,1561.9061372080141,1491.8036265863034,1503.6894216153353,1473.11227003788,1507.5867734440183,1505.7375533617512,1535.2053950539078,1491.963000603837,1435.2971427428067,1510.3730972843598,1390.8115907233891,1468.798455890173,1570.0028686923345,1506.6616653812962,1439.0186497023415,1573.992308779326,1537.5700950630942,1588.7497771181766,1487.2957373308054,1425.8073826908226,1469.6552744583948,1525.9534827991215,1459.7024598933435,1498.6336624064204,1455.9886668634856,1586.9577869812451,1451.413729301616,1541.6598524710662,1446.630748308692,1460.7663343275813
281,1601.9913788296337,1474.4594223255788,1559.424746267689,1490.309942244771,1504.9831404237023,1476.508205123603,1519.72523342787,1508.9682668024884,1530.7076651184761,1495.326740713892,1438.7004315270126,1517.3365992033087,1389.7557640581126,1480.6174933146704,1578.6090317893559,1498.202071236928,1441.5296652447564,1574.623162553348,1527.074320256843,1594.7775095445213,1480.6487683815526,1418.565927264621,1489.6411179228417,1519.1763298836213,1454.4945262982492,1500.118518795621,1462.7310106054163,1589.5713714205908,1443.5129742421923,1532.5402523946923,1448.5955770396079,1456.7728357444328
282,1617.0048201660522,1485.6895685137129,1550.403909432232,1483.3997396370792,1494.7464205380957,1482.9857041834114,1519.1517216648608,1500.4747626631079,1533.7683280635142,1483.6693108941593,1429.4807679754954,1525.8997612391177,1395.031990964131,1492.804130705681,1587.1240851605367,1494.125131094861,1446.4638458220454,1564.1493111590273,1540.5455825721867,1573.8016142776212,1486.349963153858,1433.8334330103244,1481.2636127038247,1503.2767296259804,1464.4128831504413,1499.979451652728,1449.4269293793634,1583.5596874261826,1455.7446282077094,1548.3253378873449,1441.8708886382133,1451.2359484371013
283,1591.972230107864,1480.2386209239382,1572.6672884262225,1492.9974750805404,1500.130822891803,1470.6118425774616,1509.5879887698673,1501.2624951806824,1542.5427107872563,1487.3921523188362,1427.275289559411,1517.9321143803095,1393.9477532185363,1477.086546028022,1567.7818256564954,1505.3179549282302,1456.1112919365473,1579.2399094980647,1540.7745985983436,1580.1975599040657,1484.2651719323248,1425.9887953782172,1472.7399011409273,1510.0134868605267,1471.5341480741265,1504.7162772561996,1442.5829117350395,1589.7556863460543,1450.2260598140629,1547.6912617414894,1440.6026138181653,1464.815215130369
284,1600.5326313025216,1475.2292883437453,1548.4978558130126,1490.2849104334723,1504.0671384224847,1479.2358982215999,1513.498631971862,1526.127885466268,1543.014372110061,1475.2730345903744,1433.2381376497644,1507.7171970191962,1383.5802750456667,1472.2902041529744,1580.805474805222,1507.3420892838112,1451.143664689141,1569.3931880193738,1529.3729592799543,1589.876883615945,1492.10568622325,1430.3611411873924,1482.1593187805925,1513.2152714810293,1469.6414086992152,1488.2390785662903,1464.7184213775154,1581.46586997084,1458.016000833262,1537.8350901559493,1452.3963652285408,1449.3246272596718
285,1599.2798862666693,1468.9583100896539,1562.987046307702,1514.1393128909333,1502.9888596444903,1483.025047434144,1517.1542570650472,1505.2172318830303,1541.9261814481165,1485.1258091014377,1445.2193173900553,1517.337812835828,1388.8289860560833,1469.504843824759,1578.947184744701,1498.3989512491914,1439.7607345283911,1584.0705334610495,1529.1262582354818,1583.0420229403715,1488.15827182992,1423.0355807033156,1473.2080098280753,1504.8455064718626,1460.298656830272,1500.067018331704,1441.1453359233487,1582.1936236791362,1444.653749145849,1558.6847876383044,1455.5050463391713,1453.1658258819045
286,1606.1759629908445,1482.709300303105,1569.2454251418894,1492.0114340506136,1509.4198183724802,1473.6937032842934,1527.4554887103448,1508.3693969088622,1528.7898945777454,1488.1351196266226,1425.373797336955,1514.1544445761972,1390.0619701902344,1472.5788974584862,1591.665899039158,1502.6113955321916,1455.7416987086165,1572.457497436356,1534.9384366619902,1586.366497078002,1484.548959426861,1420.1900941523918,1475.779341718136,1515.607176876945,1469.1202945603325,1491.1012448665201,1457.1780585784059,1579.1088876023016,1450.4783332507166,1533.68857313394,1438.5012823801771,1452.7416754682838
287,1604.3496226725983,1478.0461561735415,1572.1201959941607,1488.0742003362511,1509.2732332392977,1468.8940932086043,1506.5918681874725,1514.493564391969,1527.7448403906735,1488.0807093945666,1434.8212356739903,1511.2204801145363,1409.011990383574,1485.0394618239661,1578.3870903342186,1497.088662142621,1432.8167691474848,1577.1184710693376,1528.7253661803404,1586.609041943481,1483.813555098753,1425.52914452566,1478.8864014701148,1528.9824383994403,1461.0847047774948,1490.4000818240247,1463.676858952996,1575.253131873408,1448.442835306023,1554.9099539679316,1444.6418309741828,1445.8720100272853
288,1608.2029847034057,1487.929360384489,1563.0090771926396,1490.7285508429354,1502.678962519178,1468.5608675577155,1515.2061865703142,1498.2960043098892,1530.5392875947696,1490.0975609281318,1430.990882367597,1519.497868469346,1392.3647506267212,1479.9403284597345,1564.4967168481205,1511.7047556573436,1437.07947795613,1575.881272358359,1536.6623815031305,1583.863737963852,1492.3065436909708,1425.7876053807402,1486.6953099254372,1511.5196581680852,1469.6833351304374,1498.5746996641992,1465.0680742496381,1581.5970168298961,1453.849564124924,1545.524033609487,1444.1575099900408,1437.5056344223417
289,1605.5975200064556,1480.6916416207807,1564.6839226297827,1498.1768693266652,1509.9664365472102,1485.0178321339492,1507.2570771869432,1520.1765888207108,1516.6270269321667,1489.1044169346112,1441.8478425155706,1520.2360244883662,1395.7206768272017,1475.5491438937784,1578.8093751164508,1502.695522904466,1440.64433979848,1574.7177898591192,1517.8085908151356,1578.712211747113,1499.4264476052713,1431.0789123802037,1472.2470378622304,1514.0959797754474,1463.1301371323268,1492.3278793395864,1459.3908371651546,1591.0833816895445,1456.4061220109006,1534.2034433974234,1441.6835252659139,1440.8854462710399
290,1605.6510832109584,1467.296431342526,1552.7593703763323,1490.9111884367194,1505.4067681544716,1484.616586574625,1522.279324443942,1516.16197031893,1532.950947404748,1475.4005746974024,1439.2360883956467,1525.9878415533078,1394.2901401189977,1485.6682109545573,1571.1856268615254,1492.1872520729703,1448.0750388934625,1584.1652128772387,1528.2095743897444,1593.7160552162657,1492.1418476848219,1439.9498790749726,1488.4144348140474,1506.8735856913788,1476.5966333853298,1487.9410887269091,1460.2728677870575,1579.9841385473494,1443.1417052813217,1530.867377218271,1432.9975188042615,1444.663636689908
291,1608.0713424554624,1483.541783997513,1558.1450594776545,1488.4423435792958,1501.6424369150411,1460.9235745210756,1510.720564638942,1504.6879587431843,1526.43662008471,1487.806307035998,1434.6517459961995,1512.982194967862,1413.955695428647,1486.9073899589935,1580.5703753876646,1495.197200859686,1449.8943557030914,1577.4045156475372,1525.2489083302505,1597.4226643494264,1484.5562190347282,1419.4203000281934,1491.3717278086974,1507.775801190475,1482.933498972319,1489.811634339398,1472.431133863813,1572.1337226280066,1445.3411068678029,1528.5176889694753,1444.5031462995303,1456.5509819193257
292,1602.5779564437005,1496.6350947886303,1553.486214667084,1487.156925855091,1505.9252327652634,1462.4147148992654,1519.2321929375387,1512.3956695662253,1525.7692680121445,1479.0294020914807,1436.035553414523,1527.3648186657738,1401.7987474816625,1490.1371980781553,1568.6391423232797,1478.8563484827005,1452.6993797862065,1557.6496893909566,1544.203791195164,1599.9659246918332,1490.5279262221447,1425.2428787851177,1480.3252736359723,1525.4020179230279,1467.3759562509256,1501.2701961278449,1443.1495414954798,1580.9319340516818,1458.4085296338942,1533.8273543026266,1445.0922095236238,1446.472916510982
293,1616.2031502754157,1494.6320425030692,1562.4412540188189,1497.4180487431877,1489.8681361509468,1482.3568844651484,1516.7813748751505,1503.1750349526408,1530.0532366544917,1484.4089178810925,1438.9812599693385,1523.9618192076418,1394.9845034128298,1476.9360802860972,1581.2732866604108,1513.546765870911,1447.944098552623,1574.226544986131,1525.3966534279582,1577.084237127048,1484.7845881189785,1429.3861131573722,1467.2314920106617,1510.2178375876326,1459.4563129414123,1493.1698580085065,1461.856886285827,1584.2865386483008,1449.2255844967676,1546.246055072909,1425.6157000038595,1456.8497036468207
294,1600.7518266697207,1489.2352819546495,1559.106327588683,1487.4711682774796,1511.9008180213827,1469.462634734428,1514.6648352420807,1512.0797842901995,1535.2462936888899,1474.6553618497653,1438.8537765518267,1515.3458552921531,1390.7720305463074,1494.8074224471727,1572.3382543573161,1500.2452680573547,1439.1531722780426,1565.615714949756,1538.4905919591056,1585.1710819571438,1485.9934694189383,1426.2462711056635,1480.0998451039918,1512.4803852017374,1456.1171254076617,1495.0596946319167,1461.4748929420477,1584.7426783803014,1438.6473543300401,1542.9633772268728,1463.4160826243622,1457.3913229130087
295,1612.1282592939097,1475.0298503570382,1562.3299951624338,1489.2587967307484,1494.750146255015,1475.9406915704342,1503.6458605144007,1504.3782185334494,1538.3708739564775,1496.4984992171167,1431.166045795107,1521.6176384343885,1396.4246612310033,1493.4136708488577,1582.5012056579258,1502.692935853176,1445.9679906338924,1554.6756328844492,1537.0472836519198,1584.9057037798323,1493.4626030349855,1427.8474177877156,1472.4560344552788,1511.0807452815861,1458.9636147605945,1499.2569514700174,1455.9103743632895,1593.528297430507,1454.933624947555,1541.7822226512997,1443.066213693983,1444.9679397616128
296,1603.407109971567,1475.2125508522993,1569.0540299317704,1495.4709174291347,1502.346801410567,1474.2081008665473,1505.9054970993507,1509.332031642224,1533.1033192229531,1492.2139759730942,1430.839550076584,1530.6101637920674,1395.5668690478399,1476.7588496491967,1584.860956183149,1498.49596947276,1447.4407969917588,1569.3213725275202,1535.4323171485285,1588.3434951324325,1487.547506913137,1421.879518049621,1479.8455214143344,1505.3593010678826,1452.9823362776187,1508.8832547738618,1441.0375199210155,1579.9583749272163,1455.5515510868356,1538.1319701571922,1446.591516312608,1464.3069546773327
297,1611.5603941484505,1472.5173618382446,1567.3510202416894,1490.0664069677146,1501.113751849387,1478.6063044853845,1504.6317778003936,1514.0109060112495,1530.1994488357516,1483.1837784366764,1419.2353476394044,1510.925054405661,1398.58187270208,1481.9535413173892,1579.4840693974772,1506.7236785146206,1448.2765288165415,1568.9584727842966,1521.5570277776826,1588.9838186086756,1493.4967436505656,1428.2430005794329,1468.346477527382,1530.715830718477,1477.69583235496,1508.8568342963883,1462.5013065830365,1579.265152775142,1450.365659936998,1534.7859333291783,1437.1370402239818,1450.6696254456876
298,1599.131484447532,1479.1776505231685,1567.4063808997164,1495.3509469281428,1503.8693635222705,1471.5144095597507,1507.0768551857648,1501.3849757072996,1528.141203952959,1475.7648257802762,1432.2919211881763,1515.5237565012687,1393.733768078278,1477.0418454376081,1584.1732475149797,1496.657833901359,1445.9663369415393,1580.8617174210497,1536.847554981488,1596.0903914325545,1486.1711416176408,1434.4363512743098,1478.975137631424,1506.3342325428598,1468.5569559044995,1521.2660445452266,1444.3708751389086,1575.311315846014,1459.5075253787727,1547.2034191882906,1439.4895799883348,1450.370951038537
299,1607.1720832797735,1492.684243671476,1570.3329118262097,1492.9899655705988,1511.667693888673,1471.0537418273848,1507.862133670616,1508.501135082295,1533.8643866629322,1478.0040339520372,1434.662199511047,1503.0820688033598,1402.1460434496248,1474.376960122502,1571.1605976714427,1508.6043202258559,1450.4011830242266,1570.751011780146,1531.0088803962738,1582.860723349461,1498.339744837512,1425.8946900071678,1475.2330871060624,1513.1697112613522,1454.1558759754037,1508.612477262054,1465.8676945341847,1584.4030977009738,1453.603864441668,1538.2277881097586,1436.8471780053674,1442.4584729925602
300,1607.5035081991273,1493.631524195884,1557.181573165374,1497.2591361843906,1489.2791340608962,1480.4563338108333,1525.1336155408958,1523.3936603556056,1526.3003112620806,1494.919261476293,1445.8194178453205,1508.675675498807,1383.5590598047822,1480.9857996260919,1584.0055129823475,1498.6482765888168,1433.1897036571115,1571.1455953471136,1538.4719680890457,1589.3428164859138,1480.9772949259261,1421.5402290342379,1468.3145550066818,1512.4395469653937,1463.8189286472498,1486.5324868222626,1457.9790520648087,1586.0459362338745,1451.4118370247777,1535.5416164062601,1444.2477032464558,1462.248929445341
301,1596.5198586498118,1470.8523045769987,1556.8791244169452,1501.33310720704,1501.2988165527115,1477.1572655146167,1524.1214089372938,1513.7362161858055,1536.2733452688403,1487.4544876542614,1433.1758642119335,1518.8757685429837,1395.0265486909068,1486.0624755631845,1567.2375534810342,1489.0027362907244,1450.029943800299,1574.8117887773087,1542.0150994265975,1589.3351595363733,1492.2199505661504,1418.5253868698956,1484.8218383566198,1522.3480182875724,1455.6269843791385,1483.9467881100825,1458.8215917425418,1585.8016840069367,1453.5037924803194,1541.9417498278697,1444.7401857181874,1446.5031563690154
302,1594.1677781756932,1473.351868611249,1569.6768269204535,1496.027443355802,1493.793901601858,1458.2353278678734,1519.3987119063568,1518.424461462785,1533.0700839165243,1482.5388485549115,1437.169530431511,1514.095601056825,1404.2263347671258,1480.7111548908556,1572.1233253526789,1491.6091055535987,1446.0621532773764,1570.69406521018,1548.3890483121208,1581.2031620785024,1480.2914540242461,1426.6386279971327,1484.2224726296233,1506.7209901576127,1457.6554578237574,1513.0851958094004,1464.0056438768174,1581.800518236406,1455.1886519290445,1544.1565723837714,1441.5646333532816,1459.7010484746247
303,1608.1151262049493,1472.9588094430965,1562.96485984214,1494.0443883174698,1505.8489452934566,1470.956663704192,1523.2159770435223,1501.420429470347,1529.3393567729331,1484.3425364392726,1445.2721806457287,1518.1395094317643,1396.7244007649035,1477.566935610339,1580.9518201977796,1503.2189481255675,1451.0833013115882,1574.2885789703741,1540.0610001557206,1587.1739243992495,1483.5081361413397,1422.8805430838725,1483.2748496184959,1509.5350087302268,1461.3510074023206,1496.8593662964254,1446.2852327494272,1583.2050975633058,1452.4277269931276,1540.3889796927215,1441.1586545023094,1451.4377050820335
304,1598.5035033434158,1479.6446582526003,1565.8921555183258,1499.560069140511,1509.2335915731544,1482.5256884207884,1512.8752312811598,1502.002547931572,1519.7839898453153,1480.911353676405,1425.6747567994676,1521.8953034530036,1399.323467551646,1480.8816065727642,1569.538816350881,1506.4083073871477,1446.5732577080983,1564.985134098732,1543.823660395877,1593.1856885883187,1484.9207437847099,1422.318143943365,1488.0200390236673,1527.6064499467564,1468.491122528078,1489.159661748851,1459.903485838203,1568.2950072396432,1461.7852443296626,1529.9562503706059,1448.0369066738858,1448.2841566833883
305,1599.6639470043558,1475.8724596370098,1553.5060498663113,1501.209302489587,1502.7086465458888,1459.117945131709,1500.5398490336975,1516.2749715115933,1528.0751559836185,1496.6056749478832,1449.102639225349,1507.7233497308807,1400.6632737088341,1484.6163209748963,1580.0500400792507,1504.831800111691,1457.0245965302972,1574.1692226098653,1533.4295686839093,1580.5041352923595,1497.3464492027458,1440.3242015214669,1470.2274977206957,1511.1278042003437,1460.478036000497,1487.631581669791,1461.7012396878852,1574.4440023102134,1447.1345909336655,1537.7897312981636,1447.3534240608776,1458.752492294667
306,1600.0781055565667,1481.1824148831058,1548.6256405236247,1497.5807410960103,1512.096323111647,1466.0405797690362,1520.3607850412047,1519.4376012611926,1523.912884293018,1490.464365133848,1437.4282166440244,1511.989919622873,1398.7815553952296,1475.2167961856014,1587.3523285405136,1496.7797562877245,1440.9078619628979,1567.5878226726593,1528.9396073310077,1581.6852305759312,1496.5411467834006,1437.1150309963457,1475.398989537917,1514.5581965138886,1449.436428343387,1492.6880660142585,1459.860735061564,1594.4346915103552,1463.6217856378853,1537.6679108558742,1439.3232366527836,1452.9052462046238
307,1610.2780304922014,1476.0152210463211,1568.254586003612,1496.3677987334295,1508.5518843590426,1465.8178460183765,1504.6914455409544,1511.6899896252105,1519.803527776558,1482.72188203269,1428.2814868576986,1507.344199013427,1391.4305097906306,1477.601682234777,1591.4106925658061,1502.545863066499,1441.5302492403846,1575.2491791192483,1546.3403208995792,1588.168243723241,1496.1619452145817,1415.7361772456693,1487.0323529328646,1515.5155657232735,1452.1865163056566,1498.8838003623582,1462.7642316471681,1578.5156375356944,1453.6894835418962,1543.1901623368674,1453.4391666408062,1448.7903223734766
308,1611.4938199546061,1470.022981653945,1563.4757607027136,1490.1204164326402,1502.891563023405,1475.4326301887293,1528.8246954105164,1511.4260579309919,1532.0941300559327,1475.703204649426,1426.473383322076,1518.4978764519294,1399.485013528657,1493.9961932391802,1590.9179901488517,1510.1498694184638,1448.3182464461436,1565.5982321931106,1547.2266911366517,1590.3832530081784,1486.6801689193262,1425.3251956585727,1469.04605344732,1499.4989532625227,1463.170744105818,1499.1334495755675,1446.4110050071345,1588.8095316008023,1444.2911659751778,1539.6496915942598,1436.6117018793118,1448.8403300780385
309,1594.7095922789167,1485.7730491045502,1559.5174843676616,1493.5908514443756,1508.6617141959084,1470.6286766826806,1514.9584747655204,1502.606114205371,1525.2120435864974,1478.9119878380363,1430.4242849984528,1515.8294122468342,1403.08894730778,1491.5178940428023,1580.667201256357,1496.6004169004775,1443.03635161413,1582.4066747068043,1537.9618853440122,1578.9874875881387,1488.7003363008394,1432.3392752358152,1475.5066062846308,1520.0014318576134,1474.9615528573274,1493.1890682725132,1454.6201519052304,1575.9482710398597,1455.0863196453972,1545.4021153275964,1439.9861019894097,1449.1682248084599
310,1603.2645597840317,1469.5778580574013,1564.6773602980554,1496.6202244264214,1505.5284862845372,1486.8577435138452,1510.2519333924558,1496.2333914577835,1525.461558759004,1493.6173157469743,1434.2582493224731,1517.2363951341308,1405.7396014604587,1473.5186301791127,1582.565891154841,1511.2942522762553,1448.8982300228145,1573.5365051960714,1537.0856224585827,1588.949239369564,1483.6189527422625,1427.9351894568847,1480.320484560286,1520.5899745805714,1457.976846399701,1496.1877067218416,1458.0548900805368,1572.4028534091804,1454.7591468040446,1548.73889031769,1424.3858519511898,1449.8561646809972
311,1594.9172570096093,1491.6780990110458,1567.8743642035427,1492.0838198199526,1509.1048157484736,1471.8942800708303,1520.9986380057862,1521.640971635861,1535.7367025549363,1491.041575726838,1420.6796519043553,1518.3048187856248,1395.9417265433256,1461.7300426579386,1567.6363678210316,1506.3288435377492,1442.3915426989504,1574.7280031361802,1531.1143164391235,1566.6986698323649,1487.2715036968882,1425.9216444652354,1473.720571766967,1514.7178438083042,1462.9673765666573,1494.9880657758354,1469.8183562555416,1581.448273973009,1452.3480298963807,1547.000386545142,1446.1243946199538,1461.1490454865655
312,1601.3864766372008,1477.0584752290845,1568.4120937158882,1499.5003613095525,1500.365090284557,1486.9329304382636,1511.3962662220542,1516.349802704622,1526.921760229957,1475.870106729101,1441.8947102350692,1510.838468323521,1400.2625023838716,1483.9960694507322,1586.5347934126612,1499.4072392484325,1449.221161354355,1576.5055875829064,1529.857475563909,1587.2232951701026,1473.5766156999,1428.6569021039097,1469.4850425324212,1513.41137337274,1467.3114667279033,1504.4863831679174,1463.0933083004788,1574.120611495091,1444.6235059567973,1546.4719950260799,1446.0131814920178,1438.814947898902
313,1610.498441845645,1488.949006553165,1564.3024363325462,1488.7238258271368,1498.8386390565026,1478.71427107073,1516.4363096503425,1500.8135257887864,1514.9220965141124,1478.2886716832204,1434.5554916138205,1512.709994879972,1407.0016044391602,1481.0078507960468,1578.2153010075704,1493.3342526139675,1443.0892658169166,1570.465918527771,1541.1106223505094,1595.8402737215388,1484.2266682086529,1428.8264216545053,1478.34475642235,1521.7034294979342,1466.6295951746936,1490.2881777783957,1467.4329072382948,1574.576206559394,1453.5204978112554,1544.8238014929595,1433.905284842892,1457.9044532292123
314,1609.125375349508,1476.839556326833,1555.2230251353897,1485.7398340145785,1492.3283634979948,1478.4064754707533,1515.7859626426914,1507.4076307671944,1523.0729340978382,1484.8935160254646,1441.3558543272802,1523.7094554036084,1394.0334525737148,1480.87897831877,1594.9398299874185,1504.0756888997648,1438.9148477805013,1576.1942698900436,1540.197493439959,1584.4554886616718,1499.29322521399,1415.1887457665944,1477.7694281214935,1504.3871693266526,1477.2807298621187,1496.0860077827483,1467.1228257944933,1575.1598956119328,1443.519915474686,1538.7911070707823,1448.9180395722594,1448.90487779127
315,1602.5420701419898,1483.852055197537,1558.9650255482672,1487.0657680268991,1506.2416269873786,1480.0866809911067,1520.1545899242333,1515.0764283012904,1527.072073223059,1495.211498663571,1420.2255262705473,1519.3891128719035,1399.003138568039,1470.7553495985553,1579.2414760141908,1497.2109089995504,1443.9874037442944,1580.9087321751465,1530.4230954407933,1585.4534224809893,1487.9156634600101,1426.1529119109482,1478.6152590720953,1496.2828396764646,1463.2847634385566,1485.998059544603,1463.8348262238776,1586.0216362522651,1457.1685757262892,1537.6763605904196,1458.1433860754414,1456.0397348596864
316,1612.2349769175762,1477.4169074621384,1563.624099290101,1489.37361681244,1510.071164939148,1471.702015240083,1511.8296973050442,1502.7939214599646,1534.0181011585712,1493.8146674027978,1431.7045505551039,1518.983730317126,1397.77838393277,1481.8411667433577,1569.704926381124,1484.134338269983,1440.5826566529313,1584.5927632830296,1536.838429285884,1587.659846525592,1491.9096623403632,1437.9361003536587,1474.3537451623524,1514.8954713014266,1462.500305948329,1493.489640873643,1475.8825613949487,1579.4101371596244,1455.3321623351528,1535.7000086434396,1431.6979317847906,1446.1923127675047
317,1608.8198775424432,1489.1273843040185,1555.6772803372116,1490.8007263647594,1504.0747061686236,1475.508187581742,1500.8990593900346,1504.1195604496525,1543.1304335474688,1477.8227998479867,1443.3817465705713,1524.818328905242,1378.416609411828,1469.5841002814088,1594.3507952329755,1504.2807904810886,1439.6424140436086,1569.4817636057987,1549.2342916370644,1582.512485668031,1492.6021487685068,1429.3400696883741,1470.7965464866393,1502.6448642438186,1453.7132577001773,1500.2292044727888,1474.2079502145334,1582.1033288356657,1447.906856392474,1537.542774466909,1442.6635318635222,1460.566125495033
318,1593.5715046030186,1498.9672981135525,1556.0035317227064,1488.800358066212,1500.8050279771674,1474.586940833721,1511.0862090588967,1498.1958707002937,1540.7758195479018,1497.2555049443406,1437.310558603049,1514.1529665588541,1388.3461584501229,1475.9219329311336,1587.7011897941018,1508.0631161154402,1437.3435553534146,1568.5258988668643,1542.133195094983,1585.7963898992373,1489.6351229519762,1421.0801604856717,1475.323706115839,1521.9645020919634,1477.3535164077357,1490.2283272874442,1448.0308529038966,1579.9728108338704,1448.632169627489,1536.3536928538563,1451.4233239965108,1454.6587872087348
319,1613.4581965355712,1485.0351342455808,1544.4989702066307,1501.4183229911284,1502.3721324410933,1478.272315689262,1533.2955958154757,1504.2118861204683,1525.0545171065662,1485.9232713909219,1443.8142913307825,1505.852641727765,1395.2177654379661,1480.6746687479001,1580.6535114777082,1499.0653956556232,1438.6093571716376,1569.1377672338406,1519.3298005615804,1588.4656851023326,1486.5141243624914,1424.5793235072158,1480.6471912468726,1515.41238768883,1477.1468439734922,1507.0353506984577,1449.578382706135,1568.546332471803,1450.6121047169559,1544.8274617764087,1448.3605887986569,1452.3786810628455
320,1603.2301491831095,1486.984647442891,1560.5990438458778,1491.5585635031632,1501.7661999519758,1457.874912938331,1504.876814922596,1505.0465321081185,1521.4220215466376,1484.5075714845368,1445.4215460913847,1520.1803686538356,1403.0074307514699,1476.6229665541282,1571.1440077183981,1497.2416809948509,1455.160770282184,1566.9513932347338,1532.9560043541228,1592.5152344761257,1497.5616441315294,1424.3113295569706,1474.2215370868955,1522.9580457602021,1457.8739391516517,1497.194613066479,1455.1249588529531,1575.421454531597,1453.4824924162522,1543.3943686288192,1460.7906326690525,1458.5971241091274
321,1609.3521127874008,1471.3726012272057,1554.1634938729703,1502.9088961490768,1514.135954124725,1475.7048324185537,1512.47288988154,1506.3292472607293,1538.9696876706444,1478.3751705083373,1452.602694476265,1523.1487346032736,1403.8250890611441,1478.3879436623663,1571.9099612978314,1497.8487375578652,1462.520553764748,1567.018992976366,1539.2434232555795,1585.5165887972519,1494.6561792510024,1414.8794489722573,1492.7652561066236,1504.6450107737326,1458.9005928859942,1492.6257060476764,1452.6884261429466,1577.4953835164326,1444.810626113297,1532.048662251353,1439.6866097956806,1448.9904927891296
322,1614.474838495093,1481.0940383241832,1568.4867954938197,1499.0275560499347,1499.4730791848085,1468.5552780212772,1508.57641932489,1514.352996663122,1541.3624973998071,1483.2581379972412,1451.6033395636825,1518.259423024893,1410.3805550062991,1485.2119549033835,1566.551473801411,1489.5396936638258,1453.1892565060011,1576.0858728250128,1535.9405827839796,1573.5410316617242,1486.9690706181186,1429.4770711187805,1463.8682377552882,1504.5045390195085,1465.816889912141,1494.0340190733923,1463.8320197420483,1590.6083068438948,1454.2121299349658,1527.9147973595104,1440.0732917468401,1439.7248061811217
323,1604.43669230338,1480.211261012079,1560.3360925639347,1502.7643067635738,1503.2539424207464,1474.8161276384494,1520.8890997301962,1507.8431186191833,1527.4105486945346,1485.777600552571,1437.4655249362377,1525.251081901209,1392.91954371768,1474.1479779491328,1574.7863468497585,1502.2642657088873,1451.0587749234046,1566.6612205859547,1523.0388497692195,1573.9775943058928,1482.502558800193,1417.8231828915416,1465.0975451988033,1508.7683913438657,1484.054926633986,1514.6988968568824,1467.2831056994107,1575.2815127152317,1460.5468574971544,1536.784964228571,1440.4078488741961,1457.4402383141382
324,1606.979214762152,1472.5402414464893,1570.4099607590083,1497.065423943523,1504.112225489241,1461.6849543267242,1518.234577147184,1510.280614424147,1532.1260789504379,1494.0932592710121,1430.5405692567745,1517.2430192744614,1396.0480193909966,1482.8673740602405,1565.3417871487943,1503.070060585471,1442.7070627669457,1573.736307229473,1547.9566521046072,1587.501756370745,1491.0707018800051,1426.3689640970306,1477.4799379007375,1510.146137197951,1474.7226986670878,1495.3480840116997,1456.108951996734,1566.623763905785,1440.87455741314,1552.2101010371928,1443.9201999358472,1450.5867432483615
325,1602.74477791277,1474.9444766778163,1560.2596125174214,1502.3487374912972,1509.6194631195206,1468.6699330783872,1523.5347706694174,1498.2216547800354,1532.401894782184,1482.8979259142088,1427.820712246316,1515.464540612802,1384.4532231217609,1480.3530945774153,1591.7806464271403,1491.3902529456418,1437.998258505469,1569.5154924548124,1521.6617899549378,1582.2814618478933,1475.3233591087178,1435.4073220920902,1483.3917275840336,1518.609214120367,1471.9235860168005,1506.5153933876409,1453.81336169085,1579.1590843373008,1463.1366521301181,1555.7978706141912,1457.016580946024,1441.5431283346188
326,1599.391050846112,1476.3769683931905,1546.8440563234265,1496.1113332056111,1503.2061102873024,1471.1938131659076,1512.0244574324463,1509.445617867572,1523.6286900729306,1477.4606915905674,1439.4635806727613,1513.670110159933,1401.640078419347,1482.5646921596112,1590.9573408207439,1500.6171660793148,1453.0231146397073,1571.3655810798878,1544.5877372018601,1584.102175837126,1496.9111130165074,1423.244519015787,1471.4481558102239,1514.7877834063113,1464.9196885012075,1504.2599730432526,1458.3203144469082,1580.1722835925505,1450.8428392921044,1538.3231494509823,1449.6272392605983,1449.4685749082075
327,1597.8137890945422,1477.972406339693,1572.0058128568255,1497.6747550991613,1501.369430471425,1466.9429363294023,1517.6577196876067,1512.9794239973228,1538.9820362565788,1491.0628889809527,1432.3012228863277,1514.0656754126005,1385.2960340557447,1480.0134832518088,1581.3379636339616,1495.0333435063606,1442.7502022048195,1565.1046421055369,1538.5445645271095,1580.8897091776676,1476.5555070184994,1425.929128517666,1486.92992996856,1503.5852279000837,1459.5135226237608,1501.9855228820284,1453.4729108473837,1585.4541760459142,1455.0353645280036,1549.7802341359345,1449.1665228584932,1462.7939127982252
328,1612.191237365645,1478.7499603591423,1550.830496876365,1498.331490470068,1503.5643944288042,1472.2881857885059,1512.498115895267,1504.10627433416,1539.119020054593,1487.9469036898865,1445.250164686919,1504.4036913505845,1382.6701380658376,1479.509820351952,1590.9507723841377,1497.0373426875203,1444.1637155061503,1579.5275436627976,1540.9007365003336,1582.678555277368,1488.7961954337409,1424.803809019477,1465.5377666537813,1524.8144219805306,1462.7357931932602,1490.8062475671447,1452.9547423416207,1588.210756201677,1448.75285105018,1556.4660838148716,1434.8393636788683,1454.5634093288102
329,1610.5973456024767,1482.2494463225164,1543.0260683409651,1493.1787560650105,1503.4822008358437,1474.0767506021684,1509.2741837570152,1501.4329185967092,1530.2772863838647,1475.0665115255306,1430.3296139042181,1510.6644925919657,1399.3828113297272,1478.577289179269,1584.645189056768,1494.0648499616727,1452.6042973255821,1575.3418789289417,1538.5067355662393,1586.8902047508993,1491.8703285320685,1425.522471147275,1483.6367229746318,1522.7483121850419,1480.5162533290338,1494.166712163406,1456.1673173694155,1574.4550442765365,1462.3986385252156,1538.5009198652442,1449.9920018346497,1446.356447170097
330,1601.720479320211,1489.13924011589,1563.0054060350303,1488.6758480445915,1495.8379669109065,1471.9854201831447,1516.131117991219,1516.5475532461605,1534.2919922875885,1481.0788765438556,1428.7039836137465,1512.9165636429886,1395.7596755837765,1481.1349009180249,1577.0995322704894,1483.5274498861647,1442.6785582676039,1573.8758854135583,1544.2459935904549,1589.8201501105884,1491.1331191354827,1428.4269786646726,1480.0552211161396,1516.0293391374928,1472.6499356498596,1508.59300934144,1451.935427126573,1586.8632736961065,1461.9337735068464,1531.3707015907798,1434.547056471901,1448.2855705867123
331,1611.2782194212436,1482.1375179253528,1560.5631146274463,1488.6645802376597,1499.8179246889629,1481.352881362703,1512.3350000231972,1498.3494427393332,1523.033533616341,1488.7892016968435,1453.150508610898,1522.891311474183,1391.2408900293187,1475.0338702013166,1572.9503442394503,1504.9438845706466,1444.3511408703243,1568.8550313956848,1537.687389190698,1588.5650383495788,1489.8044661328745,1431.0354691033453,1482.170768417678,1519.0274233175257,1465.6645815589836,1493.036709654793,1449.3425990527487,1580.253090518203,1451.7812700303143,1541.783762808547,1435.8616692021349,1454.2473649316698
332,1608.3450244495382,1484.1917259773907,1572.5634554599046,1489.8893278057744,1508.8873057149628,1468.2171930339857,1512.1366552535155,1497.8065149150386,1531.1398444558772,1490.3228762685146,1434.6286579629586,1517.019696263204,1396.2951921945012,1479.8832656159914,1566.6610264962405,1497.4127010029881,1449.314150297442,1578.3616056229837,1523.2094336536625,1571.2001120172063,1480.6024245933547,1422.332309562262,1471.4475869201422,1525.1996143601493,1473.497222485848,1498.4296152879226,1453.7770900602986,1589.32087432376,1452.407081777613,1549.9175808913017,1445.775911911798,1459.8069233638696
333,1617.6894058385753,1482.1762241190097,1565.654478036764,1481.4753436695635,1504.3670401540337,1462.0608580362823,1529.5822379168994,1506.5525255603413,1528.9995851665542,1478.3611784611946,1432.0841677206906,1516.1243919316212,1396.902661940969,1479.649125746139,1579.4244630695111,1503.855376321615,1442.573413068383,1583.2036838223892,1535.8712434498455,1590.2358960757797,1484.5048286815418,1438.8494941750218,1468.4515693752157,1513.0328676473396,1476.8405193221322,1508.6948372323884,1451.5083865599188,1580.4427089023552,1438.996251774563,1538.7840749232907,1440.8145622279822,1442.2365990720893
334,1609.680036821011,1484.6581355030596,1562.329028430984,1485.4344272642968,1502.7856380688763,1467.61314333348,1517.857557735459,1506.5795276855754,1541.6826316628299,1480.7964862971871,1445.8540143412579,1514.9336565154815,1385.8058484090543,1481.0994914283556,1579.761760541599,1498.4277486085298,1442.8706333966188,1591.7690339512967,1520.3324731740422,1582.6319130153197,1480.5059671273068,1422.254804752243,1481.445084807428,1516.583241357203,1472.6407393828392,1491.9231385919982,1469.1294549244967,1586.9882130014282,1447.023864671547,1535.5526701629155,1446.0416318146788,1447.0080032216008
335,1607.5987000480702,1485.7912954762637,1559.2516881214208,1497.4266719109448,1498.8342318368798,1487.5435048567833,1515.9112285710382,1504.0150934991022,1538.046996014044,1477.4625656502712,1436.1409073922168,1521.4255142078084,1387.2085272967506,1478.2965269084634,1570.498217432658,1508.203992515056,1450.7581405895917,1574.3306794397715,1535.185396454499,1584.5003026857344,1481.3854359883119,1436.9587552620696,1465.1651127022778,1507.1031026587973,1473.9790851213363,1517.7893962374221,1448.7475606910625,1577.321443650326,1444.6964804852207,1553.4959372265482,1430.0588480856213,1444.8686609836377
336,1601.2897660495016,1476.71478480701,1558.0167429499272,1486.067807602047,1501.2536380877739,1473.5594898371785,1514.1111604287253,1519.5228682108416,1520.146730599411,1481.398251861088,1437.514714319182,1513.1161384818806,1398.4322236574321,1475.4373956883512,1584.92020170205,1490.0567780783113,1441.7182202603326,1567.8512735878492,1530.2790391116878,1592.4450770298854,1494.3104735200686,1429.9064043105782,1482.5377014045027,1529.1394531036321,1463.2420376577622,1501.6668989415202,1459.916159384588,1585.4697700561585,1449.7224716560577,1537.5137734339403,1444.5683706136076,1458.1541835671176
337,1591.770885047436,1480.2206103988703,1565.2322415662777,1488.62355946737,1506.5678767678125,1473.0312014698382,1525.8651234795589,1501.336424744444,1533.3225786984297,1495.4797850001337,1423.4115507270228,1519.96325700443,1396.5134442004685,1482.590014166371,1581.6627056542522,1500.0909206700999,1444.135710308012,1571.987248685777,1551.058686821304,1576.4877659663662,1486.0209673761528,1428.853715747981,1470.341259492894,1528.811299203693,1466.4991638059582,1497.8999941310124,1463.7598272412486,1576.138926597496,1452.8460705441537,1528.5814104515687,1441.2117470234468,1449.6840275401203
338,1604.3347089986087,1498.354438640573,1563.3100661142419,1484.8235013554527,1502.506485988643,1469.8807763823309,1510.9812531308105,1512.570602121598,1529.3283236690684,1481.6466015713213,1442.5260475934472,1521.4505155825793,1412.785097302647,1479.9306039984892,1585.3362452325748,1500.9913831004837,1449.2231181178643,1567.3056473295608,1519.943854617175,1581.204411705843,1484.3969286674603,1427.935192078219,1486.8447356537301,1511.8097462330113,1461.6884870210158,1504.7117224703115,1463.8611475219657,1573.5897324533978,1447.2163530913817,1536.5062329192622,1436.2091720950089,1446.7968672419227
339,1600.0011459767866,1471.3081889359507,1572.028271049488,1496.1210602446697,1502.9293898865399,1474.537494578679,1515.3892537723116,1513.1475537955678,1541.5780730727272,1488.9713362595978,1449.9862261849717,1523.6821961901983,1396.0525965758345,1495.193306883425,1585.3354404973452,1502.6707931621636,1437.161801689262,1586.0047734402906,1529.5834064091957,1579.1548648745943,1486.1595162544181,1422.1509370147064,1482.2049097810377,1501.8527833841358,1459.424503138376,1494.5289196452854,1454.6341605877067,1580.9588846073116,1447.3124430147736,1528.9616679086919,1435.0266109486447,1445.9474902353131
340,1600.4698189289827,1488.8491112504867,1550.8324293235823,1500.4555373565672,1501.8429224806277,1454.741563526647,1518.0049582190961,1511.0444043717553,1531.1510689394404,1475.8254568919513,1434.6010876923715,1522.0090465423962,1398.8876965695165,1484.9132874580325,1577.8146417601113,1495.820864025551,1452.7018416989645,1571.964636310166,1534.694439039497,1590.9615411932018,1495.1365415231983,1424.3230260447083,1465.4989735578101,1520.6349779954367,1457.2028049443202,1504.1381320080345,1450.2688567897887,1579.1045146489428,1454.6294753728828,1550.2726335246164,1445.7082412515258,1455.4954687597906
341,1601.5183036682897,1489.7292922760478,1553.9010413649542,1496.0273544972529,1495.0258211932487,1479.6588766271734,1519.825627165007,1511.812731163785,1542.3284105431155,1480.6587976868805,1440.3049530248406,1515.989195679846,1388.1967128622005,1483.4820517608164,1582.2626761698502,1500.1083029105273,1452.134993070513,1575.3664816403525,1530.4455993611755,1578.1454051214212,1484.6314053096044,1434.6849031804413,1488.2764139209985,1510.4874143154584,1469.229576611278,1495.11927491109,1464.5768578891514,1570.2574523929813,1431.2039700640814,1540.8135710036358,1438.7115417471932,1455.084990866788
342,1607.7552675663203,1477.2370920683593,1553.5643854454179,1499.5626852688406,1507.8647698389393,1484.7599370383032,1524.7129208534243,1516.430968374527,1540.0723043442963,1483.9248469051338,1433.853633606741,1518.1993513736952,1400.1609856516166,1468.8352305678764,1567.405302900281,1493.3868995437383,1428.4879325325737,1576.0781013818644,1529.3957148406478,1585.3805918363414,1487.3531273940573,1435.9671732707166,1477.6513625001603,1530.3545866247825,1471.5167683750808,1488.8721562150522,1466.0756361545245,1579.5302354444275,1457.9693348538635,1529.156708131755,1435.8595885769096,1442.6244005197325
343,1607.6201798006184,1496.7513829842824,1562.7253301838891,1491.309389333036,1500.9255623417287,1489.7963803107557,1518.4471713075864,1513.949232176841,1530.0003549253,1486.239258027615,1432.9026455614587,1528.8875712910844,1397.4890071953341,1488.6527703096285,1580.5130286467574,1500.6181209230147,1441.7775082172964,1577.5834494671114,1542.714839355803,1581.0408367663185,1488.6549746765204,1413.6674055174155,1469.9008910970235,1502.8539065274865,1455.0050257687485,1492.6753157877326,1454.4446904685221,1580.8084021126585,1455.5091423542615,1543.1178161449188,1437.2920689532382,1436.1263414660136
344,1607.7831583891948,1489.4926583513152,1559.391589322041,1487.023443310774,1498.9829516542761,1481.5983264410995,1509.865811054349,1517.8785414974489,1530.708949861196,1476.626477044859,1426.4355701888755,1508.623245632209,1410.895104840784,1490.452525498866,1577.2901936614473,1507.9535487641135,1441.2331902604978,1573.3572299392258,1528.967492735584,1585.2178596473248,1496.7516283377488,1429.0792434123314,1467.8758981528122,1509.3934582699992,1481.0952878310623,1492.7605814882288,1466.487161663342,1577.7825101663666,1448.0726573467355,1530.700027156088,1444.4809492718737,1445.7427288079302
345,1603.76925005424,1471.1403091404989,1551.8269422002043,1487.0157377171706,1503.0026991563966,1470.9671225000322,1524.3012426363327,1514.2101182312274,1522.7967114544929,1480.8690802000087,1430.7757196551652,1511.943772570311,1398.9336943694045,1483.5220616668796,1585.2397995645308,1497.6917883266078,1449.3762604890483,1569.2892445277605,1540.9088533878173,1584.4580582511035,1494.3192039269043,1427.688426249019,1478.927764929045,1521.945185240179,1453.60237455144,1515.2807195901341,1461.6718718652626,1577.2741919976017,1456.830848133409,1548.5312845647334,1442.080474052941,1439.8091888000986
346,1590.1700027668267,1486.5860431771464,1552.5771527796148,1489.3699006202075,1509.1495713783645,1483.474423682045,1512.1686877918871,1508.6641817745349,1528.3882321318877,1484.040097261897,1440.8449615739517,1517.295097390608,1409.0602306019784,1494.1290308009143,1590.7262362412473,1500.9743655933626,1444.8810179146726,1586.31455229583,1538.0626539027578,1577.8149702833693,1481.8082159448606,1429.8363525039124,1474.0059357015525,1512.2055952443754,1450.910014166192,1497.9240796343265,1461.0375466533117,1580.595362262476,1449.1020837038745,1534.6857668412308,1434.7727685465527,1448.4248688342304
347,1595.7715152671385,1487.3672644212409,1550.993645589831,1485.4335227479269,1501.2750459697195,1485.5381916469726,1529.5949373822666,1516.428268422132,1539.6544979884595,1484.5710779141052,1432.7618185936528,1511.18984878574,1397.395247044703,1477.8650132137636,1579.441082514903,1492.269024038836,1452.0172732038345,1565.0189904838571,1545.233707244118,1585.5246741255419,1480.7921174385663,1434.921394451856,1467.1240778162557,1524.8778313779687,1472.7621455262636,1499.9843435114974,1453.925392688567,1574.6954753869738,1449.2073139149113,1536.9110830682491,1452.4597751603633,1436.9944030597858
348,1608.6721296221676,1495.1825827107127,1570.682907641592,1495.143224947832,1497.957180416894,1479.7007721754394,1523.4583408879294,1514.7641540126629,1522.5167999825985,1470.0637742385552,1436.0818128495562,1514.9724595039943,1393.8429802723465,1483.956084353288,1570.8068654954445,1499.1103776161983,1439.6146925468286,1560.6572767630348,1530.4264264640196,1589.0180370376843,1488.3415275371783,1424.4695805576885,1472.1782935850626,1513.0848414837646,1477.968211818336,1495.4313015564178,1462.6193214166,1579.791772200133,1447.1968057490972,1548.6859153852054,1445.9311758116517,1447.6723733600859
349,1586.343264020548,1481.3227913100104,1563.368256016292,1494.6452454369953,1502.3996035481828,1479.1695617574098,1508.8576868331234,1512.1214127417625,1527.721068085266,1477.4680367389533,1428.7044900859144,1532.4591147594913,1395.7913925803587,1471.736659367501,1587.870210791968,1492.7102263234676,1450.518577792575,1577.0885873607283,1543.0939731045933,1577.9224310161217,1488.0305176366346,1429.2756312547497,1477.0970531515377,1518.0818397023206,1454.7218782249847,1510.9867750394092,1446.9523577126238,1581.8843561670367,1459.032378727972,1551.2009486729462,1453.4175317438965,1438.0061422946255
350,1605.2451094436549,1475.3175160299215,1564.3707308654184,1500.9588697715812,1495.4173222172521,1467.4041209128472,1528.5273638221918,1514.6448260138745,1532.952671502986,1482.2242206705569,1432.8518717169202,1515.6977812468976,1395.0236904615715,1464.2733388491313,1579.1659143312154,1490.1485333442893,1445.6227455511564,1569.4146272963567,1548.2533157369473,1579.5611043871756,1485.1809672290713,1428.8426264229718,1469.2977748254136,1516.7627223516367,1459.116429445823,1491.9304630228646,1459.3553315744393,1584.8123033989484,1462.8951636540398,1535.5615997127634,1451.188103536464,1467.9808406536179
351,1603.8902822260382,1482.6065283217,1554.3723187716703,1493.6101134283745,1501.39749879955,1487.5392494736118,1496.5596691767034,1514.539852692393,1535.8830805672412,1495.571354791892,1427.4847514606245,1521.0033430251262,1401.142613905345,1479.7028246888895,1587.195534663765,1504.2324457414918,1439.3749712682352,1576.4084509135575,1524.637391230546,1582.6681215792669,1492.2557164719449,1421.8026195307366,1466.7228810193271,1512.5972990324442,1474.5879857806615,1499.2550950797095,1463.2911962386258,1581.0222049570632,1450.7369414514617,1548.5559811063633,1432.4534042249038,1446.8982783807369
352,1598.5959388163005,1482.1532590071065,1553.4610259692392,1500.3010890575968,1499.626349987678,1478.3007771030307,1502.304727623705,1522.454319836968,1533.297447402488,1484.4844233952574,1449.8371479618213,1515.5565640699806,1402.9318842028579,1484.1610557416957,1579.0098742665673,1497.1145542079664,1450.6615192266527,1574.7404174493508,1556.4159210734647,1579.5961041861615,1489.6914044548469,1420.54569419359,1485.0999944248895,1508.2174083678904,1450.7544745131888,1487.2105404705135,1441.3129952207557,1585.813396250905,1462.1428322003956,1536.708423412893,1439.8015493708165,1447.696886533427
353,1608.6873826174249,1477.0137877622417,1570.4617803486933,1493.5321367329607,1502.758887321141,1474.7946924723756,1508.2262848361295,1512.4240383859108,1527.2105907737382,1488.2417830698712,1431.27351842663,1520.3965682218434,1386.091210220575,1482.6291962752641,1578.826427004967,1495.5492202947453,1445.149578389464,1563.7672173327423,1540.0636029712794,1581.5592141212014,1500.5299243875247,1432.8040185099421,1475.8893490694884,1517.0425282269346,1460.626181596877,1506.207018246464,1465.5557756528767,1577.272209278184,1450.5987276560345,1539.4321351137762,1437.5550274287862,1447.8299872539126
354,1599.81275985645,1470.4814026497816,1552.8007999540469,1493.73833100825,1503.9994861161742,1457.4839995326697,1529.0764438027793,1512.994077585291,1522.3497527110133,1479.2945004533033,1431.9402123189498,1528.1519067409984,1386.9607099419468,1468.9057263242973,1585.5844165465685,1494.703643385154,1449.1000681239102,1581.7615558164223,1545.037676618739,1596.9499331066902,1492.476713778994,1421.904378652813,1483.5989900843656,1509.6121737269186,1462.3870484879965,1509.0381914680756,1456.342725317791,1577.6106661360186,1459.2970256378242,1536.6605972859325,1451.0270682003434,1448.9170186294914
355,1604.0811171023997,1478.5502842670405,1559.2500449602771,1493.1724991651372,1501.853803662643,1470.2175544201627,1512.3130099034793,1516.3924265332748,1534.5698488371397,1477.9041986049217,1443.0331296810846,1504.0831522832345,1413.2322546121015,1476.1122804166062,1575.0944516680997,1501.0216275691782,1442.3198748593782,1579.5839907119898,1539.775065155673,1582.1882284635483,1486.3049430430183,1425.032839924559,1476.7803416160978,1507.2430299432215,1461.2902351304872,1501.3688348978396,1463.064783474189,1587.8744713133492,1449.1515648771351,1546.961398506695,1442.8871405579664,1447.291573838072
356,1616.668585301115,1479.4823628592146,1564.557238464576,1502.7803486901387,1495.6657055966905,1461.815615358761,1522.6789303638786,1499.6361978536045,1519.7982945498934,1492.0813060478922,1435.2104277861094,1518.977416699793,1383.7236162262018,1482.9472163988448,1584.8950819275867,1497.2805168924513,1456.1471577661266,1585.437905518911,1519.1511780748883,1587.6819866962403,1483.9534347685358,1427.8749177300076,1475.7218705497148,1524.2422718620983,1470.8178490247014,1495.7906829585575,1449.2228192872403,1578.877696439847,1455.1034104926357,1539.4691048530735,1440.1996217942724,1452.1092311663976
357,1609.298795974854,1475.648777192775,1567.0058450652134,1498.7539618409132,1498.5142688100934,1465.2626752443923,1510.4256379603567,1513.9863776623722,1524.15693141469,1487.801803492878,1439.8998855438374,1521.0986014012078,1397.6702352045008,1476.2010102766785,1587.9193091836762,1486.2157242058738,1448.4416664790492,1573.9248441987672,1540.7455489467914,1583.3788468963737,1489.2709675754777,1433.3607257793526,1471.120526771398,1503.91005739865,1456.8883101543431,1493.9035970305126,1452.8501773454364,1589.700620255486,1449.743984086991,1546.8788288455705,1452.2183878899798,1453.8030698715072
358,1605.8551137412371,1481.090574794427,1562.8086898073889,1503.3378747922545,1509.0475449613461,1460.9429720524265,1515.2900431617772,1501.5870855208968,1534.1025856432718,1489.0216183015232,1435.4955018655785,1512.1336257222608,1398.5510652267253,1499.8417932548,1583.8271164706914,1504.0900295876675,1442.4619179978881,1576.290659542212,1519.4107645617123,1580.92010004463,1490.3356352481223,1419.7440670515837,1469.8722805885714,1514.6001765559301,1466.5611572980756,1500.585258317265,1455.1971794774022,1580.1597585475538,1443.6928444092575,1545.0205655398668,1459.171233714227,1438.953166201429
359,1608.5561293687056,1478.184025995107,1556.2404187833765,1498.053623978157,1495.4368678581172,1461.5937639664412,1516.154792313623,1515.6303744465574,1532.0718458245476,1487.5478442990373,1433.7119029697258,1516.165294563001,1398.4908555514598,1473.4262419720692,1577.6485021224453,1503.8576448021934,1445.7313463214994,1577.2138550086015,1528.7100239584229,1578.9509152676487,1481.344603003449,1434.59535384779,1477.9216164880504,1501.9119149132725,1463.119226100083,1506.033695005785,1473.8269367690032,1573.752054724032,1453.8829368187348,1547.4873819362665,1447.000661903918,1455.747349118879
360,1613.2002657698317,1484.621373760746,1549.253267039428,1492.9291236136166,1508.6786523228805,1468.0949801594356,1528.090965113825,1492.4491682349924,1530.2302315184604,1495.2252218829428,1438.489085443818,1523.069878095978,1391.3851149261013,1489.248489884132,1580.1608460688979,1492.7145979499353,1448.1339342975505,1587.878439339417,1534.5241847634134,1589.387311334125,1488.1870008271649,1429.19874573567,1481.1941294641836,1519.1123273576088,1449.2860751843016,1489.227610853583,1452.151736068677,1572.7781460450628,1459.5855470684796,1543.3121062704497,1437.8318724738026,1440.3695711314892
361,1612.1655196029055,1485.3254882695403,1566.4442013663759,1491.0083950973428,1508.4248073149924,1464.5867179454456,1516.3772694070558,1510.4632507044062,1528.6734462942698,1486.0119711103948,1421.7520348814385,1519.9750018476311,1394.1831847037765,1481.4513898959697,1572.2842178587105,1500.3155715027954,1443.0879272669858,1574.9484828831173,1532.6566627007267,1576.034861288234,1497.8254407330965,1418.4029351625497,1475.6015301175416,1505.48270001372,1468.936181668355,1503.866344368974,1458.5404487796332,1581.0329851668193,1450.3115250073547,1551.7215174705952,1439.8800206258593,1462.2279689433865
362,1613.8386364489736,1483.1853643268703,1554.1150133335154,1483.924925818908,1508.5498184961373,1475.7571333755043,1505.8866095693297,1520.192797819911,1537.2120550147674,1487.2193683361522,1434.6109101112131,1518.5334888628684,1405.3106766710036,1493.85084639529,1595.76301816898,1494.8495962776083,1440.822833931612,1562.4853261632693,1535.6600867380541,1580.0130290739992,1480.0787105561799,1422.9521999252831,1480.6827868703892,1517.4932941442569,1445.8759358912016,1497.5718424565612,1466.831596325609,1588.5013011029655,1454.6199602875652,1530.9941951016767,1437.5297663091023,1445.0868760952417
363,1604.4226236654695,1477.844215301792,1560.6323261078862,1500.631982022888,1501.7196093008065,1481.4723221253519,1515.3119214009446,1513.313981609443,1530.7916687586587,1486.6170721969997,1439.2389814521605,1508.215825489109,1393.0033854423232,1481.5405451568936,1584.5844529386338,1501.5713039773295,1438.0675420908176,1579.1574631361395,1533.1146634454828,1576.3897347173915,1491.2747760166037,1425.2078454458992,1481.5794929347953,1527.2875005546325,1448.7682583969474,1488.414134451196,1473.4707958949418,1582.3934513000431,1448.0191004240287,1539.3198721464846,1445.3419243553778,1441.281227742528
364,1603.2364396494127,1493.573905691352,1553.3420773742941,1487.6837509172017,1496.7941951161051,1467.575081068728,1514.0825506509482,1509.7000548594362,1532.3219273895402,1486.401353813715,1432.7567400484693,1530.4606512565865,1395.600852082821,1487.4489108242817,1581.2421310940342,1497.5796660682001,1446.1608983154822,1563.2600453825999,1544.286005334337,1579.8251137294224,1487.3599194518888,1431.7741563908185,1470.0594282462312,1515.7082049619464,1473.3105102467687,1497.760755984031,1442.7010486411211,1581.4989308760719,1451.8137044891992,1540.8085766144427,1459.0862250007303,1444.786188429783
365,1609.1250058279284,1482.428315841834,1550.9525196218779,1482.1466313117662,1494.5278275978071,1475.9799168223356,1515.7636631784762,1514.0034071577288,1537.098168578013,1478.911434108727,1429.465648244703,1523.1790104288032,1398.2147371293881,1484.732221075548,1587.827051537673,1480.4667876088217,1439.4570025409864,1561.4779495585287,1536.558248018269,1587.2751494845093,1490.8792218043222,1433.9094481634634,1488.3670709982387,1527.3983440960315,1455.6034893786482,1496.8745588857598,1456.7916969114362,1574.9308965043754,1450.932700416327,1543.0266618224646,1453.5134092205046,1458.1818061247034
366,1598.7091165265783,1472.973743836902,1558.6786442986254,1497.1159975460546,1501.587753656972,1487.5306826131005,1516.725110891174,1512.606083175339,1528.0343299178192,1488.7276795054295,1428.3703321810347,1519.9837189962855,1394.974395350188,1478.754142882306,1578.820582384791,1497.1770191556664,1442.9899803180276,1592.1362244456243,1545.815528246962,1575.8870754062839,1487.074298220626,1428.9443298168494,1464.9113451140074,1516.2109974549721,1472.10510507243,1503.0612423913255,1460.0346513112097,1565.8314653436555,1450.9991374510296,1533.3013951590956,1452.1006916558222,1447.8271996738135
367,1606.9805373574807,1479.0964290660745,1564.870925494216,1494.5386423762382,1499.0142306641997,1472.0209812110027,1516.643922591605,1516.735721315936,1529.6651705507904,1484.5802474259997,1437.550731276766,1514.7311502832124,1391.9135744447985,1479.1193206495554,1561.877993699041,1505.8055895976763,1440.648884507985,1581.455239799157,1553.2867225766504,1585.9834404290116,1490.5739844983739,1420.721100355993,1472.4252601479986,1517.283899015207,1464.4866183660704,1512.8185275657177,1451.8872602561767,1579.3409300177314,1446.3278729862648,1543.469181236698,1436.021994548667,1448.1239156877052
368,1600.4815158599047,1479.266471307537,1547.6813055384657,1491.0397744315949,1514.0874657832283,1461.6175453171998,1520.044492985045,1524.8060463157537,1533.6863862797456,1477.2813269965477,1433.0750634014832,1523.5100936734634,1389.3094326946634,1497.5939714504498,1588.29109463889,1499.1656235773094,1455.7214847938562,1578.3080795618578,1538.3137442304533,1579.5954099969445,1491.3333979658607,1419.145542398726,1481.9303354906033,1513.5609926983582,1459.5469669042639,1492.937689421826,1461.7075600765795,1587.936201267569,1434.1877611170814,1536.1687436541754,1436.8570135963496,1451.8114665742137
369,1606.1373247223742,1490.322734427669,1573.6473912707409,1496.725917362283,1508.4752380504299,1474.534034677379,1514.7537586921526,1507.499803534805,1542.1689210045627,1476.761603058789,1435.2930619928047,1513.2405108598261,1380.509671786605,1482.972979133938,1580.1635853434987,1495.7399339979065,1442.912183377195,1556.6299163218416,1531.1885909692155,1580.2216095816475,1487.6029873739826,1419.9435224225363,1468.1997089721856,1511.2693377236628,1466.4249744429092,1497.426363508738,1461.0974070894522,1590.5955160939238,1453.9088503439675,1535.7230876545186,1451.342517066232,1466.5669571422275
370,1601.3083987412574,1475.3892096136397,1544.16580676363,1490.9135373430886,1501.725854995464,1475.8094236841634,1521.386637298237,1516.7328026383477,1527.4742988301623,1477.8114241757808,1425.494571838552,1514.8205496435776,1402.7149493883371,1494.8071423586387,1575.4439499399925,1513.5695548352194,1444.68374675685,1586.4838906956015,1532.2441252259148,1595.997693955971,1488.6275758339787,1434.3402748680653,1472.9165427243356,1502.7185603515863,1453.7456201999019,1509.4043274105031,1453.0194625676163,1578.8063626731669,1450.3764651483345,1535.4631506504106,1444.171075928569,1457.433012921106
371,1604.0321994279307,1486.525942858421,1549.6063736745198,1501.1503120199852,1507.8707260520782,1460.4457711270522,1529.382061613687,1520.9731967869182,1530.8611267213748,1482.7455611453938,1435.211829025786,1529.8087630322307,1396.831738099541,1488.8232908669124,1577.6406433881953,1503.0006058584675,1445.3461132028065,1565.4062521138894,1533.7867283215653,1584.7120897004813,1494.0568626498543,1427.4922139246432,1474.7860420226589,1513.791064092609,1464.1028711924662,1487.3149008287908,1462.6747495857412,1574.0469434174763,1445.2619269124796,1542.7142153134594,1435.0035810327934,1444.5933039897907
372,1598.7264386875886,1477.118553123518,1574.2811857318975,1493.7386091301564,1500.7774427195895,1474.3732046048356,1516.2587301946153,1502.8537386687187,1532.838057848545,1485.758322637207,1425.5092926698026,1524.8824105856097,1396.702709260075,1486.9823895697689,1596.329095139312,1516.0699832111652,1447.6862630991186,1576.2000154034617,1530.429179204264,1584.4109650790704,1494.9936004596864,1416.3324951588402,1474.98881726875,1515.288377653409,1464.269079349487,1497.1553998082882,1450.1312850486565,1584.0220265395208,1457.5683680542475,1526.8321761822433,1437.3169900420442,1439.1747978665073
373,1609.8516575754247,1468.7552229515047,1548.7647289391375,1495.5224836166035,1499.032259304849,1469.0551340476788,1516.678581701951,1507.9588647111302,1542.1336325595848,1478.1384630406328,1437.041601586831,1513.8739035428625,1406.3691361741048,1470.8371492859949,1584.7355851968175,1494.8683095347108,1444.7757375382973,1572.9172482895945,1521.3078581447705,1593.913526288137,1496.4112635810302,1425.8100753302701,1476.6135908111657,1511.7040551285038,1463.0575382313823,1510.7880270880387,1466.3361285771848,1587.6911267936773,1455.0769472436657,1535.734178498546,1442.1444283218364,1452.1015563640806
374,1619.641504974554,1476.6387812666517,1566.1274783032814,1500.4906171132839,1503.0190743749365,1466.2871950868487,1518.3024039924967,1504.9662568169888,1526.6984468244468,1485.3215894842474,1426.8681296978802,1508.3045813249819,1393.7261729818924,1483.1450072377927,1567.0942777475145,1501.160312750036,1441.413497621076,1565.4213258376183,1535.9142123425463,1580.9827030024546,1483.6096203802601,1431.7896975153456,1473.9275311986646,1516.5471354314336,1493.2392942853726,1508.5170881808372,1463.022308677304,1571.762261113483,1442.8462484899233,1544.1179420137855,1457.5652757970115,1441.53202813505
375,1608.0565989300019,1472.7934414765625,1563.709156186999,1496.4159279589928,1496.7982057021868,1482.937547546685,1529.8392601707728,1501.015162926888,1535.1153994522458,1487.288398822414,1425.6120376178774,1527.66654044394,1391.463769666359,1478.4747290723094,1576.27296596213,1499.1520757821838,1442.4471438752025,1578.0403269642559,1539.9190797378906,1589.6282352828061,1488.5821506232041,1424.9359004266457,1480.061721970828,1499.4831432065562,1469.2946119104374,1507.9227232776614,1447.2692036696717,1577.61460570331,1451.1222267503476,1548.804866375982,1437.3827780134532,1444.8800644931996
376,1605.7543893559161,1468.476961708909,1552.0355374690012,1499.34037143879,1492.5751399718813,1471.9076317511406,1514.457897634527,1503.9465902410584,1531.3611014224732,1478.2509999124711,1448.7269431037678,1509.0782484425893,1395.0209938811793,1480.1241858113221,1582.4159131578544,1498.5910216741747,1445.7775405647428,1583.0575202147018,1539.4435964067527,1581.9914070965795,1486.0655735467492,1425.1047301497758,1485.8463717776776,1526.8134531569265,1471.6825611260226,1504.7141181594554,1456.679458951253,1585.1715425435996,1447.4278051213291,1533.7562767770628,1435.9512804801307,1458.4528369501854
377,1592.7728483479175,1479.7811504162548,1548.846092945777,1506.9078323232607,1493.0569368433275,1474.0842154051695,1516.766767717581,1519.1088249499103,1524.5128987878393,1489.081018802952,1436.2634221890007,1514.4886365302107,1398.8523702862537,1485.4492541404984,1584.8118605916347,1493.2959065068537,1449.6176089435257,1568.1461765227461,1546.6321019977415,1583.0037659704658,1491.2864386382425,1431.0113635251778,1460.7219639060886,1518.3398677654247,1460.242565220275,1509.0602215014155,1458.9986223703552,1579.3509151788855,1449.645083593138,1542.9734518485648,1442.8854382368863,1450.004377996625
378,1608.6932078798038,1473.88931288877,1559.0033090949837,1500.7033224923223,1507.3705599558245,1479.7712790542855,1513.4046656700646,1513.8348217149337,1531.5251547262867,1489.3057278160882,1439.0377901901923,1515.5364656593129,1400.8596470084944,1480.7750680041381,1568.1006959371957,1491.514653982833,1451.065841422794,1571.879623540124,1533.465597463994,1585.5816346987747,1490.4549694380069,1423.4861002196055,1469.1694389882093,1517.8765596657022,1471.859377271651,1503.8555502901725,1460.0441633615847,1581.6929383394618,1449.5813275384498,1531.7658820141291,1435.5910314875546,1449.3042821842569
379,1602.0239119832643,1467.6646504250934,1556.2036407894605,1505.8778283631807,1504.4982403278846,1470.9887169357473,1527.3101152408608,1506.779599890381,1533.1173631094432,1479.043232566713,1439.243471752613,1512.1617183570804,1396.1865300200361,1485.5660229569817,1559.3774408587296,1503.3051899092504,1445.3166682513447,1577.3235642179154,1538.957782304761,1584.2994010219916,1484.9338695427084,1437.6677636398697,1478.9673837404534,1514.650354101992,1466.9813649424896,1503.6091801821449,1462.4474669808124,1573.1844157682838,1450.4697161796414,1539.0381899533331,1438.6268591427379,1454.1783465428014
380,1613.2335640430351,1477.2620761205203,1556.9375506269378,1502.7827438939564,1498.9637789240523,1458.8182127940036,1513.5267336486725,1509.6927040451337,1540.1649212912857,1474.7916492403583,1448.4236953308534,1519.018543230449,1398.2410227585674,1470.4683309506463,1581.943666050514,1504.2538855954883,1448.215001170125,1565.5390864088367,1538.2651384506985,1586.7771569691133,1485.910640873646,1422.677701297504,1480.4162006267102,1508.0016636855055,1462.2430728070253,1498.0679673552347,1455.6609208527484,1583.0820680494312,1465.2068006995205,1543.4550409403985,1434.1498610693714,1453.8086001996567
381,1597.5491550074833,1467.3685838035315,1559.5448046767629,1498.5516753505103,1507.0831824197135,1466.7450895763388,1516.3839203862333,1512.5314504206037,1526.2467915289635,1482.3601705829078,1438.9672563396734,1510.2924882243788,1400.7425792038857,1495.8564766135476,1582.1944018737872,1497.550053552143,1430.8941148688643,1577.4394740864016,1545.5019041619676,1597.9849617987124,1482.6145633731992,1417.9014315495479,1481.8102718188363,1502.1641988370936,1460.2402027982666,1510.9069338886857,1475.1161024525254,1586.8461654936402,1442.9912924841092,1537.0407516031355,1441.2924863712094,1449.2870648533412
382,1613.4624946118252,1480.909296979017,1573.046640567295,1500.4306631451943,1503.4709453947935,1467.7728745094184,1509.0183176651353,1507.3143738392491,1520.6780527581757,1488.064271825856,1430.7548420822343,1515.5022019858916,1391.68043385404,1475.011315162588,1577.880232870248,1512.3646579237293,1441.2070058450095,1575.4423334506173,1535.7946808536606,1581.6692967364484,1491.0714463691893,1429.034274088453,1480.4189847554906,1501.9893103224629,1480.2876664975588,1492.6164495291323,1459.500352761492,1575.0684492990822,1443.9980887163942,1543.0543957382479,1448.527272193417,1452.9583776686532
383,1594.0615380943088,1480.4798135209362,1561.911213112211,1500.228046461267,1506.2027056147308,1486.751212034895,1509.0616635943961,1508.873129290669,1535.1309468389618,1487.3266077915732,1431.3984689816048,1521.1303819917068,1395.615957807925,1472.5718934776403,1583.5477268321454,1502.2743613817274,1446.8316198402176,1567.5807826572388,1540.1734050636885,1585.3015498657712,1481.8643582331815,1432.529788394393,1480.1455135620188,1516.6430546867905,1466.2213060139527,1494.3213937885016,1451.235383165032,1579.0701139723703,1450.3869964180997,1533.401310047336,1436.5151206597154,1461.2126368049933
384,1599.2923090077456,1474.1954276866147,1542.1512884641138,1494.0075159596806,1505.5104162657535,1481.4260728042557,1531.3511777004564,1503.9757609320366,1533.8288951538698,1488.2868457383634,1441.236740030392,1523.3563459135323,1393.2046119782885,1492.7039755338722,1572.910871696157,1497.1032112321247,1449.6821946014252,1569.0390999280978,1531.938768819702,1586.8467329858324,1487.2035260882947,1418.453105891388,1480.6715962768653,1519.5845670029805,1470.7833091898476,1494.057232478777,1464.6697369203368,1580.0412818991772,1444.879007623855,1543.2582848890966,1441.6120324952142,1442.7380568118526
385,1605.1734062859719,1475.8616466358599,1540.6784873074341,1499.8294038609863,1501.2169623996133,1480.8742825215093,1511.856277610929,1514.9992136560074,1534.7649687692385,1502.0453438334905,1436.5902395113635,1511.7558044871387,1403.257786864684,1476.0302904103414,1575.1849748988955,1483.3436789808607,1456.8888712969338,1567.887791432378,1540.4766054710149,1578.09537102015,1492.6572406057699,1424.889850143559,1467.2285754861907,1508.1541474346802,1466.3715408199623,1502.4692038180929,1460.6257138392334,1583.1985485471953,1458.4508649231004,1546.5021940096105,1445.505116540973,1447.1355965768319
386,1601.1050030974782,1476.4705452478179,1555.8492398041878,1499.2381230797048,1507.1986468031405,1469.709395760284,1519.9178942184383,1507.9065024573388,1534.040957650691,1487.9446909969972,1432.454533816436,1516.7484330458697,1396.0626798128717,1479.7708929129367,1571.4440430757381,1491.1424565717514,1451.642451200012,1575.105911320202,1534.4814902727087,1581.7529680058276,1478.887462474311,1425.2634847662443,1471.61889116947,1519.7157719789295,1474.5865543670288,1503.4211164509172,1452.9572944267088,1584.0450815084648,1457.6890981571082,1536.7936353279636,1447.1863648505844,1457.8483853718367
387,1609.0538477804507,1469.6162511208547,1559.2224881533928,1494.9813295664856,1505.9080230934494,1474.381098091835,1519.2660335837818,1509.0887623543142,1539.7422423581015,1474.5914754844946,1421.512629203761,1511.1240996018157,1393.5621595184543,1490.0637213533907,1585.7304372394037,1510.7497519999436,1446.2884382232655,1583.687500983127,1529.6689412479561,1583.8400444373888,1490.9863945410848,1435.8551462900382,1477.4143964736445,1513.0319342774135,1446.7971756655054,1504.811875129166,1459.689169475833,1589.0485296200911,1443.6731101240018,1536.8564829018928,1448.4850957448773,1441.2714143607845
388,1600.6039764475665,1489.419045616756,1574.4119340910229,1503.630515015472,1499.249641323669,1486.4460953911616,1518.2025343982996,1511.0759713926268,1529.549984213569,1481.4416957809394,1431.8073689476378,1509.8919307931571,1397.5724207012033,1486.6283586195846,1573.9873959378544,1506.1408161202266,1435.9855383970842,1579.346322078311,1545.0020572817384,1586.574774135308,1495.1928692623953,1426.6404870721392,1479.269821074844,1510.5640969381986,1454.757011797892,1485.6998183944027,1460.3147760800796,1571.2911904122222,1442.0699186861566,1537.46700792408,1441.5781908722454,1448.1864348021563
389,1606.0806950790911,1486.5545617819846,1563.2495008190176,1496.347598700905,1509.3224202521872,1483.8642302930905,1515.6171898739472,1518.3616727537108,1540.7252112702204,1490.700681097214,1440.010316840769,1516.5443130125948,1410.010659078323,1475.1961837255035,1579.4905129935426,1499.6819681782665,1444.001100129493,1571.8588350098794,1526.905606176107,1587.7734306771138,1491.4368606446503,1421.0694572174775,1468.8978718880273,1498.1247394254735,1469.347764114578,1486.0195715344996,1461.2729709039472,1573.063563365517,1446.4630609950289,1535.2568445841725,1438.560298641518,1448.1903089421492
390,1609.0710961524064,1474.6518924633915,1548.8281969646976,1495.486522951773,1502.6378302218027,1467.2712368386663,1515.6785593617074,1505.134566822068,1522.437813176589,1489.5634113001076,1434.3448348907023,1518.925113128466,1396.557549184441,1484.5786085708974,1584.9523402132497,1497.6420027792208,1451.2521254821336,1571.5293245262976,1528.4387419767345,1587.4823349531327,1498.1289327261093,1418.7432546828868,1470.4391881728416,1510.163249742055,1464.977170151141,1514.4140869618598,1467.63116159725,1578.5385643815255,1459.9056586591275,1550.9681408706779,1425.3921140544373,1454.2343760416036
391,1611.174148092611,1472.4037193434854,1566.2555027890028,1503.6987887341757,1507.5963167061038,1461.4590600839126,1517.581602510019,1517.4125430758543,1535.6261818806893,1481.0427702029215,1439.9118282143884,1519.151347619248,1408.8649790518286,1490.7491011898612,1584.337853548569,1491.5604371796449,1440.5068925563555,1573.7280712294469,1532.9621480593391,1585.3346795820382,1487.2326401031396,1424.3595962766012,1477.9837991923305,1501.9438481948807,1459.293429017113,1497.9604711874815,1455.858288509108,1588.8564470734214,1455.1187286356053,1528.4682627134005,1436.7081514433905,1444.8583660040326
392,1618.2301141314792,1462.8476175476508,1561.2042868975736,1491.9623743815298,1504.1734085911376,1473.315877937686,1533.699235080696,1510.514450487314,1520.7271538449784,1493.6814756945732,1429.5828711776794,1517.1962580115194,1389.2609286321988,1483.8724561464724,1598.508675217561,1496.3263493328673,1455.3020233950617,1574.3516772352455,1529.8704969070534,1580.9372138689039,1484.4901685924497,1427.6452840495947,1472.9355559071764,1512.2270869246702,1466.7164217202342,1504.2330123530755,1452.1536044751967,1571.2676807336045,1446.3394077672779,1544.1386866532305,1431.688343692856,1460.5998026114528
393,1613.1346755659479,1470.7611331044986,1559.179452391187,1502.841416998056,1499.1279142700657,1462.030112171861,1532.8775469908373,1505.4218398583075,1543.706646477121,1480.7645366624236,1442.966879349279,1525.011948520517,1386.3880911571323,1484.2383694607845,1574.3034380230285,1496.1042591157182,1447.779468276162,1568.274592275199,1534.8480196903845,1591.5914406373308,1488.114527136187,1427.7634706103831,1479.8765253054398,1512.804586852578,1454.784069276215,1509.7489129908909,1459.5651972987891,1579.3168257108193,1445.2744251599622,1532.1221229394032,1442.8551670552404,1446.4223886682503
394,1608.920663112412,1484.6698270262289,1558.9196954331146,1502.4627626616962,1505.9169347911377,1464.0907988256538,1527.453504467006,1510.3075537856807,1531.984056212398,1493.727224515939,1424.743019439511,1522.680553156496,1399.8369684923225,1475.6058504860207,1570.6591005745634,1500.709427628972,1443.8732886321852,1563.5065250970094,1545.4480752269542,1573.4534021230347,1486.6963347149456,1423.5230688626154,1469.8970004097466,1521.017609394814,1475.7410608181979,1485.8474018873342,1457.242020702774,1569.0355409811596,1453.0272881430951,1552.1722646028186,1452.6463495064907,1444.1848282876722
395,1613.8208962445194,1489.8788414879657,1574.0096297337502,1488.4971656106943,1502.5024770244222,1461.1827762420603,1502.9131765747254,1517.8568358410796,1528.4858208737871,1496.780443042744,1433.6885711837797,1519.7646559664463,1407.3695208049141,1479.357428860684,1577.282044794314,1499.3305042436164,1440.6652680812385,1575.6356159742381,1542.2536560032415,1587.0421393279012,1484.2034261500953,1415.495535923818,1472.3300146254574,1501.3185360085754,1464.310519632909,1505.0149108669307,1457.8795591408557,1566.7996032195458,1460.7189350286765,1542.4724861724253,1439.5329292359845,1451.606076078604
396,1595.3875590689283,1489.587529089522,1554.5761811077505,1488.3557212154378,1506.6018856421924,1465.1875222871045,1537.6698316474851,1522.2178106695148,1526.8042862075108,1485.517506133177,1439.7683809405216,1514.9952865818743,1389.890679078542,1476.1978370170661,1580.6225733555918,1512.3602274721936,1455.0731233512493,1576.3729420473776,1548.5818037808904,1575.4439666053177,1487.564236345741,1428.8009513369243,1466.5226881096464,1511.6536637225408,1468.0861486233848,1491.3543939849933,1461.2899168428974,1579.1704782237985,1443.3158212780536,1538.636030730053,1443.4195616909417,1438.9734558117773
397,1605.218588761337,1492.7435850351428,1571.639803839581,1495.6700171721095,1503.8376268015459,1470.6952382782392,1508.3535871758377,1516.5908217764365,1529.7943106051066,1491.023046162872,1452.315590974832,1517.6797459113207,1386.3774800079684,1483.4275253555647,1573.4357611209514,1508.5137841483565,1438.8449857311036,1577.8661268472963,1525.7316701475168,1570.5686252886608,1489.080957615908,1432.5237571151033,1472.0040043576587,1516.7984998764582,1463.4590877408712,1502.9866249272116,1461.2163143728574,1579.3187609203394,1444.5666268706777,1538.2265832408045,1436.3489011845434,1443.1419606357874
398,1609.0794235595088,1465.7326881175418,1559.004212213607,1492.7883958015182,1506.8746158887675,1470.8289433554176,1527.7268925524793,1514.6717889211686,1527.8776903343137,1479.468801199126,1432.16797292831,1513.073891723646,1397.8652341993736,1496.2927483410617,1581.3340633487412,1496.6808132351302,1443.2163760026776,1571.798150146941,1542.6835010552415,1583.3032439911535,1489.3991976272089,1424.95457266719,1477.6327939422886,1519.4565980210316,1458.6898129996907,1503.0023720633938,1466.2358307645238,1574.6551651411132,1448.1390584838819,1536.2030401330562,1446.824306876252,1442.3378043646446
399,1602.4168498251436,1479.9707298997505,1548.2086627839976,1497.1718660113459,1500.7051630183503,1480.4070070815305,1522.7976339984832,1498.822526095762,1530.8799306664694,1481.5337575035967,1447.7137893513184,1513.8826672352527,1394.1657100693112,1472.8722578161955,1593.138425671365,1491.3267435708203,1448.5621040420826,1568.1635740945035,1531.6206635059953,1586.563530545773,1484.7733301000762,1427.2496464714081,1475.615414548086,1521.81878249617,1454.897118567416,1500.5792873913178,1463.4338787764084,1583.6154921822995,1453.2532049532529,1547.723331832326,1443.2519924375379,1452.864927456654
400,1608.94055981867,1493.4713495250594,1548.967530572322,1493.4747408930211,1503.3166212656688,1472.0264439344564,1518.1411894053626,1502.6842724800902,1526.8221739768014,1469.4492770433549,1441.2587818069883,1508.523572365954,1387.8648478883288,1481.192370953587,1588.3381834003426,1497.7062381004373,1446.420463629713,1577.9742611577356,1543.1131071732386,1588.5652844497504,1490.7845392108634,1418.4074152369021,1477.5401509168066,1521.200441277285,1464.207090288164,1497.045086489801,1467.705313185142,1582.4132794449622,1457.7764297194433,1543.1191527339959,1434.702424436907,1446.8474072188455
